,AAPL,MSFT,GOOGL,AMZN,META,NVDA,TSLA,AVGO,ORCL,ADBE,CRM,CSCO,ACN,INTC,AMD,QCOM,TXN,IBM,NOW,INTU,AMAT,MU,ADI,LRCX,NFLX,DIS,CMCSA,T,VZ,TMUS,JPM,BAC,WFC,GS,MS,C,BLK,SCHW,AXP,SPGI,BX,V,MA,PYPL,UNH,JNJ,LLY,PFE,MRK,ABBV,TMO,ABT,DHR,BMY,AMGN,MDT,CVS,GILD,WMT,PG,KO,PEP,COST,MCD,NKE,SBUX,HD,LOW,TGT,BKNG,MDLZ,CL,EL,XOM,CVX,COP,SLB,CAT,BA,GE,HON,UPS,RTX,LMT,DE,MMM,UNP,LIN,FCX,NEE,DUK,BRK-B,F,GM,UBER,ABNB,SHOP,SQ,PLTR,SNOW,COIN
2024-07-16,188.68,201.11,182.64,358.27,380.33,287.03,102.73,465.71,306.8,383.95,316.47,137.31,140.65,114.24,372.27,129.91,486.97,367.15,454.68,303.12,465.64,329.42,292.74,311.81,143.85,148.4,166.87,132.95,127.88,351.21,321.13,254.29,272.73,153.08,306.63,509.98,120.63,173.81,106.94,484.23,362.86,367.13,477.53,224.24,408.91,345.47,47.11,277.32,44.21,334.06,489.99,75.44,194.65,285.96,347.68,112.77,97.34,476.03,313.86,116.84,327.45,210.74,283.47,419.72,385.86,325.68,178.26,308.93,108.37,188.58,218.49,93.49,209.59,379.91,222.26,398.91,64.93,194.55,494.52,171.61,262.27,54.12,428.3,448.7,328.43,98.48,196.2,456.8,136.91,155.31,198.15,206.4,235.33,222.06,300.57,190.84,436.73,348.13,128.35,355.3,242.07
2024-07-17,189.04,195.95,187.11,361.78,378.63,281.29,103.22,466.73,301.38,376.95,312.51,134.88,138.54,119.06,365.42,134.5,484.98,367.28,457.38,303.22,460.86,325.19,306.12,312.3,144.78,147.01,164.58,135.99,133.45,351.16,312.87,260.51,266.47,156.94,307.03,491.97,119.34,169.52,109.23,488.21,371.37,346.26,479.53,225.19,392.19,342.56,46.86,276.33,43.54,333.43,491.59,77.4,187.11,289.65,346.73,112.2,96.68,484.0,314.81,119.69,334.69,216.71,281.25,428.71,391.06,327.71,176.62,306.55,106.42,184.13,212.9,94.93,213.18,377.34,219.96,398.42,64.95,190.82,468.07,172.11,263.45,54.43,436.82,440.13,335.91,96.62,196.74,447.77,137.12,157.59,199.93,206.31,240.21,228.08,297.3,189.04,438.09,336.58,130.24,367.24,252.45
2024-07-18,190.95,195.72,197.11,356.55,388.45,298.93,103.44,478.66,290.45,387.1,314.06,132.56,136.18,117.72,369.02,133.6,503.22,372.99,456.21,305.04,461.9,320.11,325.54,322.05,146.77,139.84,165.15,136.47,132.77,352.38,307.0,260.11,261.4,156.4,318.73,507.12,121.97,169.07,108.62,493.6,376.28,332.62,484.44,224.58,372.25,330.58,45.72,274.48,44.23,337.6,484.22,77.14,187.59,287.22,352.88,113.66,96.46,477.11,325.46,120.1,331.34,214.17,273.3,435.63,376.31,324.37,177.84,308.56,106.98,185.13,216.01,97.43,218.16,381.37,223.69,409.45,64.27,189.89,451.7,170.24,266.2,55.71,441.09,433.42,356.68,95.12,198.73,437.14,137.49,158.03,203.27,205.32,248.07,231.14,298.63,191.69,425.32,345.14,127.94,378.5,251.16
2024-07-19,188.96,203.22,197.28,370.97,383.15,299.99,102.09,513.76,295.33,381.31,309.92,130.1,136.94,117.0,377.47,132.62,497.18,382.9,449.99,297.04,466.79,321.67,305.9,313.28,144.03,143.9,166.76,135.11,129.6,376.04,297.82,259.88,266.91,153.81,328.95,513.22,121.26,169.04,110.93,509.73,380.06,328.23,492.85,222.63,372.26,340.67,45.67,271.34,46.22,335.09,499.81,80.1,189.91,281.9,351.0,110.71,98.02,466.13,325.79,120.09,327.24,207.33,281.95,440.02,374.54,319.67,173.0,313.18,109.07,187.33,213.21,99.27,223.89,375.71,224.44,422.43,63.67,189.34,449.83,167.54,260.13,56.07,437.9,436.19,352.29,96.66,209.37,430.25,136.79,162.06,202.29,208.17,248.1,227.74,293.6,190.89,426.44,339.95,125.84,392.28,257.82
2024-07-22,187.49,203.51,196.54,380.48,381.61,303.52,99.94,513.48,301.96,384.59,305.71,128.04,134.33,115.41,381.33,130.02,490.89,365.72,467.03,291.35,463.87,326.81,303.56,321.06,144.83,142.07,168.49,136.06,129.66,381.92,290.12,255.29,264.01,156.44,329.55,489.82,122.21,174.29,108.4,505.47,387.45,329.59,484.96,223.06,369.42,339.89,44.44,264.04,45.6,345.96,483.47,79.68,185.67,291.64,354.45,109.39,100.94,461.57,326.46,120.21,317.01,202.39,282.77,437.33,370.2,317.12,168.83,317.03,109.87,184.0,209.96,96.76,224.09,381.84,220.31,420.36,63.7,182.74,447.21,162.76,271.43,57.46,444.41,438.48,332.24,98.14,215.66,442.51,139.02,162.42,203.02,209.6,258.22,226.98,297.85,192.33,420.51,340.34,124.88,403.22,261.23
2024-07-23,185.49,200.43,203.49,390.18,367.69,308.44,99.98,504.7,304.69,398.98,310.59,127.54,137.23,124.47,391.46,128.55,497.45,360.99,460.74,286.69,467.31,326.71,298.03,314.6,144.28,141.44,168.49,134.78,130.82,393.83,275.97,258.83,258.77,157.03,327.55,461.92,121.39,177.4,112.0,506.98,389.82,332.43,475.46,222.47,374.38,348.14,45.08,267.68,46.4,338.43,486.0,78.37,190.31,294.66,355.37,109.57,101.37,464.96,326.12,117.67,313.84,205.27,277.37,443.82,357.46,315.67,173.43,313.52,109.61,183.2,212.98,93.2,220.25,389.77,218.53,431.66,63.16,182.84,466.57,162.93,271.48,57.73,448.41,436.47,353.43,99.11,215.51,436.31,137.47,162.45,201.98,210.0,255.92,222.76,303.02,192.43,425.19,347.26,125.14,403.96,248.18
2024-07-24,183.5,205.21,209.88,389.84,366.3,298.39,100.82,509.72,300.67,396.47,306.85,125.7,136.34,122.54,384.56,129.84,511.2,358.22,446.94,280.96,462.0,340.89,289.36,324.44,146.07,138.86,166.49,134.78,130.0,393.75,268.09,263.85,252.43,155.63,327.67,454.97,122.08,183.72,119.19,501.95,387.98,325.44,485.37,219.41,365.36,340.73,45.11,263.87,46.37,341.73,482.86,76.9,196.45,294.43,362.4,115.82,101.09,469.64,329.86,117.36,320.89,216.84,281.47,457.2,366.3,310.06,170.72,313.53,109.32,183.6,209.73,93.52,227.33,389.28,218.55,421.83,62.88,182.63,449.14,164.46,262.94,59.14,462.41,433.79,375.32,98.22,216.27,431.21,134.99,160.83,203.77,207.88,257.08,226.61,305.12,195.96,430.3,331.15,121.41,391.7,239.54
2024-07-25,182.51,205.91,201.1,393.49,357.65,299.15,101.19,510.41,293.27,389.04,302.83,125.34,135.13,127.4,388.28,128.38,501.2,360.76,432.98,278.8,451.08,344.53,301.06,334.28,149.87,134.8,168.73,136.53,125.25,412.48,272.52,269.7,256.23,156.58,323.68,444.9,119.94,187.22,119.01,502.13,371.66,324.66,481.46,217.15,364.24,345.57,46.67,259.02,47.52,341.7,497.16,75.44,196.76,300.15,364.51,117.36,102.54,469.55,330.18,117.31,326.01,219.8,277.21,450.37,354.49,307.46,172.47,317.52,110.43,190.88,210.41,90.77,226.03,390.96,224.46,409.22,61.87,184.53,451.63,162.1,260.49,57.84,471.22,436.43,359.53,100.17,218.5,439.88,137.66,157.27,204.03,209.39,252.6,229.36,297.07,195.57,441.49,335.56,120.16,386.28,249.78
2024-07-26,182.46,204.63,204.59,386.09,355.96,304.11,101.56,517.15,295.17,392.56,306.7,126.79,136.0,123.03,391.2,128.61,474.11,367.05,451.33,275.04,459.6,343.05,304.64,345.34,152.83,130.1,168.09,137.56,123.91,401.22,262.91,267.16,254.86,153.49,328.65,437.74,119.31,181.89,120.09,499.29,382.12,325.67,484.89,223.26,361.21,340.42,45.23,262.28,47.56,353.31,479.03,78.82,202.7,300.95,361.95,122.45,101.43,478.96,337.62,118.33,312.82,217.61,277.97,460.16,365.79,301.71,172.04,316.92,110.1,199.55,209.3,89.01,225.17,385.35,231.37,425.96,61.83,186.93,451.15,162.99,268.04,56.5,470.71,433.42,361.93,100.24,214.9,440.73,136.39,159.08,203.68,208.74,250.83,229.43,291.16,195.36,438.11,337.93,119.67,384.87,251.69
2024-07-29,178.58,202.65,206.08,407.22,349.48,302.17,99.38,515.3,301.08,382.32,311.47,123.88,135.78,124.07,398.81,129.74,470.78,365.91,437.13,275.43,465.94,330.54,305.25,332.79,152.66,125.84,167.81,138.15,120.39,392.98,257.7,263.97,254.09,156.66,333.15,430.46,119.43,180.96,119.79,493.06,378.41,320.89,496.06,224.82,362.67,332.42,45.86,265.04,46.71,362.33,494.16,78.74,203.51,307.79,361.07,120.13,102.19,480.01,339.98,118.47,319.69,215.06,277.44,454.18,368.15,305.33,170.61,313.46,110.22,194.11,209.8,92.17,223.16,387.92,235.29,433.47,62.35,189.12,462.42,166.23,265.4,58.22,472.13,437.9,356.43,103.0,222.94,435.82,136.55,157.15,203.91,204.06,247.08,227.54,290.92,194.81,444.09,339.91,120.36,388.37,257.69
2024-07-30,178.55,198.06,210.13,406.96,353.52,308.95,98.33,501.22,295.74,368.2,308.05,123.12,135.12,125.56,396.58,127.9,460.61,367.92,438.39,274.1,464.46,340.62,289.72,330.87,155.66,123.13,170.51,136.97,121.21,389.1,253.47,268.29,248.39,151.98,324.75,423.47,119.81,176.79,120.56,504.83,385.91,312.16,498.11,219.55,370.78,345.51,46.76,268.09,48.29,360.51,485.37,76.05,193.24,302.09,373.76,118.51,100.31,482.07,334.83,119.27,299.5,224.94,276.45,433.99,379.41,309.19,165.56,307.06,109.98,194.39,201.16,92.59,214.49,380.4,237.18,421.2,61.17,190.41,456.02,160.13,263.94,57.47,483.02,435.51,351.02,106.03,218.82,431.36,135.74,162.22,202.92,207.22,254.35,227.08,292.96,196.73,452.2,341.72,120.62,401.62,264.03
2024-07-31,182.67,205.18,210.78,390.27,352.62,315.14,97.04,497.71,287.45,360.78,312.0,124.12,134.42,130.49,389.07,130.28,471.26,364.09,441.28,273.95,457.74,351.18,274.08,336.92,152.97,124.95,168.75,137.98,119.95,387.68,246.01,268.68,250.55,151.45,322.29,397.49,118.02,177.22,119.71,503.01,387.13,328.04,509.66,219.78,362.27,343.74,47.0,264.83,48.16,356.13,475.57,75.16,193.25,287.81,378.76,120.42,99.46,485.45,333.18,120.44,307.72,217.16,273.76,416.38,373.19,303.52,170.14,303.58,111.97,196.8,210.36,95.08,215.19,375.86,232.97,433.12,60.41,187.3,461.23,159.32,269.43,55.94,519.05,438.72,370.87,108.07,221.26,422.7,135.82,160.37,204.35,200.83,253.38,228.12,297.13,196.55,449.88,341.32,121.1,395.93,275.87
2024-08-01,183.98,201.13,210.43,390.03,344.48,318.51,97.36,488.68,281.03,366.56,315.22,127.47,133.6,129.96,388.82,129.3,474.64,365.02,468.4,281.11,441.2,349.1,274.94,330.36,151.46,126.76,170.84,138.01,122.7,380.73,251.57,268.81,249.35,152.55,342.26,394.98,118.92,175.08,119.11,509.74,398.26,331.16,515.42,221.34,355.86,335.28,46.96,262.28,49.63,376.38,477.99,71.29,196.25,285.96,375.94,114.83,99.24,485.69,330.12,120.71,312.36,211.64,270.6,420.04,364.03,305.64,175.35,305.34,111.76,206.17,218.36,95.34,213.16,375.62,231.26,420.66,59.39,186.61,467.01,154.81,267.87,57.35,504.0,433.21,374.72,108.9,220.45,421.16,134.84,161.33,202.83,205.14,257.95,234.78,297.55,202.18,436.43,346.32,120.28,372.15,284.63
2024-08-02,182.58,199.3,209.1,391.53,347.29,323.37,99.01,468.92,275.0,360.62,322.45,129.1,133.86,130.95,406.18,126.64,477.45,366.28,471.22,279.56,438.86,348.14,282.18,331.45,147.88,126.3,170.17,139.78,119.35,368.39,264.84,268.31,254.17,153.29,352.69,381.49,116.86,176.07,115.41,504.2,411.87,328.54,519.95,218.19,355.62,340.34,47.99,264.35,48.33,376.95,485.8,73.07,196.14,285.34,379.74,110.34,103.2,494.91,332.95,119.48,303.72,221.51,259.72,422.02,372.48,309.5,178.79,304.19,113.13,205.83,213.27,97.22,211.04,379.38,234.71,425.52,58.83,180.93,471.89,154.56,274.9,56.7,504.39,426.38,385.94,108.11,221.5,417.33,134.58,161.11,197.74,202.89,256.07,240.37,295.92,200.76,437.34,339.38,124.4,371.51,282.95
2024-08-05,184.79,192.64,208.69,377.88,348.23,324.69,98.13,469.52,275.64,356.45,324.08,128.27,128.13,128.37,412.98,126.83,471.5,373.76,471.65,278.42,432.81,353.81,270.9,323.02,152.05,134.44,172.87,140.88,118.89,368.38,255.78,268.88,255.17,153.85,354.07,409.11,116.55,176.76,114.44,494.59,416.77,336.45,517.27,219.36,363.03,346.66,48.7,263.79,48.34,380.41,489.71,74.4,194.31,279.83,377.42,111.89,104.09,500.99,322.58,121.35,308.04,223.35,260.87,423.38,351.95,303.47,182.51,317.85,113.7,200.75,214.13,95.36,223.88,379.48,232.93,425.04,58.42,180.98,476.88,157.85,266.49,55.36,510.93,427.15,394.41,107.02,221.77,437.89,135.7,161.33,203.13,197.69,253.57,239.3,304.76,206.4,436.73,351.45,121.75,380.82,268.29
2024-08-06,184.95,198.96,207.64,396.59,350.38,332.72,97.99,483.27,266.92,341.08,329.85,126.98,125.43,128.54,417.7,122.16,470.69,360.22,476.52,276.67,445.35,371.52,266.27,319.14,145.12,135.15,175.05,140.32,116.85,376.66,256.63,270.75,250.75,156.28,350.44,395.87,114.87,177.72,113.94,503.49,410.31,336.56,526.08,216.21,369.25,336.91,46.66,260.45,48.29,393.61,497.68,73.6,197.28,277.67,370.71,110.85,103.54,503.59,326.29,122.08,302.74,214.23,248.2,411.64,359.57,314.61,187.09,317.51,112.36,194.28,212.48,95.89,226.4,378.95,229.78,419.02,59.36,183.66,475.9,163.06,267.22,56.46,509.23,415.11,411.48,107.06,212.61,436.2,138.86,161.43,209.57,195.22,256.21,240.41,304.67,203.91,435.61,356.96,116.82,375.89,270.44
2024-08-07,184.95,203.28,205.03,403.03,359.78,321.66,98.73,486.6,273.22,330.15,325.77,126.3,127.96,130.63,435.78,123.45,452.83,364.21,466.95,272.94,426.7,366.48,279.6,319.02,142.48,129.99,175.14,137.35,114.13,383.59,261.73,266.7,246.63,154.88,346.23,394.1,113.03,172.66,113.06,502.91,428.45,320.34,514.68,213.25,359.84,339.14,47.15,261.08,47.19,386.06,515.79,73.18,198.48,273.34,376.75,110.26,105.83,505.63,326.56,121.23,293.31,219.69,241.44,404.89,356.07,318.8,187.1,317.58,115.42,195.27,209.16,94.88,227.04,376.09,236.38,415.79,58.89,184.87,468.63,162.71,260.72,54.96,511.32,421.8,401.25,107.54,216.03,441.69,141.11,162.9,214.04,197.55,249.17,241.18,317.51,205.56,439.68,357.22,119.69,389.22,266.7
2024-08-08,189.21,200.69,210.21,392.56,368.2,336.11,98.12,491.49,281.98,329.8,318.17,127.87,129.35,129.75,435.34,119.74,440.32,376.16,463.67,275.98,413.97,379.9,270.52,333.24,147.21,129.83,175.74,138.35,117.51,363.14,259.93,265.33,253.23,155.79,350.94,374.62,110.72,168.22,107.43,496.42,426.64,320.54,509.72,208.61,359.63,339.82,46.25,263.33,46.15,395.03,517.79,75.19,191.25,281.26,376.03,112.52,107.35,504.4,329.16,123.25,297.36,231.47,241.33,412.39,362.89,322.1,188.52,317.55,115.41,198.18,212.87,94.73,229.97,376.46,240.76,411.84,59.37,186.43,467.48,164.55,262.06,56.32,515.72,424.02,389.01,108.65,217.19,433.75,142.27,159.28,219.85,198.63,253.8,241.35,320.7,208.62,444.58,349.28,122.74,388.99,268.29
2024-08-09,191.24,205.29,210.55,387.32,366.65,331.57,98.74,493.39,278.03,323.14,315.42,129.34,127.92,132.45,433.95,116.72,457.69,375.28,478.17,270.35,414.24,374.04,270.99,330.35,146.08,127.02,181.04,136.46,116.75,381.63,268.5,261.82,262.17,160.47,360.13,367.83,109.6,168.5,105.18,508.69,432.07,323.75,500.44,211.94,360.02,329.48,45.94,268.65,45.4,385.88,509.1,75.88,192.2,286.23,370.11,112.92,106.51,513.87,332.89,121.7,286.39,247.91,246.47,413.02,351.35,324.63,194.25,317.85,115.68,199.75,201.87,95.91,238.58,378.09,240.25,410.11,59.27,183.96,461.9,164.04,271.62,56.14,539.52,422.03,390.1,106.68,211.93,429.23,146.17,159.24,221.2,189.55,254.76,235.86,313.15,212.52,451.35,342.17,120.13,394.13,259.72
2024-08-12,191.08,210.18,205.94,395.86,360.86,324.2,98.51,485.47,271.36,318.96,320.38,127.74,136.29,137.88,439.46,119.01,462.62,378.21,451.6,268.76,412.94,372.12,267.65,326.48,140.51,122.62,178.02,138.98,114.58,391.64,265.99,256.43,269.01,154.35,370.15,361.19,110.49,163.22,105.25,504.15,418.93,304.57,506.25,209.84,358.84,338.36,46.21,263.47,46.52,384.08,521.55,76.61,195.52,283.62,363.96,110.85,107.63,521.67,341.46,122.11,281.33,242.25,243.75,405.04,340.53,320.88,192.99,323.19,115.41,200.04,204.81,94.48,243.15,377.3,238.65,393.86,60.07,179.63,426.25,162.49,264.13,57.15,538.28,431.65,377.68,104.42,213.6,443.82,142.89,160.14,222.48,189.59,259.76,235.58,310.77,214.05,436.62,349.19,128.77,404.3,268.02
2024-08-13,192.1,212.1,215.46,379.8,370.17,321.05,96.28,474.33,263.65,317.31,316.25,126.22,140.08,138.9,445.3,120.28,461.02,386.87,463.31,270.44,424.16,366.09,262.88,328.32,138.74,121.87,180.62,139.18,110.69,387.17,256.69,258.66,262.88,154.83,375.19,369.11,111.81,165.39,109.59,513.05,417.17,308.07,516.83,211.69,357.33,339.4,45.23,268.66,45.52,368.54,529.87,75.82,190.88,283.15,360.79,106.66,108.2,516.21,344.76,121.81,285.52,250.5,252.62,408.76,336.52,315.1,188.86,322.52,115.52,198.12,209.1,95.49,239.46,375.66,244.6,393.07,61.69,182.64,412.23,156.11,254.71,55.67,555.53,437.09,378.01,107.8,216.6,444.15,144.55,156.0,220.93,190.79,258.06,234.95,325.45,210.74,442.53,346.66,131.72,422.38,272.06
2024-08-14,188.96,210.25,223.08,381.01,370.06,314.64,98.45,458.47,262.63,317.27,329.64,129.31,139.08,138.39,428.81,119.08,467.57,390.13,459.33,275.43,422.93,373.31,273.23,326.26,137.47,126.23,178.15,137.62,111.07,401.81,260.62,261.97,262.51,158.53,383.84,370.34,110.57,170.36,117.17,515.98,415.54,298.69,518.24,209.06,347.53,334.81,44.56,270.22,45.58,366.18,529.2,74.42,189.13,274.23,354.45,103.23,109.41,524.9,351.93,119.88,294.72,252.32,258.42,415.93,331.91,322.92,185.9,324.08,115.22,204.43,205.49,96.93,232.33,375.83,245.03,382.64,61.85,184.86,409.04,156.84,263.69,56.19,586.14,440.95,384.26,107.31,215.64,439.56,144.56,154.84,222.19,185.99,261.82,237.64,332.06,212.05,440.59,354.87,129.93,429.65,278.25
2024-08-15,189.74,199.22,221.02,397.97,369.71,316.88,97.57,469.36,263.06,320.37,326.35,130.59,144.52,139.68,435.02,116.86,464.69,372.26,465.31,277.89,421.78,359.68,264.19,328.33,134.87,124.61,176.07,140.16,111.17,407.76,252.26,260.73,264.23,161.58,376.83,386.25,110.31,170.74,116.48,525.48,431.9,307.39,558.61,209.17,338.37,333.95,45.19,269.36,46.11,366.78,532.78,76.51,188.57,278.83,352.4,102.15,110.41,516.88,350.56,119.92,292.49,254.16,271.66,411.87,336.18,325.0,183.62,322.63,113.08,205.08,202.37,96.27,231.36,371.61,246.33,381.12,61.28,181.92,422.84,155.72,252.69,57.22,573.97,453.81,388.97,102.66,222.97,450.18,147.7,154.42,213.05,190.53,271.9,237.9,334.42,209.8,444.69,360.81,130.75,433.05,284.77
2024-08-16,189.31,199.32,222.56,395.2,371.74,325.92,98.81,445.4,268.45,322.71,328.92,133.08,141.3,136.1,425.88,119.87,467.33,376.72,463.91,274.38,417.24,373.6,268.47,333.51,137.88,124.02,176.1,140.48,111.75,407.29,257.86,257.36,261.97,160.88,379.3,380.86,108.94,165.17,113.34,534.83,435.45,301.98,552.59,206.77,334.31,331.28,44.92,274.89,45.98,384.13,537.55,76.11,189.73,279.31,345.3,103.92,112.49,520.44,346.5,122.31,287.19,263.14,267.8,410.24,341.13,326.97,188.27,325.87,111.98,206.03,206.97,95.98,230.4,368.96,244.77,389.4,61.94,183.01,430.42,151.09,258.35,59.14,563.36,458.67,384.68,103.7,216.95,445.85,150.44,154.75,209.99,193.11,271.52,238.77,337.07,206.52,436.99,370.49,131.88,423.35,281.64
2024-08-19,189.38,199.26,210.87,393.05,369.77,328.88,102.51,423.67,268.14,312.37,329.1,138.04,140.43,135.24,440.8,124.11,460.7,379.8,469.17,276.93,416.27,366.24,263.51,324.11,137.17,121.28,174.34,142.89,110.77,410.14,261.04,260.76,265.87,161.55,378.57,391.21,108.28,165.87,115.65,530.1,440.54,298.92,545.17,207.57,336.37,340.0,45.57,272.29,43.91,376.35,559.81,77.39,187.71,282.43,351.24,104.66,111.67,520.66,340.78,121.99,273.67,264.87,267.32,414.57,326.47,321.87,191.17,322.38,109.77,204.3,211.58,96.97,220.35,371.98,247.59,372.34,61.83,186.54,426.53,153.84,275.04,59.43,555.53,456.43,394.65,104.6,218.12,440.5,149.76,153.62,212.92,190.79,276.76,235.19,326.48,210.89,448.08,375.82,129.34,404.05,279.62
2024-08-20,187.71,201.49,204.25,385.47,356.99,320.79,104.14,429.7,268.3,322.39,332.24,137.97,138.72,131.57,440.53,124.63,441.8,379.92,461.95,277.48,427.18,370.33,266.73,312.42,139.87,118.87,172.19,146.51,113.38,418.52,258.4,255.88,270.84,161.22,371.04,400.63,110.03,169.07,113.39,537.24,422.58,292.04,543.61,210.77,330.41,335.33,47.12,272.33,44.97,374.13,573.93,77.24,186.27,286.61,351.75,105.05,111.84,513.76,343.43,122.05,283.28,271.65,265.93,409.41,324.38,313.44,192.61,324.88,109.61,201.73,214.0,95.76,226.21,368.02,249.92,371.3,60.45,188.61,439.31,157.11,259.75,60.04,575.02,451.14,388.94,101.52,212.4,445.23,147.54,153.88,214.17,188.43,274.09,236.25,315.53,211.6,445.31,394.8,128.3,425.26,278.41
2024-08-21,190.8,198.7,192.55,379.32,365.42,321.16,100.7,448.6,265.3,311.99,338.98,140.65,139.65,127.72,440.43,121.36,444.76,393.44,434.78,273.82,433.74,368.0,268.64,309.06,141.57,117.08,172.92,145.63,111.13,412.93,271.53,250.97,277.78,162.75,371.91,389.57,113.02,170.81,113.23,546.2,415.06,293.01,556.26,209.67,345.96,336.4,46.32,272.7,44.79,368.5,549.95,74.57,179.31,281.54,356.92,106.66,112.04,498.92,353.46,121.11,286.26,274.96,271.68,404.54,326.61,321.32,185.91,328.01,113.12,210.77,219.04,98.31,228.2,368.23,253.35,364.68,61.43,185.39,439.92,157.45,259.85,60.2,561.54,444.78,380.47,102.04,216.01,443.23,147.19,151.77,216.34,189.6,273.3,235.79,314.36,212.13,452.31,376.2,127.43,436.93,276.22
2024-08-22,192.9,208.25,200.7,374.42,361.17,317.29,101.07,442.46,266.75,315.66,340.86,136.4,141.43,127.31,436.51,119.18,449.71,396.13,446.19,266.5,434.62,379.28,279.61,308.74,143.06,113.99,171.85,142.22,107.28,439.13,266.49,248.88,271.77,159.55,357.65,394.05,113.22,168.77,115.32,545.67,426.13,275.32,541.65,215.36,351.07,329.25,46.34,271.89,47.17,369.1,545.34,77.57,175.42,270.32,362.77,104.8,113.69,506.28,355.38,121.67,290.08,263.01,274.07,398.91,318.74,317.77,185.54,331.11,114.58,208.94,224.37,97.58,228.55,369.84,253.46,361.54,61.4,191.93,435.52,160.73,258.77,62.69,572.91,442.48,379.33,101.33,218.82,444.6,150.54,153.91,215.56,185.72,276.79,229.85,332.17,210.97,445.96,389.04,125.74,433.33,280.43
2024-08-23,190.27,202.12,201.83,364.0,367.05,318.28,100.45,454.02,263.07,322.51,327.07,134.96,142.68,128.05,417.91,118.83,444.39,378.85,456.82,278.85,431.12,379.43,277.95,312.21,141.5,115.41,169.82,141.26,108.39,447.28,265.43,247.31,274.99,160.06,355.35,414.24,113.49,167.13,115.44,554.42,436.65,272.81,533.89,215.05,357.16,322.05,47.12,272.63,45.73,372.08,505.76,77.08,177.14,279.0,361.5,105.26,115.06,498.98,362.38,123.7,289.53,267.34,270.54,399.7,322.65,318.16,188.29,328.88,115.6,205.69,223.0,97.87,226.74,372.37,258.02,351.02,61.13,191.26,443.99,158.5,262.81,62.76,559.76,448.07,393.65,100.58,225.12,445.54,150.34,155.5,219.88,190.4,272.01,233.09,337.08,205.48,449.07,398.16,125.72,436.89,277.47
2024-08-26,191.32,199.85,205.72,375.62,357.9,327.05,100.3,455.16,260.49,316.71,332.04,140.62,148.85,131.4,423.72,118.84,431.62,382.84,476.81,275.59,426.4,376.24,279.01,310.06,142.18,118.05,167.96,140.01,108.71,455.81,261.87,244.08,275.95,157.69,366.15,416.2,112.83,158.36,117.95,544.72,446.32,263.02,547.75,217.93,331.31,314.17,47.33,276.22,44.99,369.27,500.93,74.85,182.38,282.51,359.66,105.03,114.79,512.46,374.72,123.2,296.52,274.78,275.5,398.18,336.78,311.04,193.2,328.67,114.34,209.29,215.46,96.16,229.0,369.32,252.06,368.95,61.8,192.85,442.77,158.71,263.07,62.23,578.18,444.47,382.77,100.23,222.67,450.14,145.93,157.29,214.63,183.18,266.79,232.28,331.54,205.92,449.75,399.21,125.11,455.11,288.25
2024-08-27,189.56,200.98,203.95,380.77,366.04,335.7,98.16,463.69,263.89,310.1,330.46,140.38,151.31,131.73,419.85,118.31,425.94,383.01,484.3,279.94,438.44,373.27,282.32,315.78,143.08,119.33,165.61,138.39,109.27,445.96,260.05,249.79,272.06,157.23,372.64,395.98,111.0,160.47,118.99,522.13,435.5,248.91,554.88,222.42,324.77,306.57,45.59,281.11,46.2,360.72,495.08,76.07,179.82,292.29,355.92,104.57,114.91,522.66,365.85,126.7,278.75,270.36,267.4,410.03,330.44,309.13,190.14,335.56,114.47,207.91,213.04,95.19,230.31,371.55,253.76,394.32,61.58,198.58,462.29,162.94,258.43,62.4,574.08,437.38,385.01,101.75,217.71,458.0,145.52,154.36,216.6,187.16,263.47,232.97,338.4,205.15,445.57,414.79,127.72,472.21,296.24
2024-08-28,188.68,201.43,200.29,379.84,372.79,341.21,97.16,440.01,263.06,308.57,330.94,140.57,149.82,132.6,416.42,119.48,419.59,390.76,465.79,277.34,428.92,360.76,279.15,314.58,141.86,117.69,170.95,137.86,108.36,435.48,255.16,246.48,273.72,155.21,359.35,389.63,110.94,152.51,116.23,516.25,437.49,258.65,567.25,222.96,326.09,300.68,45.17,280.82,46.26,345.89,498.98,74.3,184.39,289.98,361.31,103.21,116.38,526.53,361.7,128.43,272.94,266.51,271.69,408.94,333.78,303.64,192.2,337.54,108.77,209.79,202.88,97.58,237.07,370.27,252.78,396.29,60.71,197.46,463.67,161.04,255.45,62.21,622.56,434.41,384.76,102.07,207.15,456.74,148.34,153.18,216.81,188.65,253.83,228.88,335.41,206.15,441.11,404.53,130.39,467.62,292.45
2024-08-29,189.16,201.29,203.18,389.7,373.25,333.37,95.66,439.74,270.52,310.31,336.27,141.55,149.49,131.76,404.14,117.76,419.69,393.85,472.31,276.27,437.26,371.28,275.55,326.2,141.8,117.33,166.34,138.76,103.12,438.59,248.86,241.43,276.71,154.71,364.08,419.55,110.16,155.57,120.06,500.3,428.78,248.44,578.19,226.68,319.66,300.0,46.24,277.93,44.93,344.15,494.31,74.33,187.29,299.16,367.17,102.66,118.39,522.75,355.06,128.94,271.25,274.06,266.42,410.13,337.41,307.04,194.89,344.72,105.82,219.73,203.88,94.99,237.22,377.93,245.01,400.31,62.14,199.08,456.91,161.25,258.79,61.55,666.0,436.52,381.26,99.72,203.05,458.03,150.17,153.2,217.81,187.49,256.58,230.87,332.1,204.21,427.5,404.3,133.8,460.7,286.57
2024-08-30,188.09,201.42,204.25,391.84,379.95,333.67,95.31,458.71,267.09,316.78,331.51,140.37,149.65,129.55,405.91,119.53,421.6,402.39,472.1,272.92,445.09,359.21,286.15,334.15,143.24,120.7,170.95,138.68,109.85,441.89,254.42,239.85,277.65,156.59,366.51,417.9,111.55,153.28,120.43,492.21,427.18,235.83,593.02,224.52,309.27,296.72,46.8,280.84,44.82,355.1,486.02,74.07,182.18,303.94,364.58,103.35,120.6,522.03,351.07,130.94,266.36,278.89,270.98,395.8,345.37,310.7,196.02,343.58,104.41,218.44,202.43,93.6,240.31,374.27,240.83,400.74,62.28,202.55,468.63,160.51,260.0,61.26,648.34,438.69,380.14,99.91,205.93,461.68,148.54,152.63,220.39,184.87,252.05,233.61,346.77,201.28,423.0,409.54,139.91,446.06,274.65
2024-09-02,189.34,194.94,204.16,387.07,380.56,341.38,95.97,472.99,264.84,310.28,328.99,141.71,150.41,126.48,403.94,118.18,440.87,400.56,486.93,274.75,454.2,353.63,275.44,319.91,140.44,123.68,173.94,138.73,111.78,459.32,261.02,243.46,282.28,158.32,370.4,402.81,111.57,153.19,124.79,489.09,426.12,243.49,602.17,221.47,314.45,287.36,46.7,280.26,45.07,343.08,472.51,73.99,180.27,300.58,360.31,102.71,121.02,519.07,354.53,132.28,265.7,277.86,281.08,385.98,345.29,308.95,196.97,339.0,105.63,227.74,199.71,91.65,241.76,378.16,245.41,404.86,60.88,203.52,474.87,160.44,267.38,62.69,638.02,433.01,382.76,100.43,215.55,458.6,148.83,155.91,220.9,182.74,251.17,229.55,348.93,201.34,424.77,406.39,142.41,444.87,280.74
2024-09-03,191.23,192.25,205.83,374.4,396.88,330.37,96.67,470.53,261.61,321.13,333.62,138.82,152.07,128.6,407.6,118.34,408.73,405.95,504.08,275.41,456.89,357.33,278.23,330.87,134.36,130.2,177.35,141.58,111.84,462.79,271.21,242.82,276.19,159.99,382.34,403.69,110.68,146.48,123.52,485.3,426.33,240.6,602.24,223.43,329.04,296.52,45.35,282.49,46.46,348.02,455.72,74.56,183.16,305.82,360.35,100.35,119.79,517.67,345.4,133.95,273.65,276.41,277.77,386.84,351.74,309.17,192.62,336.65,105.5,227.47,194.88,90.46,240.91,382.62,247.79,418.88,61.34,201.54,449.48,162.43,271.96,62.68,643.97,435.8,376.93,98.43,218.14,454.93,147.72,158.28,218.48,190.63,244.42,226.9,358.25,203.53,421.42,400.68,135.28,434.8,284.63
2024-09-04,190.81,193.31,203.83,380.39,383.06,326.95,97.3,483.83,267.98,324.26,338.28,136.85,149.31,131.52,399.92,121.69,403.09,399.12,528.42,277.62,465.97,340.93,278.42,332.0,132.89,128.77,173.2,142.79,109.14,473.11,281.98,240.05,272.78,162.27,382.67,419.76,110.24,143.97,126.41,480.56,429.73,237.35,598.94,229.07,334.83,292.17,47.01,282.64,47.52,343.05,442.56,76.91,183.33,304.21,367.41,98.11,118.79,520.35,350.33,133.84,273.82,287.81,281.9,382.13,370.4,313.85,188.36,340.47,105.5,222.88,198.88,90.92,241.41,387.64,244.67,425.24,62.34,196.61,460.95,158.56,284.54,64.18,634.49,449.13,392.17,98.68,224.37,451.62,150.21,158.19,221.1,193.82,245.98,230.45,345.6,200.03,426.71,425.99,136.97,419.41,284.57
2024-09-05,191.55,194.82,199.41,374.91,376.67,330.0,96.42,490.85,282.2,326.89,346.2,137.95,153.3,132.1,398.77,119.6,406.72,408.78,536.99,283.08,456.73,331.23,278.58,332.71,133.17,131.51,174.09,140.61,111.71,461.41,289.79,242.92,266.98,162.1,384.48,409.9,110.58,142.05,125.28,475.72,430.0,241.32,598.61,223.36,348.62,291.51,47.57,281.21,47.77,344.74,427.04,77.89,174.11,307.26,368.41,101.95,119.69,530.29,347.05,131.73,264.85,286.39,273.37,380.94,377.08,319.29,181.31,345.94,106.45,219.05,199.97,90.6,241.14,381.38,241.97,428.04,62.37,190.28,466.73,164.84,282.26,67.47,641.94,452.52,398.56,100.28,229.87,456.87,151.76,159.0,223.49,189.84,248.65,232.86,341.97,199.56,437.56,409.14,133.56,422.22,309.36
2024-09-06,192.64,197.99,197.89,397.35,386.83,328.47,97.05,483.1,267.7,318.63,344.48,135.27,155.79,129.59,388.79,119.89,408.13,415.92,533.18,282.91,450.34,342.86,281.55,333.96,130.67,134.27,176.48,141.87,107.66,459.61,303.75,240.8,263.02,160.89,397.29,420.2,110.72,144.85,122.21,479.64,423.3,235.05,576.9,225.64,329.75,290.59,46.44,282.16,48.62,350.39,438.08,79.44,165.95,313.05,366.45,103.17,121.38,526.39,342.44,127.88,271.2,291.09,268.49,385.98,375.37,317.97,181.52,347.56,103.27,212.06,201.51,89.2,240.24,377.19,234.41,415.14,63.12,192.2,475.48,163.27,278.92,68.98,655.28,450.51,370.52,100.41,226.32,463.7,151.36,155.36,228.12,193.46,249.7,237.82,334.05,199.11,436.61,382.06,132.05,406.31,309.75
2024-09-09,192.79,192.26,193.97,385.17,387.71,340.52,98.14,483.73,269.62,321.16,342.25,134.77,160.6,127.08,387.07,120.69,410.4,410.17,506.5,287.67,444.97,347.39,281.43,322.21,129.34,133.54,180.94,141.01,107.44,442.29,287.24,240.35,263.55,165.23,395.69,427.98,109.77,145.06,121.43,485.43,430.71,251.22,560.14,221.33,329.24,302.33,47.37,278.72,47.22,364.67,453.17,79.92,165.16,315.0,365.01,105.28,119.7,531.57,340.95,127.13,274.69,291.74,276.07,370.23,373.26,313.76,185.41,353.89,102.93,218.54,197.39,89.99,233.93,380.47,231.95,411.85,63.23,192.26,493.64,164.31,280.16,67.97,666.14,451.36,366.16,99.59,228.8,468.55,149.24,155.76,231.36,197.4,250.33,240.1,331.91,199.85,430.15,388.55,138.41,402.11,308.17
2024-09-10,195.42,197.01,191.92,406.4,394.04,340.54,100.93,485.54,264.47,310.85,343.02,130.31,158.09,128.24,379.24,120.68,408.01,410.18,493.88,291.49,434.92,343.45,294.02,332.07,127.31,139.56,180.69,142.53,105.78,459.15,296.62,235.08,267.44,165.74,395.69,419.39,111.1,145.0,118.7,487.4,432.21,256.28,561.89,221.15,329.32,297.32,47.48,277.93,49.41,358.44,462.67,78.23,172.46,312.9,368.79,103.12,118.5,538.11,342.63,131.54,281.05,286.63,284.87,373.47,358.76,318.4,189.21,351.57,103.47,219.7,195.53,90.36,242.67,380.95,236.48,429.34,64.92,195.56,491.44,164.32,275.78,65.83,674.47,457.41,362.24,98.57,244.17,477.82,148.45,153.18,234.71,197.57,241.89,234.86,337.83,203.03,430.08,377.35,138.41,401.31,314.58
2024-09-11,195.47,192.72,186.51,407.33,405.59,347.86,98.36,506.56,275.46,304.23,338.93,132.09,159.86,127.91,373.41,119.59,406.42,402.03,499.33,291.72,437.04,338.9,306.56,321.93,133.59,134.97,176.74,142.77,110.33,437.69,301.7,235.66,270.51,168.92,391.17,440.94,112.61,149.16,117.98,498.12,429.44,248.24,544.05,217.36,332.36,295.06,48.45,279.6,47.78,367.72,465.06,78.99,177.01,314.34,377.93,102.15,118.62,527.42,343.85,134.83,280.56,289.59,269.24,377.53,369.71,318.57,186.21,357.01,104.48,219.76,199.39,88.38,243.14,383.07,230.99,439.38,64.52,198.03,500.64,164.13,277.32,64.24,664.19,461.37,365.3,96.77,241.69,478.16,150.49,149.82,234.29,195.1,240.57,236.97,333.26,202.85,427.79,370.23,139.03,412.16,326.08
2024-09-12,196.57,187.07,187.76,386.86,420.01,357.17,97.87,538.84,279.78,301.68,336.9,135.1,158.97,131.11,378.41,121.29,407.74,397.2,501.24,291.54,425.86,342.03,308.17,336.32,132.99,141.75,180.35,140.17,112.73,451.03,291.61,237.97,271.57,163.49,408.0,455.03,112.68,147.02,118.93,512.41,435.35,247.46,554.69,218.84,331.72,302.42,49.62,276.03,46.32,381.96,481.26,80.6,176.2,313.12,392.9,102.38,118.13,540.32,348.14,137.41,285.22,293.64,271.87,374.36,372.34,318.42,183.51,355.7,105.3,219.86,191.96,88.87,247.89,378.56,237.15,441.64,64.2,195.72,524.17,162.84,269.97,64.33,677.72,453.75,363.73,97.14,237.58,483.38,151.83,150.27,236.87,192.44,245.01,236.85,342.32,199.45,430.9,345.12,142.02,403.95,327.9
2024-09-13,192.93,191.31,183.9,369.39,423.52,347.54,96.22,545.56,286.69,295.14,347.63,134.17,158.93,132.34,387.68,120.54,405.59,410.88,493.19,291.41,425.93,355.72,307.48,344.31,131.44,135.86,179.32,138.95,118.42,431.31,278.27,235.54,274.8,157.73,417.3,457.93,109.62,143.47,121.16,520.11,432.32,251.02,552.5,224.33,337.81,294.38,49.09,274.32,47.94,382.24,458.0,80.68,178.32,315.2,391.83,102.55,118.77,550.03,345.54,138.77,279.39,298.8,287.77,369.9,385.87,314.88,186.26,356.67,103.97,218.5,187.93,90.47,255.03,384.11,238.89,431.24,63.37,202.7,521.31,163.54,275.74,65.84,687.58,450.01,350.78,96.86,233.05,489.33,154.42,153.25,230.83,192.59,244.92,239.08,363.12,198.55,428.15,348.41,143.98,409.59,316.15
2024-09-16,192.4,190.6,186.59,355.58,426.71,351.68,94.98,532.21,296.27,293.9,349.43,134.79,158.16,132.15,391.93,118.01,408.08,399.79,514.53,286.37,437.28,371.03,318.74,343.91,127.93,134.1,180.44,138.12,117.52,429.39,276.0,233.23,276.37,156.8,412.58,438.3,108.93,140.82,123.76,509.08,432.09,248.68,552.98,223.34,343.8,295.65,49.05,281.51,48.56,381.26,453.71,78.92,177.15,323.08,387.91,100.33,115.3,551.54,352.43,136.28,276.42,307.27,292.88,365.64,385.51,324.56,183.73,359.82,101.42,221.97,180.4,89.2,265.0,387.57,245.18,418.66,62.88,208.81,508.86,166.1,278.22,68.05,695.93,442.73,351.62,99.88,239.82,495.03,154.4,153.12,231.63,190.33,255.51,237.79,375.7,191.78,434.0,349.81,141.97,423.21,323.04
2024-09-17,194.56,200.07,191.01,351.86,430.1,353.29,95.16,538.3,303.61,298.21,345.5,139.02,157.11,134.1,389.74,119.52,400.73,393.67,496.78,289.21,440.38,394.33,314.46,346.85,127.97,134.67,178.44,136.31,117.16,438.52,284.46,233.9,270.0,151.8,405.23,435.69,112.11,136.74,124.51,526.55,416.57,244.11,537.18,219.12,352.47,295.91,48.83,284.45,47.79,379.94,464.52,79.16,177.65,317.61,387.91,99.43,115.34,534.39,346.53,140.04,284.91,310.46,296.09,379.78,388.56,321.79,182.57,360.69,101.16,230.53,175.21,89.12,263.33,396.16,248.73,439.69,62.27,209.4,507.24,164.89,287.01,67.22,689.95,431.76,344.43,101.14,240.36,496.9,154.44,155.84,231.7,185.83,266.98,239.06,368.56,195.49,422.66,336.65,138.75,422.52,332.53
2024-09-18,189.93,199.37,189.1,357.48,451.02,362.16,95.63,524.26,306.89,304.89,344.29,139.01,157.12,133.08,390.82,116.07,404.18,394.25,493.59,295.67,438.29,383.73,328.24,350.54,130.5,130.7,181.46,138.02,112.29,448.81,284.57,232.9,271.06,151.27,394.59,438.03,113.79,133.21,125.99,524.69,424.72,243.02,526.61,221.17,349.04,293.81,49.59,287.73,47.24,369.68,448.22,78.79,171.37,314.53,391.33,98.57,116.43,529.08,337.13,139.31,278.35,321.05,284.22,372.82,400.29,319.97,184.72,370.17,98.17,226.82,177.42,90.68,262.43,403.61,253.85,442.95,61.72,212.51,526.25,168.74,278.08,64.55,682.22,432.23,348.35,100.39,238.39,487.34,155.26,157.84,230.85,183.71,269.54,235.33,375.82,199.74,418.61,351.14,131.54,419.54,332.8
2024-09-19,186.36,204.11,188.09,359.16,454.74,369.92,98.18,502.93,298.55,304.23,344.44,137.73,160.09,132.36,404.76,117.76,406.26,385.42,502.68,293.23,453.57,390.32,324.54,359.49,132.11,126.79,182.99,140.16,112.17,439.65,276.49,234.7,267.02,150.94,399.79,429.29,113.79,133.03,123.84,510.04,425.49,238.65,530.0,215.95,341.76,293.37,49.52,290.59,46.89,361.32,448.64,80.02,166.38,306.25,391.99,101.37,117.2,522.34,341.58,134.89,271.17,321.27,286.54,357.19,404.88,327.98,179.54,373.46,97.28,224.92,171.01,93.6,262.81,399.98,253.4,449.95,62.51,208.98,546.21,172.88,274.75,64.25,692.16,441.98,355.43,101.44,232.46,478.87,159.02,156.52,236.11,187.42,261.4,235.14,390.13,194.89,413.93,333.01,128.89,403.17,331.9
2024-09-20,190.69,203.93,185.3,355.24,463.85,356.76,96.6,511.74,286.85,311.66,345.43,136.1,159.31,132.07,407.32,118.17,395.7,393.25,505.29,300.78,468.45,382.14,315.43,341.78,135.26,130.96,180.58,139.11,110.69,446.5,284.43,231.32,265.16,154.91,406.23,426.63,111.99,134.12,119.2,491.6,422.76,238.57,538.02,217.33,342.56,298.83,49.79,294.03,46.08,360.8,451.24,79.38,165.36,304.52,392.81,99.75,116.98,521.75,346.16,136.17,281.19,323.93,285.27,359.42,391.1,338.22,170.71,368.45,97.27,227.43,171.89,94.39,258.78,405.54,253.2,457.17,62.05,207.67,551.22,170.48,277.5,63.87,677.13,443.52,343.29,101.52,226.2,485.22,158.81,155.81,231.64,187.43,264.31,242.76,387.92,189.64,416.72,332.09,133.4,409.02,327.09
2024-09-23,192.37,197.57,186.02,344.36,446.34,357.72,95.18,536.36,284.5,315.56,343.68,134.64,161.58,134.42,403.53,121.31,390.03,390.8,517.11,294.72,472.15,357.09,328.56,357.07,136.0,131.53,179.85,141.86,114.88,461.43,280.9,231.13,267.89,154.34,394.82,438.52,113.57,128.17,117.8,493.31,448.01,240.27,533.21,215.45,345.04,300.51,50.13,293.87,48.27,354.96,454.97,77.6,163.82,304.76,392.07,99.07,116.09,533.98,339.73,136.63,273.52,324.57,281.82,351.94,390.83,336.61,168.44,378.91,99.98,228.42,168.6,94.65,253.27,405.19,254.14,492.88,63.32,208.11,538.58,171.62,262.71,62.72,661.65,429.73,356.51,100.76,223.2,497.2,156.5,154.57,236.12,190.99,274.6,240.73,390.76,190.38,414.52,328.39,132.46,406.0,314.16
2024-09-24,192.91,195.8,184.22,352.02,435.41,350.31,94.78,537.18,277.71,310.06,337.52,136.15,161.3,139.09,410.16,120.08,386.12,393.68,536.71,286.97,467.78,351.72,348.61,350.09,137.74,133.27,177.72,143.63,114.61,464.72,275.03,230.98,265.31,152.73,394.98,447.45,116.38,132.2,116.47,485.6,450.16,237.61,541.5,214.59,337.79,301.21,49.38,289.97,49.74,341.34,479.1,79.58,162.7,308.56,394.35,99.92,116.94,522.82,331.19,134.03,282.94,321.87,277.24,359.36,393.69,338.39,171.29,376.66,100.46,222.18,169.43,94.13,254.49,413.25,254.91,490.56,63.5,209.76,529.23,169.51,258.13,62.15,658.91,430.71,358.93,100.18,226.77,503.02,155.14,148.35,234.73,189.02,274.47,239.63,399.35,193.31,407.77,315.96,134.01,401.82,319.07
2024-09-25,194.32,193.28,189.34,373.42,435.24,340.7,95.08,540.92,265.97,306.35,341.73,134.16,159.32,140.53,418.06,125.39,392.42,390.57,540.06,286.44,454.34,352.34,332.94,352.09,139.16,136.84,172.63,142.92,110.07,477.37,275.49,230.45,258.54,155.67,374.93,451.25,116.92,130.98,113.66,475.01,435.19,239.73,537.27,215.78,339.31,305.11,49.68,286.3,50.75,330.42,490.48,80.26,167.07,302.01,404.15,96.42,116.72,521.94,332.1,131.17,275.52,325.53,273.99,357.35,387.78,344.41,173.36,386.93,100.09,223.18,176.14,92.99,262.59,407.24,252.68,486.86,63.45,204.28,547.36,169.65,255.55,61.0,671.57,436.86,360.68,103.95,225.6,506.92,154.18,147.34,231.97,190.84,272.95,246.49,402.08,194.28,390.67,312.18,132.19,392.56,318.99
2024-09-26,196.68,200.37,187.49,375.83,431.24,335.91,92.62,537.49,263.47,314.91,336.21,135.54,167.94,141.81,416.11,126.93,376.49,384.45,539.85,284.64,464.51,352.4,330.51,355.02,140.29,140.08,172.56,141.46,109.99,464.61,253.94,230.75,264.18,154.48,372.18,440.18,116.06,130.93,111.02,481.97,447.99,239.42,540.73,220.54,343.21,315.38,51.11,290.4,50.72,338.22,484.92,78.33,165.52,294.06,400.02,99.0,117.36,532.41,334.11,136.43,278.23,330.73,266.38,362.26,406.24,343.25,173.69,385.43,100.08,218.16,187.39,95.3,270.56,406.75,250.16,484.47,63.24,208.91,549.91,171.8,256.74,61.29,688.45,435.59,349.89,101.41,226.5,502.06,153.37,150.48,231.2,192.09,270.54,253.55,385.44,192.87,396.9,308.74,133.11,399.61,315.24
2024-09-27,198.33,199.25,189.64,374.25,427.53,340.23,93.94,541.77,265.48,311.21,344.42,140.72,166.76,136.22,420.78,126.78,360.21,387.24,538.84,287.89,486.0,353.84,333.78,344.85,137.89,139.82,170.99,142.83,108.17,502.03,269.29,231.58,266.97,151.94,362.75,457.84,114.87,132.99,109.23,475.86,452.41,232.75,541.05,218.78,334.64,315.73,51.45,290.55,48.38,329.99,497.24,77.99,165.37,292.2,396.71,100.67,119.49,532.87,338.65,137.77,291.95,324.24,275.58,372.93,399.89,336.19,172.07,385.52,98.86,218.73,190.22,94.32,265.88,404.53,250.64,473.92,63.57,209.86,547.79,167.52,255.73,61.6,719.92,432.18,370.87,101.01,221.37,500.52,151.0,150.63,231.0,188.82,269.35,251.04,388.88,195.08,391.27,321.77,130.69,416.81,315.27
2024-09-30,197.16,197.7,191.13,371.64,427.1,338.83,91.83,558.77,268.95,313.24,346.3,140.38,160.74,140.91,413.89,127.12,366.71,388.64,545.12,292.56,494.38,354.66,336.13,336.59,136.37,137.3,174.43,145.38,109.51,521.73,279.54,232.93,269.32,154.66,355.05,454.41,114.67,135.77,106.39,479.1,446.24,237.72,558.9,224.99,334.15,318.01,52.72,289.5,47.75,343.21,482.86,75.84,168.65,285.71,393.67,101.57,119.44,532.03,338.43,137.97,296.45,335.12,270.94,371.1,388.4,334.37,175.94,374.14,99.09,224.77,188.67,94.12,257.83,402.05,244.5,480.75,63.42,210.03,552.23,168.32,270.77,59.85,689.77,418.99,377.41,100.4,220.72,498.0,150.81,150.94,229.56,192.4,273.23,246.03,398.38,198.5,388.66,320.26,129.12,424.69,323.32
2024-10-01,194.32,201.29,188.43,377.74,427.85,336.98,93.03,550.41,282.35,303.97,339.22,140.95,161.14,140.72,407.44,127.27,368.9,391.41,551.36,295.57,509.26,352.23,326.7,346.2,140.08,141.87,172.26,146.48,111.98,503.21,270.94,237.61,265.93,152.63,361.98,437.58,114.34,135.43,102.78,478.3,446.33,231.77,541.83,226.16,330.53,323.18,52.94,292.66,46.94,335.26,469.94,76.12,169.51,278.57,389.15,100.81,117.21,517.39,339.49,137.58,296.12,318.16,275.7,358.21,396.96,325.71,177.99,374.27,98.5,225.13,196.69,94.78,252.54,395.21,245.59,454.17,62.51,207.01,537.87,165.3,267.69,57.3,663.2,412.37,386.16,100.37,222.33,494.48,153.98,150.57,235.48,199.48,270.24,244.08,395.49,198.52,385.5,326.78,127.52,419.61,316.34
2024-10-02,192.99,199.27,190.11,387.72,413.1,353.95,93.9,518.88,273.19,309.58,333.65,141.92,159.47,144.37,411.75,125.83,368.59,389.62,544.81,303.86,511.3,344.22,311.86,341.0,134.56,145.75,172.93,145.25,114.75,505.3,266.36,240.9,262.03,155.45,349.56,454.69,115.45,136.09,103.63,468.49,454.98,232.77,546.52,229.64,322.34,330.82,52.93,291.45,46.04,332.97,478.12,78.69,170.03,276.48,395.37,94.32,117.17,505.41,341.26,135.12,304.62,299.71,279.18,355.4,398.62,325.92,173.6,372.57,99.8,232.6,186.58,95.28,253.74,386.51,241.1,465.35,61.92,210.33,544.67,165.06,274.08,57.8,657.23,408.63,401.78,100.91,222.53,502.69,154.65,152.8,231.27,201.1,275.79,242.22,394.96,196.36,385.99,329.59,130.79,433.96,317.26
2024-10-03,189.68,200.01,188.11,382.29,424.97,368.0,94.16,535.88,279.73,326.16,340.72,143.14,158.04,146.84,407.05,125.01,381.2,386.83,555.4,309.29,508.86,337.27,312.64,330.55,132.47,150.38,174.58,140.93,113.02,517.68,264.71,245.97,263.01,159.25,342.39,451.89,116.98,143.25,106.34,469.5,438.85,224.22,536.59,229.64,317.06,339.52,51.83,293.45,50.24,335.35,482.69,77.44,160.68,282.28,392.84,94.28,116.88,508.64,349.89,137.3,311.52,289.51,284.3,351.35,414.99,324.29,177.69,371.33,98.65,244.03,195.55,94.5,261.28,386.34,242.33,440.11,62.61,214.65,546.98,166.85,279.62,58.76,658.62,413.08,406.18,98.75,228.78,488.47,155.45,151.47,232.95,200.58,275.73,244.17,388.64,196.42,381.09,329.24,126.41,444.12,322.55
2024-10-04,189.28,195.48,187.43,379.06,424.71,372.65,94.05,537.15,282.63,335.27,347.96,148.9,157.92,146.68,410.08,122.54,377.09,384.32,540.49,307.74,490.41,336.16,316.21,324.44,135.68,142.99,174.47,142.3,112.03,525.91,270.39,241.34,257.66,157.41,344.98,441.08,115.73,143.83,107.96,460.81,437.74,228.18,554.72,226.49,328.85,341.75,50.38,294.86,49.84,346.87,486.47,75.2,162.67,283.44,390.18,92.04,117.56,501.05,356.86,135.44,306.61,306.04,284.24,343.11,417.53,324.72,177.08,379.3,100.8,249.71,199.86,93.08,257.71,388.42,241.76,457.43,60.33,215.19,524.79,163.17,270.31,58.28,677.06,409.83,410.33,99.62,229.11,489.39,154.97,150.98,228.38,201.8,277.83,250.22,391.8,194.03,377.45,327.01,124.96,435.33,313.32
2024-10-07,186.34,197.85,191.22,393.52,390.12,362.34,95.91,559.02,286.18,329.42,339.56,149.57,158.72,148.61,398.01,120.14,369.26,392.7,538.27,302.91,491.35,330.87,314.43,336.8,140.78,144.87,173.9,143.84,114.75,511.19,272.4,232.74,267.65,156.21,339.94,435.88,113.79,144.09,102.42,472.44,463.63,245.97,542.46,227.22,336.64,340.91,49.2,294.27,49.62,343.88,498.57,73.71,167.02,285.72,388.08,95.28,115.95,502.57,364.96,137.57,317.75,289.85,284.57,333.17,416.54,312.17,180.18,385.29,101.5,252.22,203.61,93.23,264.58,395.73,247.33,467.63,59.46,210.48,550.87,166.56,265.3,59.28,673.41,407.3,392.07,98.17,230.58,490.61,153.99,152.92,230.11,202.02,280.69,255.83,400.15,196.52,379.56,334.71,126.53,460.54,296.38
2024-10-08,186.31,197.14,186.43,395.61,384.99,367.35,95.53,549.38,277.82,331.27,338.19,149.62,163.39,147.6,408.47,120.94,377.62,387.79,550.42,304.66,479.51,322.96,304.83,344.0,136.06,145.38,176.85,140.7,118.07,497.59,265.37,232.31,270.25,156.91,337.68,415.96,113.06,143.53,103.36,475.15,472.8,236.33,538.56,220.57,339.94,346.3,48.51,291.18,46.76,342.03,481.4,72.33,164.56,285.75,395.59,97.09,116.2,500.7,365.51,139.77,311.75,297.87,297.9,328.15,391.48,314.94,186.08,381.4,99.86,249.89,202.14,95.77,259.89,397.91,246.28,456.36,58.74,206.74,557.89,164.01,259.24,59.29,690.41,408.72,394.26,96.66,233.37,495.44,151.5,154.55,229.79,202.77,286.69,260.28,405.13,197.33,385.48,342.55,125.25,470.96,291.27
2024-10-09,189.87,200.58,181.78,389.21,384.0,357.12,95.68,610.44,269.99,342.13,334.78,152.89,165.49,150.28,398.33,124.76,366.06,384.08,531.16,310.71,476.97,329.92,303.98,343.97,138.19,144.01,176.32,140.12,117.22,523.97,266.04,229.41,273.21,160.08,340.91,429.62,111.62,143.61,106.34,487.14,467.92,237.77,565.61,224.27,345.36,341.78,48.88,294.84,46.75,335.52,470.22,71.02,162.53,282.54,398.27,97.04,118.54,504.66,366.82,138.75,308.74,288.42,298.5,335.18,384.54,316.15,189.73,392.45,98.5,250.53,197.92,94.71,264.5,403.2,248.25,454.27,58.41,204.12,562.71,158.96,257.6,58.98,672.22,418.2,400.87,96.48,229.27,489.75,151.74,154.23,227.91,205.84,290.96,264.24,393.79,194.47,383.57,341.24,129.79,459.62,285.99
2024-10-10,188.73,198.51,183.83,388.97,395.74,360.4,97.2,644.39,271.63,328.54,338.31,153.2,164.59,144.45,398.4,124.83,365.95,373.67,547.46,305.47,467.72,325.39,297.89,346.65,139.41,140.68,179.16,140.25,116.99,504.97,255.27,229.88,279.03,160.66,345.19,427.82,111.89,142.79,107.52,502.69,449.65,235.89,576.78,222.66,337.27,336.4,49.1,291.72,46.8,334.02,487.01,72.85,159.42,286.02,400.04,97.21,117.4,502.89,349.76,137.32,303.16,282.43,301.19,325.64,401.57,322.43,190.62,397.77,98.52,251.1,205.15,93.66,260.97,400.31,248.45,461.64,57.64,202.43,553.28,158.11,272.98,57.42,659.53,423.42,405.83,97.14,227.92,474.88,150.6,155.64,227.43,205.46,284.12,264.46,389.15,193.46,383.54,324.52,132.02,455.04,278.07
2024-10-11,186.56,197.5,181.61,399.17,393.44,361.94,96.48,625.65,260.31,329.46,338.34,152.98,160.77,143.97,413.09,130.01,354.65,378.33,559.7,305.18,476.1,337.29,297.87,337.04,139.53,142.37,179.42,139.9,116.1,524.78,273.12,231.43,274.38,158.78,351.86,447.29,113.23,140.35,106.28,510.37,471.33,228.77,585.87,222.19,336.34,330.92,47.98,291.42,45.32,335.91,494.23,73.43,158.27,283.34,395.15,96.52,115.6,509.59,347.46,134.65,302.51,292.33,296.31,318.73,410.91,312.45,190.63,390.21,99.47,259.53,199.04,94.31,255.77,411.05,248.67,481.74,58.83,208.36,595.64,158.51,267.76,57.64,671.06,416.54,398.84,96.41,216.45,469.33,150.3,158.35,226.8,207.15,281.56,263.92,382.06,191.71,385.68,336.13,130.4,447.39,275.84
2024-10-14,189.11,200.75,189.93,394.69,380.67,360.61,97.89,615.52,266.69,327.48,338.88,152.28,161.65,138.58,411.0,128.23,345.78,377.11,527.62,298.78,478.96,334.51,291.49,324.78,142.13,143.0,179.6,139.37,116.96,532.49,270.0,235.64,279.49,155.15,339.38,457.75,113.84,139.23,107.29,524.24,482.08,239.05,592.84,217.98,348.08,331.97,48.74,294.32,45.53,327.29,477.69,72.05,157.49,283.77,391.08,93.6,115.99,510.28,350.27,134.31,305.59,299.76,303.89,317.62,406.8,312.56,187.52,396.07,102.56,263.98,201.88,94.64,250.63,407.88,251.85,489.98,58.6,209.21,576.76,163.28,254.85,55.12,663.33,423.58,409.92,95.74,221.41,462.13,147.57,158.46,230.15,209.85,275.01,269.29,385.04,194.22,383.38,340.06,138.79,448.13,265.59
2024-10-15,190.43,205.09,192.21,400.15,374.95,369.07,95.61,593.59,273.94,333.5,340.02,154.6,164.26,136.56,404.18,128.64,351.89,394.56,540.58,297.29,485.72,341.34,277.55,323.59,146.12,137.19,181.82,140.68,119.17,523.38,281.39,233.66,287.85,152.57,348.24,445.15,113.09,143.13,102.69,509.96,488.46,252.2,601.14,220.98,349.32,324.32,49.31,291.55,44.18,332.62,466.14,72.34,154.84,282.22,388.14,92.22,114.37,505.77,348.65,135.12,319.26,297.41,308.55,323.41,408.41,312.13,182.95,391.22,101.66,263.69,203.28,94.97,251.53,405.38,256.31,507.21,59.2,207.69,577.53,161.8,250.31,54.88,650.9,427.14,398.15,94.16,223.39,459.6,150.47,158.19,231.38,209.69,281.0,269.62,382.51,192.8,383.61,342.28,132.97,445.91,274.73
2024-10-16,188.69,211.95,192.28,379.6,376.17,357.35,96.98,589.92,271.97,335.19,338.76,153.66,164.17,136.67,404.85,131.25,340.58,394.51,523.0,291.77,487.89,345.76,289.91,308.56,148.02,133.18,184.67,142.0,117.99,500.51,273.65,235.36,295.73,150.18,339.17,471.71,113.92,144.09,102.02,505.18,478.05,253.26,602.77,221.82,351.34,329.75,49.62,282.73,43.87,336.02,454.28,71.84,153.49,287.05,384.15,92.2,113.7,504.64,344.03,133.78,308.59,293.53,295.32,316.08,406.59,313.41,187.48,400.88,101.63,270.97,199.54,93.43,245.41,403.59,248.72,515.19,58.7,205.73,598.49,163.78,238.39,54.44,658.7,432.53,386.28,94.97,227.05,455.64,149.38,156.16,233.38,205.8,287.69,275.51,388.83,189.98,385.62,343.07,135.25,448.13,278.29
2024-10-17,193.65,210.39,193.47,371.3,376.02,366.0,97.25,587.19,269.23,329.72,336.92,153.66,165.47,133.53,412.18,127.81,331.59,401.31,535.87,284.43,490.84,341.54,293.02,302.52,144.97,132.19,186.01,140.72,116.64,522.47,265.84,233.94,295.18,149.29,346.51,468.12,114.0,141.48,101.32,517.93,487.23,253.49,625.48,219.83,365.24,325.15,48.81,283.34,42.85,338.21,451.35,71.85,153.96,292.46,391.28,95.4,113.17,511.01,337.63,132.41,305.01,287.84,295.99,315.3,411.07,318.33,187.12,400.53,103.83,264.52,200.06,89.68,248.37,410.97,251.88,498.05,58.5,206.76,614.87,162.35,234.53,54.05,659.9,413.74,382.01,95.06,227.41,450.81,150.67,154.6,230.69,201.32,277.63,272.69,381.09,189.89,382.95,339.23,129.83,434.74,285.19
2024-10-18,195.64,211.81,191.87,379.28,372.17,362.67,97.15,572.12,264.18,333.89,339.4,153.83,165.27,133.99,407.28,120.72,332.69,415.08,525.13,285.9,480.22,345.6,294.38,304.55,142.69,133.99,184.16,141.95,110.76,525.22,266.59,230.88,300.23,150.49,341.5,468.64,114.01,137.77,104.81,504.08,471.56,247.2,616.85,217.93,374.93,320.24,50.35,284.91,44.03,343.08,452.55,71.36,155.74,298.09,396.25,94.95,114.0,508.56,335.05,132.24,295.23,300.88,291.33,308.62,425.42,328.89,185.68,404.0,106.11,276.1,199.13,91.12,249.5,414.31,247.13,495.44,57.74,213.35,625.43,160.05,230.2,53.65,647.65,417.62,392.77,93.79,223.99,445.2,149.05,152.73,227.35,208.03,284.95,270.67,381.35,193.34,378.2,346.4,124.51,427.01,296.26
2024-10-21,197.54,212.4,190.42,364.93,375.94,366.25,99.02,548.41,264.25,331.93,348.86,152.25,153.3,131.39,411.74,120.17,340.63,427.14,541.62,279.6,493.28,339.79,297.77,298.95,144.32,127.02,183.98,140.69,112.7,524.92,267.15,233.32,296.82,149.64,328.91,457.46,113.29,137.8,105.24,498.44,488.49,250.04,610.24,218.61,373.89,325.44,50.58,285.27,43.2,343.97,458.15,69.9,152.62,300.4,400.96,93.19,115.81,501.44,329.95,128.73,280.3,302.96,282.7,306.13,416.33,327.85,183.25,414.26,108.14,271.66,198.02,90.74,240.93,416.19,254.34,505.46,57.64,211.89,635.49,161.38,229.62,56.63,635.3,422.39,381.63,93.97,222.08,451.12,150.68,150.87,227.44,209.85,289.06,264.78,382.19,193.59,370.34,347.38,130.25,424.32,296.96
2024-10-22,197.62,206.07,185.07,345.8,380.1,366.23,98.5,579.41,271.39,344.88,351.93,155.05,151.37,132.76,423.98,118.61,331.55,422.78,530.84,278.01,497.78,337.58,292.26,280.76,137.33,125.22,185.49,141.51,113.45,532.16,274.98,239.34,300.2,154.26,313.07,461.16,110.73,132.61,104.86,516.92,472.03,239.02,625.29,218.58,363.77,329.3,51.61,279.42,44.18,345.14,455.21,71.27,152.94,309.7,395.27,90.13,117.43,496.72,328.09,128.39,273.43,313.47,283.33,286.57,421.56,324.53,180.3,412.89,107.79,272.83,202.22,90.82,246.59,413.73,259.17,510.33,57.53,211.39,611.81,161.56,221.73,54.49,659.26,421.55,379.81,91.85,225.4,440.87,151.59,153.39,231.58,212.25,290.57,263.67,384.1,191.45,361.99,359.62,137.36,422.27,306.92
2024-10-23,201.46,204.3,186.89,339.98,383.79,361.66,98.95,583.52,274.95,346.72,352.86,153.4,148.77,126.97,419.21,118.37,324.63,428.08,543.25,275.19,504.5,338.09,286.95,275.47,136.47,132.69,184.73,139.44,111.23,536.49,267.03,242.21,297.56,155.9,297.83,471.91,110.27,134.08,107.68,516.72,481.36,239.16,627.52,222.0,366.68,327.4,52.36,275.59,43.43,346.92,463.94,70.88,153.26,311.28,389.77,86.21,120.0,495.47,324.54,126.46,272.25,313.1,287.0,274.95,428.11,325.4,180.71,402.73,103.46,272.52,202.98,91.07,247.4,418.54,265.45,503.13,56.13,212.33,624.41,155.83,241.14,54.69,672.11,422.88,396.32,93.57,228.14,446.97,152.8,154.3,229.1,214.08,290.63,261.07,381.05,200.34,356.52,349.68,135.29,409.74,304.66
2024-10-24,201.3,206.9,188.48,329.62,361.23,357.95,99.41,582.7,282.76,356.26,348.01,152.16,143.31,133.37,424.84,117.03,309.42,427.76,531.44,283.35,511.6,324.2,292.93,287.37,135.3,131.88,178.8,142.43,107.83,538.86,269.4,246.04,292.89,160.75,292.93,478.72,111.19,135.9,111.04,505.02,489.78,248.81,571.85,218.81,360.25,324.55,51.68,279.34,43.89,345.77,457.31,70.39,150.72,313.64,379.02,86.41,119.84,498.69,328.25,127.81,281.95,298.57,279.6,277.64,421.51,320.97,188.15,406.43,102.57,270.62,196.2,90.63,250.78,419.4,269.71,509.68,56.29,215.4,643.77,153.52,231.47,55.37,721.78,424.73,385.05,92.09,219.12,435.62,153.7,155.4,228.37,213.35,301.3,262.21,376.7,198.88,359.79,348.3,131.14,424.67,298.15
2024-10-25,201.31,208.67,185.8,332.79,349.88,360.18,99.62,569.58,291.9,342.5,344.58,148.03,149.89,132.16,427.7,116.73,313.82,434.45,545.31,288.5,517.04,317.31,290.2,275.63,138.9,129.02,175.98,141.98,107.79,542.99,280.34,246.58,289.19,163.58,303.54,453.71,111.69,131.5,113.35,496.49,480.14,255.32,571.6,216.74,359.56,326.08,51.4,280.1,45.38,328.75,442.71,69.0,153.04,310.64,396.07,85.48,121.78,507.85,329.46,130.18,299.77,305.22,274.93,288.55,444.35,324.96,182.97,408.18,102.99,272.17,183.0,93.44,246.68,431.58,271.41,506.15,55.83,212.07,660.69,158.44,232.97,54.7,733.34,419.8,379.47,90.67,218.83,440.36,153.32,153.05,228.88,212.48,298.19,259.91,370.65,194.15,362.28,353.83,135.19,430.02,306.98
2024-10-28,197.42,208.08,183.98,326.18,351.3,365.48,100.5,563.67,294.02,342.17,345.99,150.91,148.41,130.3,423.25,114.85,320.43,429.6,539.53,297.95,522.03,319.8,298.63,277.23,133.42,125.47,174.7,140.43,105.65,550.19,282.38,244.51,287.96,162.45,294.29,473.93,108.13,135.26,113.04,505.8,480.41,248.05,560.1,218.65,351.46,329.76,52.66,276.91,45.07,327.47,462.18,69.23,154.93,307.07,393.41,88.59,122.78,513.29,325.65,128.77,300.95,308.81,270.41,285.9,438.47,327.0,184.75,409.56,103.73,276.44,184.65,93.1,239.39,434.89,271.13,505.23,54.91,208.84,664.65,156.6,233.83,54.03,715.7,419.27,377.29,93.65,216.83,437.66,153.62,155.68,237.68,209.07,305.13,256.64,371.81,196.25,366.76,356.52,133.21,424.04,323.62
2024-10-29,194.89,203.62,182.17,330.14,340.15,347.5,98.55,560.32,306.88,341.06,337.03,144.9,150.38,132.46,430.64,112.97,334.54,432.19,547.57,289.51,536.87,322.91,301.9,286.74,130.34,127.29,170.9,138.22,114.38,532.38,278.17,243.11,291.53,156.75,302.72,477.57,110.2,143.54,113.16,511.49,475.27,250.78,569.2,219.86,355.53,332.15,53.19,274.85,42.94,326.85,446.11,67.93,156.25,297.92,388.19,89.3,124.03,515.94,327.1,130.74,300.82,309.23,252.89,298.47,449.65,320.68,183.8,413.89,106.18,280.89,190.38,94.71,241.09,431.06,266.78,531.24,53.42,210.74,664.52,164.23,229.37,54.04,721.32,424.9,378.52,93.52,217.28,443.7,152.74,159.66,240.44,215.26,304.39,255.33,361.79,192.64,367.68,354.23,133.29,422.58,328.9
2024-10-30,195.47,201.81,180.88,346.29,333.84,338.1,98.82,542.51,306.52,335.63,336.34,145.81,149.41,136.47,427.84,113.75,334.66,438.84,541.96,289.01,543.92,329.37,289.91,291.37,126.3,125.77,168.45,139.24,111.02,522.75,273.4,236.31,296.06,158.38,285.42,475.42,109.78,141.73,115.98,516.2,484.48,241.29,543.64,227.11,350.4,339.78,54.82,269.9,41.32,328.38,432.33,66.84,155.19,294.6,392.7,90.98,122.65,504.86,315.69,127.98,303.49,297.72,251.26,285.66,452.55,317.75,180.36,411.73,105.5,278.93,190.43,94.68,238.16,432.85,262.77,545.15,54.37,209.96,673.54,166.46,233.44,53.66,707.25,429.86,373.11,91.74,217.76,452.03,151.92,156.72,241.99,210.08,303.55,261.64,355.12,197.06,363.63,359.01,134.73,422.13,316.4
2024-10-31,198.17,202.44,179.55,341.36,332.8,326.37,100.25,540.33,296.27,324.0,333.63,147.04,150.14,134.54,421.04,111.11,344.33,436.77,544.18,290.3,523.52,329.05,296.7,293.36,124.49,120.18,166.83,139.46,114.16,516.17,276.16,239.23,299.51,156.39,285.35,487.61,111.9,139.79,115.33,521.72,476.62,231.89,545.82,223.57,357.2,338.09,55.92,265.44,41.92,329.38,447.96,63.93,159.57,290.85,394.43,89.43,122.74,498.75,312.81,125.46,306.61,298.24,254.93,283.49,453.76,318.63,175.91,412.95,104.44,276.41,187.71,92.28,231.3,437.16,265.96,544.93,55.02,210.52,681.94,166.07,240.5,53.45,697.77,434.22,363.38,90.1,220.57,453.88,152.07,157.73,233.23,214.02,297.54,261.13,348.49,199.28,365.2,349.17,137.36,414.03,327.65
2024-11-01,200.49,199.31,176.82,335.06,319.83,330.31,100.73,528.25,296.64,328.37,328.37,150.15,150.75,134.47,423.65,110.06,348.66,432.52,552.41,289.08,533.46,331.66,279.78,291.38,124.62,117.51,165.76,137.33,118.37,516.12,272.74,240.61,300.22,155.89,283.87,495.65,110.87,139.71,111.96,532.9,472.46,235.0,545.42,228.87,354.97,331.63,57.58,270.85,40.52,316.63,445.15,64.17,160.46,287.83,400.37,94.81,118.9,500.68,313.53,125.5,313.68,290.34,258.12,279.6,457.86,325.72,176.25,410.91,104.4,279.8,188.46,94.89,230.07,430.78,265.92,541.83,55.99,213.0,651.57,164.53,237.98,53.92,709.99,432.06,359.11,89.92,223.3,460.8,151.85,156.78,235.92,217.51,294.18,259.86,343.75,203.64,368.76,353.73,140.25,421.92,314.99
2024-11-04,206.35,206.43,171.36,339.15,323.31,333.51,99.35,492.61,298.73,329.08,335.04,148.14,153.84,134.13,415.16,111.92,337.85,432.64,569.78,289.93,529.17,325.98,284.66,301.25,123.71,114.91,165.24,139.37,121.68,502.03,263.38,246.44,302.66,156.51,290.49,516.93,109.87,136.03,110.7,521.92,459.84,227.84,546.71,225.53,364.93,327.7,57.92,272.74,40.32,313.63,425.57,66.14,160.18,291.64,396.36,95.03,117.56,493.29,314.17,125.95,301.94,288.36,257.11,267.82,488.71,329.3,182.92,406.38,104.34,281.23,191.01,94.18,220.76,427.18,264.01,561.52,56.66,212.45,647.83,161.94,240.54,53.61,722.28,442.56,355.76,91.72,219.41,455.42,153.62,158.04,236.04,217.15,297.72,255.2,348.43,203.61,374.36,359.67,139.47,426.37,298.63
2024-11-05,200.46,205.87,166.81,318.98,323.84,342.04,97.9,511.62,310.81,319.42,340.99,148.22,151.28,131.02,418.58,110.43,339.96,428.32,573.96,287.26,521.45,323.5,282.6,301.69,124.14,115.57,167.12,139.06,124.32,503.89,256.99,247.05,304.77,155.34,290.03,527.87,111.07,134.34,105.8,520.88,456.7,224.42,549.1,219.86,363.17,338.43,59.21,271.1,41.51,308.99,428.8,65.61,155.77,289.2,396.92,94.75,117.86,490.18,317.43,122.06,310.17,285.21,261.91,281.31,495.8,326.49,178.96,407.07,102.81,286.41,204.77,95.3,219.69,427.62,256.77,553.26,57.41,209.37,611.4,166.25,230.85,53.37,700.34,447.11,346.96,90.95,214.9,452.55,153.64,156.98,227.45,220.75,296.09,254.11,362.52,205.13,373.82,371.07,132.79,435.79,295.52
2024-11-06,203.37,207.13,166.96,318.14,333.95,346.46,95.91,487.84,309.92,314.28,334.24,145.75,148.66,136.33,420.8,110.91,346.19,423.51,555.53,286.23,522.09,316.76,288.6,307.04,122.47,117.66,165.35,138.13,130.51,516.15,261.46,251.24,303.95,151.68,281.62,534.74,110.94,129.74,109.03,523.89,455.66,235.03,543.36,216.51,365.58,337.67,56.83,278.14,42.23,321.37,421.21,67.56,157.78,285.5,394.44,95.2,121.39,492.36,322.29,119.91,318.55,275.08,267.41,263.73,500.01,327.17,180.86,408.2,99.66,289.56,209.98,92.35,224.91,434.58,259.97,549.15,57.4,206.56,632.62,165.24,241.39,55.86,700.61,452.27,331.78,91.36,212.41,454.45,153.32,154.26,224.45,222.09,293.68,245.3,362.83,208.09,380.03,365.59,127.03,433.99,296.0
2024-11-07,201.6,210.76,168.28,316.81,329.18,340.33,96.44,484.69,316.17,316.1,334.14,145.95,145.75,129.74,401.83,111.11,355.72,418.47,542.07,290.38,533.18,324.95,300.88,314.42,124.0,121.58,164.31,139.85,135.63,514.61,251.47,250.53,305.23,149.52,277.91,531.86,110.45,131.55,107.62,505.11,452.72,240.08,562.83,217.46,372.28,339.66,57.53,276.93,42.22,330.37,426.19,67.66,159.38,290.34,403.77,96.44,123.09,495.51,320.66,123.08,324.26,275.58,259.34,272.26,514.13,324.13,182.07,410.73,101.15,280.59,210.75,92.75,222.66,428.94,250.0,540.45,58.47,207.71,619.78,167.82,238.1,54.67,682.85,442.19,351.31,90.78,211.38,461.0,153.94,152.17,218.01,219.43,287.61,248.12,369.33,207.97,379.82,356.59,129.36,434.46,311.32
2024-11-08,202.64,210.52,167.53,322.67,332.79,336.51,97.52,495.68,321.2,305.11,328.09,147.93,144.51,129.08,414.05,109.67,343.44,432.78,540.25,288.07,553.2,320.96,290.94,314.53,127.79,118.8,166.08,140.95,143.82,508.6,246.12,253.34,308.73,150.9,271.06,517.88,108.89,130.77,106.63,517.94,454.02,242.84,554.6,216.63,383.02,336.76,57.26,276.14,42.98,326.49,427.56,68.37,159.41,285.89,402.32,100.08,121.69,500.95,311.51,123.9,320.19,267.69,259.34,278.11,540.1,317.79,186.34,403.2,103.67,285.3,202.83,93.99,223.39,419.64,253.2,550.23,59.08,205.79,593.07,171.79,240.76,54.7,683.0,445.56,353.54,88.75,208.8,450.08,154.01,152.65,210.41,222.63,294.57,244.18,385.45,208.55,373.0,355.77,126.89,432.49,312.35
2024-11-11,202.48,207.05,165.87,322.57,327.03,340.53,98.02,495.22,327.77,303.49,333.02,147.45,145.94,130.38,408.56,111.93,339.41,432.1,544.19,285.4,550.88,303.4,279.85,314.8,126.54,119.56,161.98,143.06,142.92,494.46,262.52,249.47,309.26,149.43,262.73,525.79,106.51,132.11,110.45,528.51,443.14,244.8,544.86,212.7,386.86,340.78,55.84,274.99,41.51,313.41,438.94,68.14,157.84,290.71,400.64,103.06,123.55,511.32,322.41,120.75,319.99,272.64,253.11,267.0,541.94,309.27,185.95,402.56,101.84,284.08,192.55,96.05,219.64,414.97,255.84,542.61,58.6,205.9,602.23,169.67,245.44,54.65,681.67,445.08,367.04,89.86,206.98,447.04,150.72,150.61,204.06,223.29,296.46,239.36,375.7,210.2,363.38,357.97,124.85,434.32,303.98
2024-11-12,208.55,210.78,166.16,330.04,322.98,351.21,98.04,498.23,341.17,318.61,339.58,148.76,149.95,136.23,405.59,114.62,325.8,439.51,542.19,291.27,525.94,296.74,272.19,307.98,127.63,115.61,161.82,143.77,145.53,532.13,257.73,250.7,304.27,149.96,266.18,533.27,106.08,135.78,113.01,541.03,453.5,226.47,558.79,210.98,389.81,334.22,53.11,274.85,42.06,315.35,439.82,66.03,158.28,288.21,401.99,103.83,123.48,515.04,328.75,122.04,315.04,274.21,251.27,266.42,545.85,310.28,185.21,402.29,102.62,285.99,193.99,95.18,223.3,408.33,254.21,556.01,60.29,205.92,642.0,168.64,232.45,53.93,680.72,449.09,364.95,91.68,206.93,449.25,152.2,154.84,202.06,229.87,299.86,235.46,393.91,209.09,370.31,350.88,126.78,430.92,312.51
2024-11-13,210.39,211.51,170.04,323.51,334.25,344.1,99.77,479.42,333.35,316.37,338.32,151.11,151.96,140.55,408.44,113.98,316.02,445.28,545.69,289.17,536.37,301.47,281.63,312.86,127.43,120.93,162.65,145.89,142.45,544.76,240.33,257.04,296.97,150.04,270.38,508.13,106.43,135.65,114.37,559.7,428.93,236.61,553.52,208.94,387.1,341.96,53.54,278.43,42.9,315.26,437.66,66.4,159.4,289.34,403.03,106.84,123.08,524.97,319.24,123.32,320.68,272.94,253.09,264.64,561.63,311.34,179.05,408.92,100.35,292.32,201.64,96.92,219.34,416.95,255.06,560.42,60.25,208.44,644.66,170.59,230.45,53.96,680.71,451.42,367.27,91.02,210.35,460.1,148.73,156.36,203.23,225.59,294.75,235.03,387.23,208.66,366.66,373.14,127.87,428.66,312.09
2024-11-14,209.98,210.01,168.85,328.92,328.89,352.36,99.21,499.7,318.06,324.12,337.12,148.88,150.11,138.88,419.22,115.03,302.52,452.46,554.31,283.93,563.45,295.76,294.5,312.92,130.39,123.04,165.1,145.15,135.75,534.94,241.07,258.48,295.1,154.54,262.81,519.48,104.78,134.82,115.68,576.34,431.62,245.18,542.19,213.37,379.4,335.64,55.41,273.85,41.58,320.04,436.86,65.8,153.33,289.33,406.92,106.7,122.08,515.3,321.75,123.81,315.21,276.77,256.78,263.41,589.38,310.42,179.88,404.8,99.46,287.23,199.2,95.91,217.47,420.88,252.4,549.04,58.43,213.77,636.49,170.34,223.64,52.89,720.97,452.43,382.84,90.68,210.25,466.35,148.08,156.8,203.66,228.77,295.0,239.97,398.76,207.8,366.97,359.66,134.32,433.86,309.87
2024-11-15,201.42,212.73,165.02,332.85,350.68,355.26,98.94,489.11,334.93,325.9,340.45,150.19,150.76,142.24,420.24,114.01,295.36,445.52,554.17,280.61,565.62,298.02,305.58,309.66,128.58,123.52,164.28,145.1,140.68,528.54,243.47,258.61,289.68,150.66,260.02,522.14,106.11,139.73,119.94,585.98,430.61,247.76,548.5,212.12,377.72,324.18,56.12,272.61,40.98,322.79,437.03,65.55,152.2,286.88,407.75,108.73,121.23,514.65,315.01,123.29,307.94,294.26,250.57,264.5,585.81,314.03,174.46,404.03,101.29,286.05,196.61,96.46,217.01,420.64,251.44,542.98,59.01,213.86,638.92,167.76,224.46,51.69,735.49,440.5,382.2,92.32,213.26,466.39,146.26,159.57,205.24,235.41,297.21,242.56,400.72,205.06,369.55,367.86,136.45,422.38,301.29
2024-11-18,203.34,212.96,170.85,345.22,346.32,356.58,97.71,486.22,328.81,319.3,338.23,149.22,149.45,149.32,410.99,116.16,306.07,442.48,512.79,285.06,581.06,289.65,300.16,317.49,127.79,123.24,163.04,142.85,140.83,518.23,246.53,264.23,284.58,149.39,264.18,532.12,109.67,142.09,121.15,584.13,413.09,241.33,549.07,215.29,371.86,339.48,54.87,271.41,41.56,318.33,444.01,65.24,147.63,286.45,408.81,111.04,121.03,520.32,322.49,120.3,307.63,283.48,249.32,254.06,601.92,317.86,177.38,408.53,100.77,284.19,194.83,98.81,211.32,417.32,254.49,522.31,58.56,210.46,629.6,166.95,225.67,51.69,705.86,450.43,366.79,93.64,207.56,478.57,147.0,165.2,205.58,241.56,309.15,241.97,397.38,205.86,361.51,364.09,137.94,424.48,291.14
2024-11-19,202.25,207.75,167.8,338.22,334.34,353.37,97.55,487.98,324.1,317.6,340.11,144.25,149.8,148.97,410.07,116.6,307.4,439.39,502.47,290.45,591.06,285.63,306.63,301.97,130.58,121.68,162.83,144.31,141.45,515.49,249.19,262.61,275.21,146.89,263.83,537.71,112.71,142.79,124.53,606.98,400.4,236.7,557.01,215.54,379.71,339.15,54.19,278.0,40.35,318.96,452.58,65.22,143.67,289.46,407.96,114.07,120.67,511.41,323.99,121.16,305.29,287.1,249.58,251.74,608.33,321.05,179.56,408.9,99.33,288.14,194.7,97.06,211.49,408.92,260.72,524.96,58.79,208.6,636.4,166.0,231.79,51.23,689.66,454.42,358.72,93.35,209.74,481.87,145.32,163.52,207.91,242.57,308.01,238.92,396.31,206.67,356.84,359.51,137.81,423.58,290.37
2024-11-20,205.37,206.55,170.42,336.52,338.26,357.34,97.89,479.12,327.94,328.28,334.63,146.28,151.49,145.64,413.15,114.82,292.52,448.39,492.95,295.36,594.02,268.83,290.89,291.06,121.8,124.03,162.4,145.28,143.59,508.65,249.41,258.93,276.59,149.12,268.16,553.26,113.78,137.31,122.73,601.02,413.97,232.17,560.81,212.07,374.94,319.55,54.58,289.06,41.32,306.93,444.36,67.32,141.9,294.47,411.49,111.28,123.21,508.16,328.59,120.45,306.12,295.31,246.55,234.74,617.19,319.87,175.45,414.08,99.23,281.13,189.53,99.73,213.32,400.76,255.28,522.09,58.25,205.44,645.59,166.94,236.27,52.69,716.03,457.22,360.97,94.11,215.24,486.05,147.37,166.56,210.72,251.25,300.45,237.47,384.26,209.05,353.31,360.86,135.49,428.61,276.77
2024-11-21,203.95,205.55,171.09,334.22,349.43,358.48,98.05,482.06,337.26,322.99,334.74,141.63,157.75,144.08,405.09,116.85,289.0,447.83,493.34,291.68,578.96,265.19,297.19,313.07,122.95,123.49,163.76,144.9,142.51,519.62,259.64,256.95,270.96,148.32,274.54,536.21,113.9,134.85,126.45,596.98,420.31,241.0,554.34,208.49,395.0,308.97,54.88,287.66,38.77,315.66,470.8,70.6,141.85,288.65,405.09,110.27,124.49,505.45,338.11,119.95,305.99,293.03,247.7,232.7,620.67,320.6,172.97,414.94,96.39,276.44,180.19,100.56,214.93,409.34,257.95,507.96,58.01,210.91,642.59,166.71,237.5,53.49,690.98,449.87,367.74,94.51,216.8,487.9,149.1,167.6,208.77,249.32,305.35,239.5,384.96,212.71,352.63,351.78,136.24,427.92,291.47
2024-11-22,203.42,212.3,165.86,346.77,348.03,357.16,97.26,491.14,330.69,317.15,329.82,139.2,155.39,142.98,399.44,115.69,285.32,442.7,506.74,296.38,593.28,265.59,317.16,308.56,127.57,123.39,167.55,142.82,142.11,493.0,253.71,256.04,270.93,147.14,283.6,536.08,114.53,138.63,127.38,609.35,417.46,234.23,563.53,206.72,394.69,304.55,56.06,287.09,40.79,313.33,483.62,69.85,139.03,292.03,421.37,113.0,124.24,507.54,334.53,120.74,303.28,299.12,255.55,237.46,620.64,320.38,171.57,418.2,98.35,272.38,185.07,101.01,219.24,414.87,260.09,490.29,57.77,210.26,641.62,164.72,233.49,53.49,666.5,445.19,367.98,94.05,216.92,495.05,145.95,165.66,209.04,251.39,303.39,235.92,393.33,214.14,355.83,344.19,135.56,429.64,287.48
2024-11-25,202.29,212.24,167.29,333.63,372.87,356.31,97.11,486.03,331.21,316.9,333.1,139.91,153.77,143.65,398.97,117.26,284.63,432.33,493.52,305.0,587.59,258.33,334.5,313.22,130.04,129.83,168.07,140.1,143.68,499.23,249.47,258.08,274.29,144.56,283.17,556.49,113.78,135.93,125.3,595.15,415.27,235.99,550.42,211.04,396.98,311.84,55.4,288.19,40.18,311.2,506.04,70.92,144.98,290.93,417.03,112.49,120.85,490.28,338.67,118.79,305.02,296.23,262.67,240.15,626.36,318.85,170.64,416.87,96.29,278.51,192.03,98.37,224.72,407.84,251.19,504.97,57.33,209.03,610.21,166.9,227.89,51.72,675.97,441.83,369.23,94.06,215.63,493.9,145.34,161.93,215.75,246.33,312.23,232.74,391.47,217.55,357.32,345.47,135.31,424.52,286.08
2024-11-26,203.88,218.79,166.52,331.92,370.27,357.62,96.91,505.95,320.02,312.89,338.81,138.27,156.03,147.95,397.8,119.73,280.93,430.88,469.01,299.85,584.79,246.7,336.52,308.7,127.38,128.22,167.48,142.09,148.75,497.06,250.95,261.07,263.0,147.71,280.21,583.13,112.8,139.72,124.97,617.14,417.31,227.38,545.63,210.58,412.51,313.38,53.32,286.04,39.27,306.0,528.98,70.58,143.14,295.89,413.65,109.72,119.24,497.67,344.67,120.28,306.17,294.13,262.9,241.17,610.52,320.04,167.34,412.8,93.56,283.12,194.04,100.21,226.95,407.53,249.47,506.54,57.05,212.13,609.1,167.93,225.92,51.36,650.88,432.11,369.84,92.96,212.85,486.55,145.34,162.37,216.38,245.75,315.77,233.51,394.62,217.39,357.76,350.73,134.08,420.33,278.79
2024-11-27,202.94,217.64,168.78,327.47,362.57,352.41,97.33,531.68,329.76,319.18,344.78,135.48,158.14,147.78,399.2,123.17,281.98,428.96,454.32,296.81,572.97,248.24,351.38,312.97,131.52,131.34,167.74,141.06,147.78,481.37,243.74,264.22,262.8,146.34,283.43,591.19,111.72,140.88,125.46,603.64,396.99,220.13,545.43,211.73,406.37,319.6,51.32,281.29,39.01,298.54,519.85,71.65,144.23,306.02,412.59,106.83,118.53,480.4,354.67,115.97,307.39,290.64,272.39,245.03,617.4,328.6,175.56,402.67,95.52,282.64,193.23,101.08,235.91,401.15,252.84,518.7,55.77,213.79,626.49,166.85,230.0,53.29,649.69,438.05,367.38,95.65,211.78,476.32,143.63,164.29,217.85,252.37,315.29,232.4,394.24,215.66,357.74,344.01,135.68,417.11,283.35
2024-11-28,202.1,214.46,165.58,320.19,366.83,363.8,97.27,524.34,328.47,322.28,333.54,137.06,156.76,145.23,394.39,124.91,282.77,427.5,461.7,299.14,566.7,249.66,369.38,306.47,128.13,133.28,166.06,142.62,141.34,489.52,237.48,260.85,259.42,146.8,288.77,568.96,111.85,140.57,127.46,599.66,407.22,223.84,529.18,214.28,401.26,320.52,50.73,282.06,38.32,293.2,527.54,68.91,142.77,307.4,408.56,108.33,118.71,493.75,347.76,116.93,309.11,297.83,273.91,254.75,624.17,322.93,173.8,407.24,93.35,283.35,196.46,101.57,233.75,409.58,258.25,525.61,55.97,214.21,636.6,167.62,234.37,51.63,641.6,432.26,356.53,94.83,208.32,470.77,142.25,166.15,214.82,251.34,320.96,230.91,387.07,217.18,355.2,336.95,137.75,412.23,295.1
2024-11-29,202.83,207.22,169.19,314.03,372.5,351.67,99.16,516.26,324.13,304.42,331.45,137.18,154.41,144.15,401.41,127.07,289.51,421.22,452.98,297.16,557.25,249.68,361.05,301.51,130.38,128.89,165.87,143.61,137.42,488.37,243.51,260.59,253.94,150.3,307.32,589.27,111.29,144.31,127.26,600.43,419.36,214.85,543.2,212.01,409.33,309.04,51.3,281.59,38.47,296.94,538.23,69.77,139.51,316.41,411.39,106.25,120.01,481.69,348.57,114.71,301.72,294.99,272.36,263.94,659.83,323.9,175.45,404.96,94.95,284.62,192.55,105.0,232.54,410.02,253.85,523.62,56.5,218.61,681.6,169.45,230.17,52.61,662.17,417.73,366.27,94.17,208.22,466.25,145.07,165.92,217.05,253.92,318.72,236.08,392.83,216.92,352.31,344.48,139.37,411.37,289.89
2024-12-02,205.87,205.65,161.77,320.72,383.07,350.4,100.36,519.1,319.37,303.86,340.72,137.88,150.95,140.11,406.59,129.36,289.35,433.94,439.96,293.28,553.11,238.01,364.6,302.43,130.1,131.63,165.29,144.64,135.9,487.47,242.54,260.27,248.94,150.85,297.79,574.56,110.18,145.91,130.27,582.54,429.94,213.6,549.72,213.1,418.94,303.49,51.3,279.4,37.51,290.36,540.04,71.72,141.85,313.16,414.43,102.44,121.0,490.2,355.48,112.08,284.84,297.16,266.55,279.24,651.39,325.06,178.58,417.68,94.76,277.93,192.49,101.35,228.19,412.49,253.71,509.05,55.88,215.9,669.93,170.53,236.97,51.83,655.77,421.07,382.54,94.33,206.74,465.19,142.51,166.89,217.7,259.34,321.46,237.51,383.94,218.33,357.75,350.95,141.62,392.42,292.14
2024-12-03,205.78,210.23,165.72,333.31,387.99,359.56,100.54,519.03,315.61,302.73,335.42,137.2,151.75,136.84,398.5,128.7,299.82,438.85,451.81,300.02,550.74,240.63,353.81,326.08,137.45,135.23,166.48,140.91,135.74,497.27,234.9,264.98,250.53,149.31,301.31,570.5,109.32,143.82,133.5,594.68,429.62,209.9,534.34,215.85,419.58,294.97,50.93,280.62,37.5,294.74,550.6,71.19,149.22,311.31,414.33,102.09,118.78,487.9,354.11,115.05,283.5,307.1,269.68,272.3,681.21,321.72,172.39,409.51,96.53,279.83,188.32,103.9,227.82,427.03,256.41,523.7,55.77,213.28,694.73,165.81,239.11,52.04,650.42,424.88,374.91,95.12,211.79,471.4,142.28,165.05,215.73,257.7,327.78,240.02,382.79,219.57,358.39,346.15,142.42,393.53,296.6
2024-12-04,203.6,216.04,171.83,324.27,395.72,360.91,100.71,523.48,304.33,293.45,331.33,135.02,150.04,131.58,403.64,127.31,300.0,426.02,460.7,298.77,536.48,245.55,357.1,316.15,135.21,131.92,165.98,143.01,137.27,519.71,238.38,263.61,246.79,152.64,302.97,553.32,110.77,145.26,141.03,593.76,431.6,213.97,537.88,214.66,432.36,299.2,51.19,286.61,37.91,291.85,561.73,74.41,149.67,311.08,421.85,100.77,118.64,482.97,350.23,118.72,277.65,305.99,274.09,279.59,697.86,328.36,171.29,407.9,99.27,290.8,191.39,105.09,229.28,429.42,259.04,512.23,56.15,208.76,699.08,164.62,240.72,52.24,651.77,432.94,371.69,93.46,212.71,464.56,141.72,165.74,220.36,262.54,333.54,241.27,386.2,219.28,355.59,345.59,139.82,401.43,284.79
2024-12-05,208.55,219.14,165.4,335.2,399.87,360.43,99.92,526.32,297.87,282.7,332.65,137.88,150.48,134.59,405.95,128.84,305.1,430.96,443.62,296.63,552.85,239.57,366.32,330.49,134.43,136.39,168.34,142.33,134.66,509.74,241.0,259.02,250.69,153.07,294.8,560.63,110.9,148.19,143.45,598.76,429.76,225.54,536.34,216.28,437.18,308.74,48.85,282.27,37.23,288.11,579.52,72.65,146.93,307.07,412.86,99.45,118.89,482.01,348.38,117.67,276.57,317.95,268.6,281.26,693.65,318.24,168.85,411.56,100.68,291.37,191.58,106.04,222.23,424.68,255.75,510.68,57.37,209.5,685.04,164.72,244.45,53.96,639.7,447.41,374.02,93.89,220.86,454.92,144.12,163.93,217.89,265.03,325.81,235.11,377.87,218.83,358.69,341.23,140.09,379.01,284.2
2024-12-06,207.06,217.55,171.05,336.32,416.72,375.19,99.09,526.61,296.66,274.23,331.8,135.34,154.19,135.3,406.01,129.92,307.44,443.71,440.91,297.05,563.02,242.61,381.51,326.55,131.5,135.94,167.61,141.46,134.26,498.52,242.32,257.39,247.02,153.51,307.45,580.7,111.09,145.41,140.04,591.01,442.24,214.23,536.52,220.85,436.67,312.58,50.36,280.0,38.36,286.62,600.76,74.62,143.37,313.77,424.32,102.98,117.35,479.03,358.49,116.98,279.97,325.39,281.65,279.39,699.83,315.73,171.93,414.06,99.29,294.7,193.27,104.42,230.34,422.14,258.43,496.69,58.38,219.5,673.84,162.55,251.28,54.16,655.92,451.51,381.71,93.65,226.95,456.7,143.27,168.39,215.47,264.06,331.84,235.73,364.57,217.02,352.23,325.3,141.83,382.69,283.65
2024-12-09,210.15,219.58,171.31,321.13,414.02,383.43,99.27,518.41,305.8,280.18,336.23,132.73,151.19,130.54,412.71,132.56,307.3,449.51,434.3,296.69,573.25,242.92,384.43,334.86,127.84,139.3,169.8,142.81,138.69,473.18,242.96,256.38,242.31,152.63,323.27,576.6,111.92,151.21,145.65,576.26,469.37,217.98,538.46,221.12,447.9,305.3,51.34,277.24,38.16,289.07,609.12,74.17,150.13,319.45,430.25,106.08,116.73,487.97,354.78,116.88,285.62,314.53,285.34,290.81,708.77,311.65,171.84,407.95,100.27,292.28,191.7,102.73,222.71,422.63,253.08,489.9,59.35,216.67,681.11,164.63,257.18,52.46,635.96,439.7,388.08,94.51,228.51,454.45,142.23,169.37,213.86,269.67,324.59,240.06,395.78,218.14,353.34,328.45,142.63,383.19,295.08
2024-12-10,209.75,221.5,169.7,305.31,407.87,373.42,98.65,496.68,298.2,284.84,335.23,130.38,154.83,127.87,406.04,131.77,310.65,444.23,439.77,294.17,583.04,245.9,398.76,334.58,128.47,142.94,167.83,145.27,139.88,462.81,241.53,254.04,248.14,152.53,326.64,598.42,112.35,152.54,142.9,575.3,445.38,218.48,536.55,226.81,448.28,307.11,48.17,280.27,38.38,290.07,601.3,72.64,150.94,324.28,432.66,110.1,115.9,482.49,353.12,119.28,278.96,322.54,290.87,293.29,695.42,312.54,172.41,415.11,100.51,294.73,190.68,101.61,218.71,423.6,258.26,501.37,59.32,217.49,726.69,164.95,256.0,53.07,645.36,442.0,381.33,92.45,223.78,452.96,142.02,167.03,212.72,267.9,328.42,234.95,410.55,219.64,354.08,329.39,139.12,382.73,291.85
2024-12-11,209.51,220.09,170.96,308.85,410.63,367.45,100.13,527.41,310.49,302.05,336.76,130.17,151.92,122.18,399.84,130.34,299.06,444.49,444.0,290.34,594.27,249.95,417.51,336.78,125.65,145.21,163.87,144.87,138.9,474.94,233.61,261.06,249.37,154.07,335.79,607.02,112.54,148.15,135.47,563.13,440.03,217.45,524.04,231.83,444.0,315.65,48.15,278.33,38.19,294.7,627.98,71.31,152.2,326.9,439.53,105.88,115.83,490.37,360.19,120.76,278.44,302.91,291.91,283.9,722.96,314.56,178.32,418.51,98.26,301.49,194.18,99.28,220.64,414.44,258.64,499.34,59.35,213.4,728.84,160.36,263.26,50.49,675.06,448.78,387.91,91.54,224.31,468.81,137.74,170.55,212.21,264.25,332.15,241.84,397.01,218.96,358.31,322.5,140.89,383.35,290.77
2024-12-12,210.96,224.67,168.91,321.1,399.06,355.46,99.75,510.92,319.74,302.78,346.84,131.49,148.9,121.55,396.98,130.61,297.9,446.25,432.49,296.08,587.63,255.6,416.36,330.69,121.73,157.6,162.54,141.15,135.92,470.37,219.22,255.79,250.01,149.81,328.83,597.99,114.09,144.23,135.42,574.51,435.59,222.74,520.77,232.53,429.33,307.71,48.15,279.39,38.32,286.66,630.1,73.58,147.62,334.59,432.47,107.87,115.37,480.68,367.36,120.97,276.72,295.93,289.48,293.12,710.18,310.15,184.39,418.53,100.46,305.89,195.26,100.53,221.53,423.97,257.11,523.19,60.23,215.66,714.2,158.54,270.0,50.96,673.57,449.41,384.86,91.4,224.29,471.88,135.04,170.4,215.09,261.84,326.27,242.35,402.45,218.48,362.8,325.67,140.16,402.59,294.3
2024-12-13,214.42,210.72,169.31,348.69,382.23,368.54,100.19,495.65,313.07,300.94,340.37,130.87,149.38,122.91,404.14,133.12,300.93,441.86,428.82,297.9,591.46,268.0,444.72,330.14,124.87,147.26,162.95,139.51,132.91,464.13,218.13,256.68,255.65,150.8,319.8,571.1,115.86,139.1,135.42,560.73,427.65,232.2,524.34,230.59,429.23,311.28,48.57,280.32,38.12,277.97,637.36,76.94,149.18,338.01,423.81,106.33,118.13,476.49,374.4,123.52,285.1,294.35,290.59,291.04,692.03,303.98,182.39,431.17,99.81,300.61,191.16,98.42,216.08,422.52,259.37,537.58,60.21,211.97,753.95,156.17,267.48,50.17,673.36,469.23,376.14,92.6,226.22,470.21,135.9,171.02,215.98,257.85,332.1,234.61,399.5,213.04,366.44,317.56,142.55,393.54,294.31
2024-12-16,215.11,217.01,168.62,349.68,377.8,368.6,100.08,479.64,311.32,310.0,326.65,134.83,147.52,118.64,393.02,128.19,302.75,442.51,417.59,303.8,584.07,270.69,434.31,322.93,119.69,154.29,160.61,136.96,135.7,466.77,215.73,260.16,261.14,150.28,326.63,580.57,114.39,136.0,136.84,554.77,431.4,224.25,514.01,232.2,426.85,314.69,47.51,281.92,39.88,279.25,658.8,77.0,151.36,342.1,421.12,105.38,119.53,481.6,371.98,123.21,282.37,289.32,295.08,280.34,657.28,302.48,174.79,436.62,100.07,301.42,192.79,99.75,217.31,432.38,260.01,552.83,60.54,205.95,738.56,149.92,256.83,50.87,660.79,467.62,381.47,90.91,227.1,480.33,134.64,172.51,220.02,258.72,336.99,236.93,394.91,211.88,373.08,314.53,140.59,394.48,303.48
2024-12-17,216.73,222.81,174.02,340.75,366.9,395.58,100.91,469.89,307.64,303.21,325.57,133.98,146.75,124.69,389.02,131.85,310.72,423.52,412.3,305.89,547.39,264.92,429.8,328.82,117.69,158.6,160.39,135.33,141.6,472.77,220.41,257.31,261.28,154.3,324.03,567.54,115.96,138.99,140.64,552.78,430.71,224.72,512.19,228.84,440.02,314.88,46.63,281.65,40.29,265.05,674.86,78.63,156.93,342.85,420.01,106.52,119.07,478.32,369.95,117.29,292.22,284.63,286.06,280.91,676.5,308.2,171.5,435.06,101.21,292.84,189.72,97.79,220.72,420.08,258.32,558.36,58.76,199.67,727.09,151.94,247.43,51.32,619.72,483.25,374.9,92.21,218.21,492.16,134.9,171.4,219.58,258.27,344.77,237.95,395.44,208.96,373.02,312.03,141.23,393.95,298.91
2024-12-18,213.8,219.29,176.35,342.72,375.55,406.4,102.72,447.88,310.98,306.97,321.71,136.49,145.48,129.42,383.48,131.13,312.19,419.6,416.86,309.91,516.27,266.58,430.77,337.09,119.16,164.46,161.88,134.81,143.21,462.65,219.04,256.84,265.16,152.57,330.79,569.46,115.92,138.92,144.51,552.44,437.08,215.39,519.27,223.49,429.7,317.37,46.19,284.56,40.1,263.74,674.12,78.38,160.96,344.46,420.73,110.76,119.4,465.54,377.45,118.22,305.71,292.0,273.96,284.35,681.84,311.62,173.68,443.17,100.86,289.38,192.42,99.72,219.89,415.61,252.2,563.74,58.51,201.4,753.35,152.71,241.77,50.95,617.09,488.65,378.32,91.98,217.39,493.75,134.74,172.14,212.99,262.33,337.0,232.5,404.05,210.43,372.61,299.79,143.19,408.16,313.96
2024-12-19,208.49,217.69,173.4,335.34,377.66,404.28,102.63,454.65,309.96,304.92,322.99,136.21,149.98,128.46,368.85,136.48,312.56,411.05,424.93,310.51,509.85,268.68,433.22,340.38,121.57,165.1,156.93,135.49,142.74,444.89,231.42,263.52,261.9,150.17,322.3,568.53,111.48,144.58,146.43,569.52,456.72,223.23,515.73,224.58,444.13,322.23,46.6,283.5,41.27,260.3,664.01,82.32,157.89,343.38,424.59,107.25,119.74,465.52,375.65,118.81,313.41,297.91,287.09,290.94,678.77,314.5,183.83,451.16,102.91,286.79,196.67,101.79,216.08,414.22,245.15,560.77,59.0,198.58,726.33,153.1,241.3,50.99,605.3,482.28,379.12,93.29,221.76,502.8,136.54,172.23,206.35,263.29,339.01,236.06,415.85,209.99,372.29,304.1,140.61,428.18,319.63
2024-12-20,207.46,212.82,175.71,351.72,386.81,407.11,103.37,465.72,313.12,296.54,321.16,141.42,154.08,121.91,372.05,133.54,303.89,405.17,413.8,311.57,508.75,270.65,434.09,348.49,123.28,166.9,155.29,135.18,141.64,433.89,237.8,262.13,268.47,153.38,329.02,567.74,111.05,143.48,142.21,560.74,452.79,218.33,509.08,223.66,455.71,321.23,47.75,282.77,40.71,266.07,672.24,84.15,155.85,343.01,425.27,107.5,123.28,470.34,377.69,119.38,303.83,306.11,297.16,288.69,652.52,313.12,189.04,448.93,102.84,288.48,200.91,102.02,210.7,421.2,251.69,556.74,60.33,195.78,708.86,154.97,249.57,51.62,606.11,486.15,373.16,93.3,224.54,494.28,134.89,172.66,211.69,259.92,340.67,237.1,408.29,206.05,374.67,310.01,136.22,437.7,319.61
2024-12-23,206.94,210.17,179.6,345.47,392.63,410.13,103.26,441.97,315.99,295.9,324.43,141.1,151.25,121.72,375.8,135.63,307.5,412.0,436.55,304.72,516.9,269.76,458.01,341.34,123.4,172.73,152.08,134.34,143.33,431.24,229.07,266.44,260.76,154.36,342.4,544.3,110.62,141.63,143.37,557.46,447.17,224.86,507.29,224.72,463.29,327.19,49.26,287.46,39.53,266.79,637.18,86.17,158.25,340.07,429.74,111.34,123.17,455.98,373.68,114.61,297.35,299.65,300.35,294.37,685.71,314.32,184.93,458.23,102.78,292.7,203.34,101.93,207.82,426.64,252.52,560.65,60.14,194.27,723.73,153.37,241.35,52.79,616.7,489.98,369.55,94.82,218.86,496.34,135.71,170.22,206.82,253.71,337.73,233.27,421.72,206.86,383.57,313.39,139.86,426.35,334.42
2024-12-24,208.4,211.53,182.92,347.31,383.79,405.19,104.41,433.64,319.36,295.67,324.45,139.33,152.36,123.43,372.27,139.22,307.95,422.21,409.06,306.37,519.44,267.87,470.99,347.29,123.58,170.03,151.37,132.61,140.47,438.48,228.47,269.1,268.24,156.37,339.61,550.28,111.8,142.66,142.86,563.97,448.3,228.67,517.6,227.97,472.96,319.01,49.98,286.9,39.57,276.46,625.44,85.98,162.57,336.57,425.89,109.69,125.87,466.28,375.6,114.44,294.51,288.21,291.72,295.94,670.57,305.84,185.26,464.38,103.08,286.46,213.83,99.87,217.01,436.12,255.88,562.6,60.79,199.77,731.25,156.18,238.95,52.01,617.15,496.9,371.9,93.08,220.57,500.17,135.3,175.39,203.69,251.28,329.6,232.53,419.41,208.93,379.63,318.67,134.86,409.61,339.55
2024-12-25,207.26,212.13,182.38,346.61,376.87,412.02,102.63,433.58,314.57,291.28,324.73,140.76,153.1,120.82,378.86,139.22,303.88,418.74,402.45,312.13,514.89,260.9,455.41,353.7,121.0,167.77,152.41,132.06,136.91,455.62,232.16,267.17,269.01,157.68,330.43,541.29,114.84,147.58,142.82,563.75,455.02,229.44,512.97,226.04,479.24,313.57,50.12,284.82,39.85,263.89,619.68,84.99,153.51,337.42,429.92,111.59,126.16,459.67,384.79,112.57,292.22,289.0,284.38,293.18,684.81,306.95,183.25,457.45,102.25,281.39,218.52,101.78,217.17,441.52,255.99,566.29,60.96,194.95,720.34,156.5,245.26,53.3,631.82,491.16,368.12,95.24,219.18,501.47,135.79,174.64,206.56,251.01,340.68,233.31,412.58,207.04,375.34,315.51,136.18,414.39,341.86
2024-12-26,202.44,212.31,185.6,344.99,377.35,408.17,100.85,449.04,322.75,291.75,321.98,137.93,153.18,124.44,380.7,133.23,295.87,416.98,405.85,307.56,525.05,257.03,445.66,367.25,120.79,168.93,155.4,134.2,132.09,465.5,240.03,268.77,271.69,158.71,349.42,550.28,115.35,148.34,150.21,586.83,445.85,227.99,508.54,230.18,490.17,303.25,50.92,276.19,40.65,261.31,625.55,85.02,157.84,334.29,431.21,108.23,126.35,459.75,378.32,115.12,307.77,283.3,290.19,295.3,666.34,308.9,187.36,464.48,103.79,276.92,218.65,104.07,216.66,442.36,258.4,577.03,60.43,198.77,716.63,155.91,246.16,51.94,635.38,478.13,371.7,96.04,222.66,510.62,135.44,174.84,203.62,248.94,355.27,229.06,403.11,207.67,374.69,299.07,135.91,409.34,335.98
2024-12-27,204.07,211.07,179.05,348.21,381.42,410.94,100.28,440.18,327.48,300.34,319.6,136.11,150.89,126.72,376.13,131.93,287.4,405.53,409.93,312.91,520.79,257.77,431.49,373.42,122.31,169.64,156.34,133.41,130.86,468.07,238.46,266.71,271.56,158.41,371.44,557.25,114.31,150.82,151.55,548.26,464.76,219.5,517.52,235.69,484.48,302.58,49.97,271.2,39.67,252.56,638.03,84.9,154.18,339.33,438.57,109.63,127.24,464.04,385.67,117.24,315.65,281.84,289.68,301.7,654.82,308.75,187.79,467.17,103.87,280.34,218.4,108.07,210.62,436.71,252.97,559.45,60.5,194.15,680.98,160.45,257.47,52.96,668.56,475.53,371.91,96.75,223.23,494.81,133.12,174.43,202.01,235.82,367.11,226.33,392.01,204.53,372.31,309.68,132.98,413.36,330.16
2024-12-30,201.07,217.29,182.84,351.92,368.21,418.33,101.35,434.43,325.93,296.55,322.53,138.24,150.55,126.85,382.93,143.53,296.07,404.63,385.34,307.38,523.96,245.9,431.4,365.98,125.32,160.86,158.06,136.06,128.92,461.05,242.06,265.36,272.31,161.85,367.49,565.64,114.23,152.3,156.32,581.38,481.04,217.68,538.93,236.29,469.06,299.73,49.5,269.31,39.5,247.53,608.34,84.35,154.36,338.31,437.82,108.98,126.91,460.48,382.42,118.36,311.22,275.95,296.06,296.69,654.09,304.43,183.33,462.52,103.98,278.43,215.81,106.24,210.96,440.9,259.5,555.88,60.67,189.34,689.63,156.94,249.3,54.19,646.34,478.48,368.4,95.26,221.72,508.71,135.42,174.26,199.67,239.09,359.11,231.31,402.9,204.86,377.9,307.7,137.41,389.95,322.67
2024-12-31,198.25,214.28,186.06,350.49,380.09,409.13,100.49,445.51,332.07,287.67,316.13,138.98,151.1,126.17,374.38,145.84,311.17,406.31,400.61,313.99,513.53,253.91,447.6,376.02,123.92,163.7,158.66,133.71,129.47,461.73,243.4,269.91,282.0,163.09,354.51,558.81,113.98,152.48,153.95,590.28,486.27,209.63,530.73,229.47,450.97,287.74,50.5,274.63,39.19,250.81,596.12,82.04,157.85,334.55,437.97,109.72,122.53,458.47,395.83,122.97,306.22,269.49,301.96,297.66,674.08,297.61,179.68,457.32,101.3,281.38,209.62,107.24,215.29,447.3,255.81,571.14,60.2,189.67,653.38,155.19,256.32,53.29,642.12,490.36,371.67,94.62,211.8,500.86,135.08,178.53,202.56,236.19,364.86,236.85,424.12,200.56,373.46,294.74,136.98,380.73,323.35
2025-01-01,196.97,205.62,187.47,346.31,389.7,400.38,100.24,463.72,333.18,283.06,316.38,141.3,148.6,128.56,374.71,144.86,308.79,391.57,394.5,307.47,517.84,245.86,443.11,361.44,125.25,163.57,158.42,133.24,134.32,473.54,249.3,270.03,288.02,162.67,353.6,550.84,112.73,149.68,154.43,577.61,507.25,208.43,544.03,230.78,445.25,296.19,50.45,274.38,38.84,255.18,609.67,82.01,161.83,334.03,444.79,110.8,122.9,460.29,395.42,122.94,310.81,277.45,296.53,292.26,665.28,296.85,176.33,452.65,100.73,277.71,204.72,106.69,213.72,449.84,259.89,573.65,60.15,190.32,640.75,155.49,250.79,52.85,642.25,490.83,361.93,95.76,202.42,500.96,133.49,182.06,204.61,236.19,369.2,240.61,420.68,201.74,370.89,295.25,136.06,375.68,332.19
2025-01-02,196.89,205.1,189.46,345.61,383.86,406.54,100.84,461.33,329.6,287.19,315.01,140.41,148.44,123.6,374.36,144.9,296.87,386.01,397.09,305.75,518.3,245.59,432.53,364.91,127.23,161.13,157.35,133.3,139.6,493.5,247.68,270.5,282.94,163.52,349.03,555.86,112.49,153.32,160.17,595.02,515.16,221.4,560.71,227.92,440.8,300.81,50.83,270.84,38.33,257.02,615.1,82.3,163.17,341.3,451.54,112.96,123.09,461.82,395.48,126.61,309.75,270.99,288.03,275.53,672.33,297.34,176.29,455.13,100.95,283.24,207.82,109.04,222.31,457.58,262.46,559.23,60.76,187.68,651.57,155.3,256.29,54.83,666.09,485.48,372.77,96.62,196.92,504.51,134.24,183.15,199.62,242.56,379.98,239.37,400.62,205.83,369.23,304.69,137.5,371.32,321.03
2025-01-03,190.63,205.16,191.35,342.2,379.63,410.15,99.91,471.54,316.64,275.8,315.92,143.48,146.73,122.13,381.0,145.37,306.14,397.15,423.57,299.7,527.63,246.58,417.72,359.72,128.12,161.11,155.68,136.32,144.21,528.44,250.01,274.24,276.41,158.67,335.98,539.92,113.79,149.23,159.12,578.35,500.12,219.79,546.1,229.29,448.36,307.66,50.74,269.57,38.16,263.07,617.47,82.57,158.23,334.35,449.11,105.93,123.68,463.92,388.96,121.82,300.47,271.81,280.67,280.01,650.55,294.66,171.12,464.2,102.95,291.64,219.0,109.58,216.48,452.37,264.43,569.53,62.34,187.92,658.67,152.96,270.52,54.91,646.22,485.59,372.95,97.77,203.4,503.5,136.9,185.67,198.35,248.6,387.62,239.18,398.6,203.81,367.12,310.79,140.05,381.99,326.63
2025-01-06,188.55,208.35,192.38,355.3,379.31,411.45,99.67,505.72,332.27,268.21,322.82,139.0,149.02,120.79,380.08,145.33,296.71,408.19,434.67,300.5,546.94,251.77,433.46,361.56,128.54,162.0,155.57,138.63,143.26,497.05,257.27,273.18,279.79,158.99,331.58,539.93,109.78,147.93,161.38,569.08,497.88,237.42,520.0,232.4,424.88,297.67,51.21,265.53,37.82,255.84,624.71,81.53,158.41,333.15,452.38,105.61,127.08,450.2,383.31,122.68,313.59,265.84,277.59,278.61,674.19,296.67,167.57,459.55,101.18,287.81,225.26,108.96,217.43,461.56,265.76,591.11,63.37,188.4,656.57,156.4,276.99,54.63,666.43,490.18,358.21,94.66,202.24,494.89,138.05,183.93,196.29,247.82,394.57,237.02,399.29,208.32,375.3,303.16,140.79,361.75,327.3
2025-01-07,185.65,210.75,196.68,362.13,375.22,414.87,99.75,514.24,315.39,267.99,329.28,136.78,153.8,119.16,375.75,144.57,302.11,424.95,434.21,301.16,550.12,246.64,450.9,358.35,129.64,158.32,154.98,135.63,141.36,501.69,259.32,280.56,281.67,157.41,338.65,555.26,108.26,153.4,158.14,556.75,495.63,236.7,501.21,230.32,444.5,299.8,50.84,266.37,38.45,256.52,630.1,80.25,157.8,330.81,459.71,106.23,125.86,451.67,379.01,122.54,316.05,264.37,271.29,279.64,702.47,292.35,163.09,459.62,102.61,288.65,226.08,110.71,216.16,466.18,269.96,589.96,63.18,194.12,651.62,156.42,278.36,52.63,669.63,503.64,369.21,94.26,203.63,489.23,139.12,182.71,199.84,243.05,381.92,234.2,397.67,207.6,373.89,301.43,140.31,351.63,348.3
2025-01-08,189.19,210.64,202.92,360.33,362.6,423.03,102.54,486.65,315.14,274.44,325.63,138.53,150.08,117.36,384.22,142.93,292.22,402.39,454.89,303.91,553.77,247.16,442.3,366.73,127.64,167.39,154.53,135.95,139.04,489.92,261.48,283.41,278.92,163.78,331.35,540.83,109.79,153.96,159.02,560.64,494.55,240.15,523.63,231.7,435.62,304.82,51.69,269.87,37.07,256.0,639.58,83.11,156.49,322.17,463.59,106.07,126.24,443.66,382.99,124.31,324.19,275.16,262.62,283.69,701.45,287.91,162.85,458.04,101.51,290.83,229.07,109.56,215.74,469.51,272.48,579.89,63.76,194.53,641.48,160.64,284.43,52.32,700.04,513.44,361.75,93.3,201.47,490.04,136.74,183.79,200.45,242.16,387.09,229.25,404.49,211.37,364.5,305.31,139.91,343.23,359.98
2025-01-09,186.78,212.22,210.46,369.11,354.6,423.06,102.2,489.28,318.99,273.69,327.87,139.37,145.88,119.38,381.23,144.52,297.74,392.62,464.1,302.83,547.06,249.68,439.34,378.48,131.31,171.85,157.4,137.49,141.14,477.06,255.7,276.78,277.22,161.0,338.34,557.11,112.52,153.6,161.55,552.16,500.94,241.24,512.39,234.77,436.86,302.57,49.47,273.74,37.84,259.62,666.16,80.51,151.05,329.77,460.15,108.65,126.91,447.84,394.56,130.97,315.79,258.96,268.89,288.36,705.52,283.72,164.35,472.67,99.55,300.74,218.66,113.12,214.1,477.83,269.62,589.94,64.43,193.5,631.2,159.65,288.31,51.49,697.94,499.64,363.09,94.11,204.23,479.59,136.1,186.73,192.67,244.93,370.67,229.61,401.62,209.4,366.06,309.19,143.51,361.97,370.73
2025-01-10,185.76,214.23,208.41,369.75,353.07,421.91,100.27,506.46,303.04,263.64,333.29,143.41,143.45,124.54,380.34,144.18,293.14,389.92,459.32,306.75,546.72,244.97,419.32,389.6,133.03,176.85,159.27,137.53,140.4,479.79,253.18,285.61,287.01,158.44,324.3,585.67,113.16,148.76,163.5,546.29,517.64,240.67,502.88,235.17,431.47,306.29,50.93,276.33,37.61,266.35,653.92,80.17,147.38,327.54,456.73,110.09,126.06,455.11,401.97,132.16,318.83,256.46,279.94,285.03,706.53,278.57,161.12,467.77,100.69,316.26,221.94,115.89,210.33,487.92,265.24,598.27,64.26,190.17,625.35,156.91,275.96,51.79,690.99,480.14,371.39,92.94,211.48,476.81,136.72,186.19,194.68,243.48,371.23,230.11,414.27,212.69,377.3,305.7,145.93,367.94,378.72
2025-01-13,186.28,215.78,211.69,372.31,362.22,420.3,99.7,514.35,284.12,272.31,330.87,145.13,145.64,124.44,376.66,147.34,296.24,390.81,471.47,312.68,550.94,235.63,405.73,376.72,132.61,179.33,162.89,137.55,141.55,482.83,262.95,281.33,284.94,156.56,324.28,590.96,112.61,146.5,163.17,558.69,495.43,243.65,507.16,237.7,423.81,308.59,49.3,275.67,38.05,265.15,671.76,81.37,146.59,324.89,454.0,109.36,124.74,456.86,405.23,132.37,331.86,259.65,276.33,278.8,741.29,281.49,160.16,459.43,98.89,315.33,217.48,116.13,209.26,483.19,266.2,558.51,64.47,188.97,607.31,155.14,286.51,51.62,686.17,479.33,363.72,91.49,209.51,482.72,136.83,188.41,194.37,240.41,378.11,225.6,415.08,212.11,384.28,313.6,147.54,376.71,379.0
2025-01-14,190.29,215.69,215.3,353.99,359.12,418.11,99.62,505.68,295.88,269.46,330.66,140.23,142.1,123.44,370.45,154.16,299.62,392.36,496.61,316.4,547.03,227.41,393.34,369.57,130.85,172.54,162.74,137.01,141.1,466.12,267.65,289.68,283.4,158.27,325.86,591.35,113.79,146.22,168.0,555.83,511.57,238.9,510.48,237.88,427.83,308.34,48.65,273.16,38.31,261.39,654.39,82.14,141.32,325.93,443.77,109.36,124.96,450.16,414.91,129.74,333.88,246.84,276.79,272.3,766.1,291.54,156.97,458.53,94.68,326.24,218.28,119.7,209.85,486.45,264.29,546.27,65.91,186.76,611.99,156.06,289.32,49.81,693.12,470.77,357.3,90.96,204.1,465.01,139.54,184.2,192.57,238.69,381.99,226.26,419.51,211.87,384.04,330.52,153.54,378.8,386.47
2025-01-15,188.55,208.41,212.4,347.25,361.0,416.49,100.19,499.14,286.16,268.0,337.36,143.23,136.22,123.75,362.77,155.73,303.35,371.25,491.87,312.32,559.05,224.38,380.45,376.64,125.41,174.33,161.17,140.63,132.8,476.09,271.95,285.54,276.23,163.04,324.82,568.62,113.31,142.89,171.43,563.23,522.78,236.09,510.98,238.52,424.66,313.07,48.91,274.41,38.38,265.16,636.91,81.01,139.38,326.23,455.95,108.38,124.02,452.51,421.24,130.77,335.94,243.65,269.88,272.71,753.57,292.26,157.01,460.29,94.85,337.96,213.12,119.18,202.81,484.43,262.88,543.24,65.94,189.21,606.31,153.57,306.57,50.15,684.98,478.89,363.98,91.25,204.4,461.02,140.91,183.85,195.34,247.84,382.05,226.63,412.4,212.09,385.25,332.77,154.17,364.3,391.12
2025-01-16,190.22,200.73,219.36,338.87,360.07,422.73,101.34,533.04,281.03,277.69,347.11,142.95,133.88,126.13,370.22,154.69,313.41,389.23,500.04,312.28,562.41,223.33,398.69,377.28,125.82,183.36,160.99,142.79,139.19,486.23,282.3,284.27,275.74,163.02,334.02,570.88,112.39,141.28,172.81,572.86,520.83,236.95,514.43,236.24,413.98,311.3,48.68,272.91,38.56,258.04,661.11,80.78,143.46,326.86,457.63,106.94,124.16,461.12,416.7,130.43,342.48,239.42,273.85,267.75,746.69,294.54,155.99,457.91,93.41,343.21,209.54,118.85,204.23,483.28,262.0,541.12,65.54,190.78,605.45,160.0,303.45,49.43,695.19,483.19,361.37,89.68,210.51,459.43,136.4,182.7,193.76,248.16,392.25,227.82,426.43,210.96,388.33,341.43,148.72,371.07,405.22
2025-01-17,188.7,200.39,215.99,351.26,356.96,417.2,99.49,533.76,293.18,275.33,348.7,146.46,132.16,125.26,373.5,148.06,309.65,393.0,471.18,310.91,550.78,223.35,408.53,375.08,126.21,182.4,157.59,140.88,141.14,478.38,283.47,283.09,272.86,162.59,334.51,568.86,111.57,141.58,176.69,551.28,512.31,231.82,509.52,241.93,401.79,312.68,48.79,273.87,37.44,253.36,653.85,81.41,141.41,327.7,460.25,103.37,127.39,459.34,412.52,128.17,351.69,240.97,264.08,262.52,754.92,294.28,156.59,457.69,95.01,345.88,217.22,115.47,206.82,479.69,257.79,558.64,66.39,192.93,589.7,161.09,305.04,49.42,689.16,472.73,364.71,87.54,212.5,454.5,137.81,180.84,192.47,242.42,403.63,226.09,426.3,214.47,384.59,336.36,147.67,356.93,411.34
2025-01-20,192.61,194.8,211.67,345.25,362.07,425.77,99.25,532.09,300.61,274.36,354.72,142.48,128.74,127.94,371.03,150.16,312.09,409.85,482.43,314.45,569.14,218.3,422.11,374.1,123.4,191.35,156.44,139.14,140.21,465.89,291.67,284.48,272.24,164.23,339.15,552.75,111.95,143.54,180.87,539.07,527.28,219.9,523.6,242.74,399.71,314.9,47.94,276.53,36.37,255.51,638.32,79.02,143.02,329.48,451.57,100.21,128.75,464.6,417.53,130.65,352.67,243.22,262.82,265.96,792.61,298.75,158.31,452.93,91.15,353.63,217.7,116.76,207.77,477.83,259.83,547.36,67.82,182.52,575.34,160.55,313.66,49.08,694.61,477.14,359.18,86.93,221.48,439.76,138.05,180.73,193.34,242.46,407.91,218.72,435.37,210.58,384.29,334.6,145.48,373.07,413.97
2025-01-21,193.93,198.3,207.88,361.11,371.75,436.41,100.96,546.3,293.22,286.02,357.81,141.17,125.35,125.83,380.78,152.84,311.34,419.17,496.53,318.72,561.28,225.69,409.65,375.78,122.1,187.97,149.74,139.05,142.38,478.8,296.33,289.71,264.56,163.81,340.9,559.97,111.48,143.32,173.84,532.1,520.09,222.95,510.54,246.48,415.56,314.68,48.79,274.45,38.25,254.51,648.27,77.66,142.25,337.48,449.44,101.69,127.32,464.83,434.06,132.64,349.88,247.8,263.93,271.79,781.65,297.97,160.47,455.7,92.22,351.04,219.8,114.19,208.13,480.05,264.28,545.89,70.05,186.56,559.77,163.22,320.48,47.8,699.23,485.79,369.66,88.05,216.16,444.38,138.9,180.03,193.78,250.72,402.64,218.4,443.75,212.65,385.94,327.81,149.7,364.72,417.11
2025-01-22,192.24,202.63,206.33,356.28,367.51,462.24,101.76,559.45,297.92,282.22,360.44,141.63,125.22,123.99,375.65,148.5,303.65,411.88,502.08,317.31,540.67,225.7,410.27,386.71,125.37,196.31,150.35,139.02,140.8,465.08,302.25,288.81,268.63,165.72,342.86,571.57,109.9,143.37,173.2,527.85,524.56,219.12,518.81,244.6,414.1,316.5,48.98,285.54,38.46,258.75,626.72,76.46,143.56,345.12,440.23,101.13,124.56,460.6,427.25,132.49,362.08,239.73,268.54,277.25,773.85,306.39,160.53,435.3,93.1,341.18,218.74,116.55,203.56,484.49,265.6,562.56,68.96,183.6,565.56,161.72,332.31,47.24,667.98,488.79,385.3,87.65,215.71,455.4,139.62,180.68,196.39,251.32,401.46,216.24,433.06,212.36,391.06,332.44,150.69,367.77,432.02
2025-01-23,195.22,201.86,207.23,372.82,379.91,471.62,101.25,580.56,292.98,283.85,352.82,143.12,126.96,127.18,372.69,143.72,306.98,410.31,494.2,320.44,561.17,212.08,424.1,374.41,126.92,194.21,150.91,140.43,134.17,474.71,294.66,287.9,263.97,163.54,333.83,549.49,111.23,148.7,166.53,548.79,516.53,220.57,524.47,246.64,417.39,320.04,49.68,285.8,38.15,261.98,634.67,73.74,148.1,344.88,427.75,99.2,124.82,451.68,415.3,131.4,356.92,237.94,275.26,277.17,774.01,308.77,158.83,434.09,93.98,339.9,215.65,118.83,206.03,482.62,266.22,579.77,69.48,185.52,560.27,158.56,329.36,47.48,670.63,493.48,387.39,86.55,220.65,443.29,139.9,176.59,196.71,249.84,402.2,211.83,435.16,217.68,401.34,324.52,152.35,367.66,423.28
2025-01-24,195.29,207.37,206.82,405.82,387.33,469.41,101.13,587.18,294.67,288.15,355.24,148.2,126.11,124.21,373.16,142.03,301.53,419.71,507.13,308.24,563.11,209.08,419.01,377.77,124.33,195.49,157.62,140.21,137.35,462.3,304.1,291.56,254.73,165.72,330.05,531.05,114.03,141.18,171.58,544.75,521.44,227.26,541.37,248.3,405.28,329.71,51.37,283.57,38.15,263.64,640.66,74.24,151.88,345.08,422.31,100.11,124.21,443.91,418.71,131.12,352.56,239.91,286.78,272.52,753.01,311.41,155.13,421.84,93.83,344.28,220.14,118.95,209.39,470.48,263.24,586.69,68.51,188.08,550.98,160.36,323.9,47.75,691.7,494.89,388.32,86.81,223.19,444.47,140.34,173.14,202.91,247.12,421.1,214.81,446.5,223.09,402.05,325.59,152.38,352.39,413.58
2025-01-27,198.73,210.36,205.34,396.23,393.05,482.16,100.58,584.1,298.51,298.78,358.85,148.15,129.56,125.67,365.28,137.47,304.95,422.26,503.47,308.29,562.54,216.95,409.43,378.57,125.07,203.3,158.01,142.57,131.08,446.41,302.89,296.6,253.39,165.98,332.18,533.26,115.68,145.83,169.83,547.57,539.17,237.77,521.38,249.11,411.49,334.88,51.19,281.71,37.57,264.39,613.42,74.42,147.07,345.9,429.48,99.64,122.14,444.1,423.13,130.96,349.42,242.98,285.12,266.46,775.28,308.19,156.38,411.39,90.31,347.85,218.1,120.26,205.65,478.73,272.81,590.66,68.28,183.8,538.29,160.24,308.36,48.03,712.02,496.61,398.18,86.69,224.79,446.11,141.63,174.12,208.93,240.72,429.05,212.45,450.74,222.76,406.82,337.77,156.02,351.94,418.78
2025-01-28,195.11,203.92,208.04,394.62,397.03,472.07,100.89,556.19,286.7,303.22,355.19,142.0,129.79,129.24,367.75,135.33,313.03,414.13,498.83,308.85,581.1,223.04,408.09,389.43,124.56,204.97,157.86,142.18,131.11,455.44,300.69,293.44,249.5,168.12,337.3,521.27,117.82,149.18,163.77,557.64,521.59,232.77,499.92,246.1,415.04,329.62,51.53,283.13,38.51,264.15,597.79,73.68,152.86,341.99,425.36,98.17,122.15,449.74,410.11,130.35,347.95,254.18,289.87,257.75,756.33,301.07,156.1,404.58,90.92,329.11,223.43,117.95,203.4,465.56,270.55,583.65,67.71,181.69,547.85,159.45,307.33,47.04,696.47,501.61,390.93,88.13,223.1,441.32,140.87,165.89,207.29,243.02,431.6,218.13,435.23,224.68,406.6,343.36,156.92,358.51,403.11
2025-01-29,193.45,206.93,206.73,384.37,401.24,481.52,102.64,565.7,283.9,299.54,353.31,143.51,130.7,131.91,366.5,134.98,315.92,417.98,495.53,304.35,595.02,219.12,422.57,379.07,122.9,203.24,157.56,142.12,124.82,453.5,296.17,298.31,247.7,168.22,331.0,533.61,115.91,153.65,168.52,552.13,537.8,232.72,498.84,245.46,422.49,320.64,49.59,279.81,38.03,270.78,580.9,76.57,153.75,345.4,428.17,99.13,126.23,465.69,420.08,130.88,353.86,245.55,300.13,257.75,761.94,299.49,158.06,404.64,92.4,336.15,226.24,118.33,207.27,468.65,277.23,601.49,67.93,187.13,571.78,157.95,307.43,45.76,665.07,495.67,386.86,89.41,229.16,447.03,140.12,163.23,202.82,243.43,437.49,217.85,421.79,226.86,408.85,340.58,147.71,362.2,398.73
2025-01-30,188.5,210.73,202.04,367.54,389.47,500.03,102.72,582.11,285.14,306.33,344.48,149.5,134.28,130.36,365.6,139.8,309.48,412.78,505.53,307.43,578.4,215.15,424.03,385.98,121.05,193.7,158.12,140.47,121.4,465.62,300.88,301.66,247.22,167.69,330.5,548.84,116.24,151.39,164.22,553.35,525.9,236.37,503.91,250.48,417.77,316.45,50.24,277.77,39.33,282.19,563.89,78.17,151.38,343.45,433.46,99.83,126.26,472.88,428.48,131.48,334.54,234.44,298.05,252.47,764.62,304.77,156.49,404.33,91.81,340.9,227.47,115.83,210.83,471.47,275.48,581.0,68.16,186.97,583.23,164.4,321.92,44.68,672.89,490.15,391.29,88.92,231.39,447.22,138.81,162.78,207.3,242.26,450.89,217.83,416.69,226.81,410.25,351.49,148.87,357.13,400.54
2025-01-31,187.13,207.06,202.54,368.43,390.84,488.64,102.78,580.01,289.17,295.04,339.08,152.22,131.01,130.83,365.97,137.29,317.96,411.0,501.76,312.72,576.09,217.11,461.53,384.28,125.5,189.93,162.22,139.09,119.36,452.97,292.11,297.71,247.06,167.78,323.06,565.64,116.73,152.42,168.02,552.07,500.08,236.04,515.66,255.89,426.72,315.49,48.1,282.23,38.42,276.4,559.03,81.37,150.25,345.3,436.31,99.55,126.54,479.63,417.71,133.76,347.84,242.96,295.79,245.0,770.46,310.77,152.6,402.92,91.37,334.18,238.49,114.77,214.23,465.99,278.52,586.02,66.98,187.63,589.33,164.41,313.48,46.3,666.83,493.95,371.24,90.94,226.95,445.54,141.77,165.69,211.04,247.88,458.93,218.73,407.3,227.75,403.59,341.94,149.87,360.12,415.3
2025-02-03,182.98,220.26,210.12,363.3,393.09,483.97,102.36,589.26,286.66,297.24,341.4,153.32,130.08,131.18,360.81,140.23,304.23,410.24,519.08,316.85,557.12,217.87,460.25,390.15,126.86,183.64,163.68,137.64,118.31,456.64,280.09,293.21,251.79,169.75,308.55,592.69,114.75,155.24,166.24,562.31,535.69,234.17,503.47,254.05,426.23,320.49,48.33,279.87,38.71,271.43,562.37,81.83,152.65,342.15,432.35,95.29,129.33,488.06,405.94,129.65,339.49,247.58,288.24,246.57,769.2,302.41,157.2,400.67,90.18,342.38,228.71,116.56,212.28,466.45,270.74,573.03,66.35,189.24,568.31,162.76,320.78,44.86,656.66,498.19,364.29,89.71,226.74,435.66,143.42,167.62,214.55,243.97,457.77,211.91,407.84,232.36,405.12,325.32,151.72,354.89,420.69
2025-02-04,178.51,222.31,211.29,371.36,391.36,464.22,102.72,593.24,281.07,301.71,335.62,153.99,129.83,132.52,369.21,141.79,300.66,400.48,509.97,316.92,549.32,208.53,466.93,385.07,125.5,185.78,166.3,138.8,116.87,459.39,279.52,303.14,256.05,174.21,309.42,602.21,116.42,155.69,166.38,560.25,540.79,239.59,485.36,247.07,425.14,313.81,49.01,277.64,40.04,268.3,565.73,81.32,148.61,347.72,440.08,96.15,130.32,481.64,406.26,130.77,336.15,244.43,301.09,246.34,737.14,302.69,159.49,409.16,90.4,335.73,229.25,116.88,205.73,477.44,271.29,591.78,66.36,191.23,563.8,167.6,321.74,44.42,646.95,487.2,376.68,87.4,225.59,441.52,142.09,165.15,211.8,245.22,465.9,216.0,403.96,237.57,405.97,334.43,151.03,360.31,414.58
2025-02-05,180.6,223.53,204.25,372.05,387.92,467.55,104.4,594.61,274.6,298.52,335.58,151.05,132.16,137.59,372.18,140.32,304.89,404.49,514.95,318.4,561.33,212.43,436.63,365.66,125.66,178.66,165.51,140.22,110.83,480.19,266.91,302.26,260.22,177.41,300.26,599.12,119.2,162.4,170.05,570.14,550.88,231.38,488.31,248.04,423.14,307.97,49.44,274.54,38.15,277.41,575.97,81.11,150.21,355.74,443.48,96.62,128.17,475.75,405.21,128.59,341.19,234.79,305.39,242.19,741.47,298.09,156.31,405.99,89.85,335.14,243.1,115.47,201.57,476.78,272.93,580.64,65.8,192.57,555.76,164.46,335.15,44.41,664.14,499.0,375.43,85.14,219.61,446.55,142.52,166.29,216.76,249.45,451.71,216.98,398.46,244.68,405.06,330.89,149.01,358.1,420.11
2025-02-06,184.4,217.57,198.0,362.98,385.62,467.86,103.24,595.9,277.36,289.18,327.3,151.2,137.17,137.64,377.4,144.01,294.75,401.88,498.78,332.73,566.83,211.3,432.33,365.51,125.1,176.01,165.09,139.5,110.22,484.75,267.02,312.08,265.05,180.24,299.19,588.01,121.64,158.62,163.95,562.9,555.53,245.89,488.39,251.21,424.66,312.62,49.5,274.59,38.88,272.13,566.65,76.86,150.36,348.64,446.66,95.93,128.33,484.54,402.76,127.08,339.55,251.19,302.71,251.8,699.18,296.14,163.49,409.04,88.87,322.65,246.66,119.81,206.47,467.51,271.48,572.36,66.85,196.2,561.84,163.4,327.84,42.9,645.66,503.92,380.05,82.95,216.42,445.11,140.12,166.79,213.44,250.06,455.03,214.06,386.07,244.32,405.39,349.71,151.55,355.82,428.76
2025-02-07,181.17,214.45,199.3,366.82,378.24,454.56,103.95,558.48,268.83,291.35,318.48,152.51,137.82,135.42,380.28,147.78,296.81,402.42,489.32,331.52,562.1,198.11,446.27,352.16,123.03,175.74,164.72,139.4,109.13,493.94,275.18,312.36,266.49,180.03,291.3,542.87,119.39,164.53,162.39,564.0,545.06,254.49,490.65,249.49,438.88,316.13,50.36,277.45,38.83,282.88,598.22,78.88,147.49,347.37,431.88,100.07,127.7,477.78,405.79,126.16,340.42,272.06,310.96,243.48,704.66,293.18,156.03,418.54,90.7,327.01,243.87,115.74,206.35,464.47,273.22,592.63,65.55,195.05,558.24,160.28,331.68,43.91,600.22,497.41,366.6,83.67,214.41,446.67,141.68,164.11,206.14,250.18,456.77,218.52,390.24,240.25,408.28,335.6,148.78,359.86,421.5
2025-02-10,180.97,205.34,204.67,357.33,363.83,441.39,105.85,568.87,281.69,293.98,314.0,148.39,134.77,135.68,370.22,146.71,309.53,405.5,499.31,332.17,570.4,197.36,472.23,362.13,122.52,172.29,165.8,138.17,108.46,497.7,285.26,309.81,265.02,180.46,294.04,517.48,121.06,157.45,158.91,562.66,546.68,253.11,506.69,255.36,457.47,321.13,50.21,276.75,39.09,276.38,619.84,79.93,146.1,337.0,431.92,96.49,125.24,489.24,398.1,128.24,345.78,279.72,309.91,245.3,699.14,293.31,155.99,409.93,89.76,339.75,239.58,116.86,205.71,467.38,269.79,604.27,66.06,202.35,555.23,162.9,321.87,44.56,569.45,491.2,368.74,87.17,214.99,457.7,142.2,162.89,207.63,249.53,455.63,219.67,409.46,236.59,400.86,344.4,143.95,350.76,430.85
2025-02-11,176.3,206.08,204.49,359.63,376.0,443.46,107.08,563.43,273.2,298.76,313.03,148.15,131.01,141.15,369.86,147.21,305.56,420.29,507.93,337.92,580.57,202.97,478.28,363.8,120.29,178.46,168.11,141.09,106.8,501.44,282.91,311.64,266.28,180.16,295.86,540.18,120.43,159.01,159.51,570.16,569.86,251.46,489.47,261.61,457.33,326.03,49.83,274.79,39.0,275.46,624.08,79.76,149.6,333.9,436.18,96.89,127.33,483.14,400.09,124.77,344.25,283.39,316.61,240.89,692.92,293.91,149.68,409.5,87.65,338.6,255.25,119.76,204.97,465.86,269.18,605.96,65.04,204.0,559.61,161.83,308.61,44.29,583.32,488.94,385.84,88.35,214.54,447.0,145.68,163.44,207.49,247.65,455.53,223.83,428.45,236.37,408.93,333.05,144.8,377.29,428.93
2025-02-12,177.82,202.23,207.91,369.45,380.09,445.11,106.09,578.44,275.02,300.36,313.0,145.49,127.49,139.69,381.39,149.7,314.66,424.13,508.55,343.55,570.65,194.4,469.06,356.72,116.54,181.16,168.33,140.7,106.24,497.93,298.51,313.44,273.62,181.15,304.04,534.22,119.82,162.76,165.95,573.25,587.24,252.9,492.39,264.36,472.36,327.6,51.06,283.75,39.12,270.53,629.29,79.75,146.07,330.6,435.88,96.93,127.76,482.28,403.95,126.54,343.51,270.44,311.77,248.36,685.77,293.75,148.64,412.25,86.59,345.4,250.5,122.06,210.62,465.12,274.87,628.38,63.36,207.31,577.53,159.08,305.5,44.69,588.79,488.93,391.12,89.08,209.48,450.04,142.62,159.43,211.13,243.09,454.41,225.99,427.81,238.1,419.82,340.15,147.48,384.14,417.94
2025-02-13,179.7,203.58,202.74,363.09,376.69,454.4,104.46,598.96,277.08,302.34,316.14,145.2,129.18,138.86,385.74,148.5,306.52,415.99,499.93,339.98,567.65,202.01,482.9,361.95,113.91,182.66,172.46,140.42,104.07,520.38,297.73,315.5,276.89,179.51,295.71,525.92,121.65,162.23,167.1,584.37,597.75,250.3,465.29,261.76,472.71,326.25,52.86,278.01,39.09,276.13,633.76,77.84,148.44,321.11,441.23,95.19,126.76,486.47,414.07,124.49,349.15,271.11,312.82,250.71,690.19,294.82,149.81,408.43,85.68,339.66,260.39,120.53,212.29,465.99,271.63,624.62,63.9,209.58,578.89,157.98,306.97,43.29,599.31,493.28,416.44,87.1,203.46,452.11,140.28,159.1,213.79,244.69,456.52,226.52,415.46,237.63,415.58,351.02,148.44,374.9,406.52
2025-02-14,180.22,211.75,200.93,371.34,375.57,470.66,104.91,595.7,284.31,307.23,312.82,147.66,127.8,140.06,384.55,149.69,308.82,422.71,492.21,354.3,572.12,196.15,490.19,365.15,118.03,175.96,170.29,139.24,106.49,516.18,286.85,314.04,275.42,182.51,288.46,535.87,120.69,166.85,170.73,576.75,602.28,247.89,464.71,255.38,481.43,335.88,53.05,282.76,39.64,281.16,613.73,75.91,152.45,314.38,434.75,94.34,128.88,483.67,409.13,122.43,350.87,284.22,314.66,244.99,686.32,294.17,154.26,407.33,86.69,338.22,254.08,124.72,214.56,465.75,273.54,632.74,63.48,202.47,594.28,163.78,303.92,43.45,585.58,486.1,408.29,87.36,202.13,468.08,138.66,160.35,212.81,246.43,461.71,230.17,425.64,243.03,416.6,344.9,151.52,369.29,412.81
2025-02-17,178.93,208.76,196.96,366.17,375.32,468.95,105.74,573.73,279.46,317.31,309.47,145.9,124.7,139.09,382.58,151.97,311.01,419.55,483.16,357.25,565.63,199.31,491.35,353.96,115.74,175.07,167.75,137.8,107.12,502.03,273.74,318.84,274.88,182.66,286.63,533.61,122.21,165.58,165.44,565.28,585.6,247.1,466.2,252.21,465.06,343.17,54.1,286.77,39.01,283.28,626.33,77.36,150.25,322.87,425.52,94.02,127.2,482.78,411.09,122.88,341.18,280.8,301.76,248.01,687.87,293.03,149.19,399.57,86.39,345.68,251.49,123.48,221.86,462.54,278.55,647.74,62.47,202.49,596.41,166.33,308.86,44.52,568.65,504.19,419.81,84.81,199.11,468.03,137.58,160.66,213.85,245.06,454.25,231.72,419.18,239.27,425.21,363.99,152.07,378.23,421.51
2025-02-18,178.93,203.1,196.9,371.23,378.27,464.09,105.83,578.29,279.49,317.31,303.43,148.86,122.92,136.91,386.29,145.72,311.56,403.38,471.44,359.82,565.59,201.21,499.53,371.12,113.85,174.69,167.35,140.44,105.11,513.93,273.94,318.65,278.52,183.42,283.19,566.06,121.67,169.17,156.73,551.41,595.99,238.93,457.74,253.03,485.41,347.75,54.14,285.74,38.57,288.1,640.22,81.49,152.39,314.29,428.06,92.79,126.6,487.04,412.82,124.89,351.06,274.69,309.44,259.96,666.94,286.4,147.77,405.54,87.62,340.36,264.53,123.7,222.27,469.76,272.37,641.24,64.02,208.89,579.59,164.79,321.92,44.27,570.23,505.69,412.95,86.94,204.43,478.54,135.64,160.66,212.96,247.51,446.5,235.34,419.56,233.19,424.45,358.42,156.75,373.24,397.5
2025-02-19,179.16,204.76,202.74,365.51,389.68,470.64,106.96,576.18,280.29,330.1,303.54,152.07,122.77,134.76,391.77,141.17,322.63,407.57,462.67,360.2,567.62,200.24,502.37,375.13,113.85,171.95,164.26,137.74,103.07,490.03,270.93,319.47,279.31,188.6,287.61,545.75,121.88,167.54,158.03,547.97,601.26,236.57,451.33,252.93,484.51,345.13,54.19,288.34,37.6,272.26,645.21,82.03,156.53,312.63,423.6,93.54,129.03,478.54,411.66,121.16,354.17,277.15,313.29,261.0,667.5,286.64,145.29,400.46,89.27,332.62,263.28,122.07,225.49,478.0,271.79,654.4,63.31,207.1,577.93,162.66,326.08,45.05,545.02,497.21,413.75,87.85,203.27,482.7,135.82,161.99,213.69,248.76,434.2,225.01,425.26,232.55,424.87,359.25,152.71,385.77,423.33
2025-02-20,179.7,206.61,197.69,357.0,396.9,468.14,107.66,562.67,268.38,322.9,294.79,152.8,123.94,136.8,384.14,135.42,316.98,398.85,439.72,356.09,556.53,207.83,501.95,375.89,113.38,170.68,165.29,137.6,101.31,481.77,259.86,316.66,272.17,190.03,288.68,555.19,119.91,169.8,158.48,532.35,623.29,230.06,468.3,251.06,475.14,346.5,54.96,285.86,38.39,261.76,653.48,83.61,153.38,312.71,421.47,92.69,129.91,470.73,419.89,122.35,349.24,289.81,313.36,255.33,681.56,292.05,142.87,388.06,90.4,339.56,259.04,117.37,220.24,479.24,270.42,652.51,63.36,210.41,591.4,163.66,326.93,44.55,542.35,492.96,418.64,88.46,204.51,492.37,135.35,161.83,211.75,244.75,423.87,228.79,411.2,232.76,419.01,366.61,154.25,396.82,430.74
2025-02-21,180.79,194.58,197.24,366.5,407.56,475.2,107.62,565.53,278.14,311.23,300.15,147.69,125.35,143.44,384.93,135.25,322.12,392.82,435.11,353.8,555.17,213.19,499.8,380.83,113.53,172.61,165.88,138.94,97.78,467.51,267.36,325.42,276.24,190.15,291.46,551.1,120.68,172.58,161.63,527.46,653.09,237.0,467.27,247.29,474.9,351.94,55.41,284.87,37.69,263.99,652.33,82.25,148.95,317.38,412.45,92.58,129.25,466.92,416.7,119.64,348.98,298.81,311.81,257.34,705.15,290.72,140.35,389.9,90.29,345.0,259.59,117.36,221.52,487.4,270.12,640.28,64.25,216.85,572.64,162.38,333.22,45.25,547.8,494.69,420.54,88.55,204.87,490.53,136.32,161.23,211.46,252.07,421.38,228.94,419.07,224.59,423.61,378.54,152.62,398.02,452.91
2025-02-24,178.86,196.19,201.63,342.28,407.13,492.44,110.42,591.73,271.09,315.37,295.43,147.75,124.32,144.8,381.16,135.94,309.33,398.7,445.53,348.11,548.02,216.22,499.1,386.11,113.43,168.85,164.57,139.93,93.89,469.11,274.97,332.08,281.12,195.56,291.71,555.42,121.16,174.72,160.89,542.73,672.72,234.15,469.51,250.83,476.11,347.87,52.52,286.77,38.29,265.95,667.34,81.4,148.57,320.36,416.28,93.01,129.7,458.89,423.96,119.28,351.21,314.45,306.46,260.28,730.5,292.19,137.53,387.36,91.14,352.26,264.04,117.02,220.48,486.82,269.57,630.91,63.49,217.34,585.54,167.17,322.04,45.45,557.63,500.01,402.74,89.01,203.75,463.47,135.36,163.31,208.35,252.58,428.05,234.14,394.78,231.04,417.06,383.82,156.53,400.69,449.43
2025-02-25,180.95,190.67,208.78,340.31,401.63,487.48,109.67,617.29,273.7,321.13,299.69,145.08,124.31,145.83,385.82,135.84,315.78,389.46,439.98,352.85,537.73,224.54,504.78,372.94,114.98,169.48,165.95,140.52,90.94,455.62,269.0,332.56,280.86,199.55,295.17,565.55,121.17,176.51,158.53,551.28,655.85,240.59,452.88,252.94,468.08,349.33,52.47,285.49,38.35,265.95,697.9,81.29,147.88,327.72,414.8,94.14,130.78,459.97,418.52,121.62,349.07,315.93,324.7,250.47,741.15,284.62,139.03,386.19,93.44,356.42,269.77,117.22,216.57,484.83,269.48,612.16,64.39,222.19,603.59,161.44,333.88,44.13,565.91,499.69,406.86,88.18,208.41,464.9,137.7,161.94,202.77,257.93,416.16,238.69,387.59,229.47,417.6,374.47,157.02,403.54,441.16
2025-02-26,182.32,191.25,212.94,331.03,403.64,472.14,109.38,612.67,284.23,307.8,302.24,146.92,123.51,142.24,382.15,137.58,320.53,386.3,448.88,360.53,560.23,229.89,521.98,401.27,114.68,175.24,166.52,140.85,92.21,461.27,271.61,330.99,280.09,200.51,290.7,556.98,123.24,179.68,158.79,563.91,669.13,239.4,434.26,250.4,461.34,343.5,51.76,287.63,37.78,271.72,695.47,82.21,146.51,332.23,423.6,96.35,130.3,465.57,419.55,124.34,363.57,320.75,317.37,240.4,745.33,282.49,138.13,389.8,94.33,360.69,265.52,115.34,220.26,499.01,272.73,613.97,64.15,216.19,620.92,157.96,330.25,45.8,576.2,513.45,411.25,87.52,206.77,463.45,138.64,163.17,201.04,254.3,426.94,237.89,386.43,228.69,409.18,385.14,157.56,401.46,441.29
2025-02-27,183.58,190.52,212.13,333.62,411.04,476.43,110.28,592.4,278.09,310.46,292.19,142.72,123.56,142.87,379.19,132.9,315.49,377.55,453.96,361.78,539.12,224.61,514.81,391.74,110.92,170.69,168.37,141.9,92.42,471.47,267.61,322.07,279.28,202.35,294.17,554.93,124.3,175.75,161.47,560.87,659.03,236.3,419.55,254.43,468.77,333.38,50.2,291.31,37.82,273.77,683.65,85.01,150.51,336.39,428.71,97.61,130.76,471.61,408.49,125.66,380.66,335.36,318.17,233.97,729.32,283.33,139.62,383.93,94.36,357.36,274.6,115.54,219.57,487.87,274.3,595.94,63.67,216.57,608.46,156.65,319.36,46.94,592.38,503.67,411.13,87.08,210.19,456.74,138.88,166.57,202.65,248.99,432.11,236.43,390.12,231.1,403.96,386.37,154.93,420.73,446.48
2025-02-28,180.63,195.26,213.64,338.55,406.16,468.59,110.29,575.63,283.69,300.37,287.3,140.55,122.9,142.72,383.43,129.74,320.22,376.62,459.45,351.31,560.77,227.38,531.78,390.48,112.53,166.8,170.73,139.14,95.2,466.55,261.23,329.35,281.65,201.57,290.58,524.65,127.39,178.29,163.95,574.49,663.23,238.71,417.14,255.77,465.13,335.76,49.91,286.17,38.4,279.47,661.78,86.73,145.54,326.58,428.13,101.89,131.58,482.99,424.28,128.0,389.2,351.18,317.55,236.15,721.74,279.59,138.96,387.04,92.98,354.31,266.65,115.72,229.31,485.91,277.19,589.94,63.49,216.83,611.95,166.22,324.42,47.82,588.84,508.71,418.15,90.11,206.43,453.21,138.51,168.66,204.93,249.81,436.36,236.2,381.12,231.88,392.12,405.53,152.98,419.33,437.04
2025-03-03,183.37,205.12,208.97,335.96,406.64,458.9,110.93,574.53,284.82,297.4,289.7,142.11,120.6,137.82,398.15,128.92,325.45,368.13,463.0,353.48,556.52,228.05,562.74,392.26,113.08,175.4,167.14,143.05,98.95,486.07,265.63,327.77,281.36,200.12,289.62,529.36,129.3,170.39,163.49,583.4,655.73,229.63,412.92,254.8,468.06,341.61,50.08,289.01,36.31,272.24,686.64,84.21,142.78,328.58,420.36,102.66,130.56,468.56,416.76,130.39,385.87,372.45,330.47,244.09,730.28,281.29,137.63,387.79,94.42,351.04,265.47,114.63,232.06,488.31,280.88,598.21,64.88,214.63,604.57,164.04,332.95,47.47,616.37,509.12,426.22,88.31,204.08,454.77,138.25,166.73,197.74,249.38,440.0,236.76,376.22,232.43,394.08,409.81,150.07,419.53,433.82
2025-03-04,183.69,203.61,210.24,329.69,416.93,459.72,111.2,566.32,278.82,284.98,293.94,145.62,121.88,138.84,404.28,128.03,327.0,377.7,460.76,357.07,578.33,217.46,565.89,415.71,118.69,183.18,170.78,140.43,102.98,467.19,261.28,327.26,279.0,202.54,283.11,529.32,129.39,168.09,156.6,564.87,650.57,225.79,411.6,259.92,463.5,343.76,49.62,282.53,36.46,269.29,683.02,84.57,145.34,324.23,423.03,101.97,129.9,476.58,423.75,130.68,378.83,377.22,333.62,244.89,747.09,278.66,141.05,381.32,93.83,347.03,283.44,113.02,228.22,488.42,281.81,621.07,64.28,215.57,599.34,164.84,332.89,48.66,623.81,503.03,413.5,89.4,208.32,472.34,137.63,164.38,192.41,249.3,448.59,234.33,381.96,235.56,391.06,425.75,149.83,428.38,452.86
2025-03-05,182.73,196.99,213.66,325.82,401.72,458.2,112.0,585.84,278.53,285.51,293.86,144.35,119.66,140.48,409.11,127.77,319.53,371.67,484.2,353.29,568.32,205.52,543.9,401.54,118.16,178.82,165.78,142.28,100.22,468.46,266.15,325.16,277.59,204.04,273.63,545.91,130.08,167.92,165.23,572.32,663.61,225.05,419.08,261.6,473.74,334.31,49.33,278.53,36.3,275.38,689.74,81.47,146.83,329.51,414.93,100.97,127.69,466.48,426.78,126.64,368.44,378.14,335.6,246.58,752.01,285.38,142.91,388.66,95.82,352.12,299.36,116.07,233.67,488.63,287.68,621.42,63.67,209.63,608.31,168.01,341.87,47.7,615.57,507.36,419.35,88.33,208.32,498.08,135.89,164.25,191.98,250.12,439.57,239.98,382.43,233.6,390.24,405.89,147.14,414.56,464.7
2025-03-06,182.84,194.93,216.63,324.96,388.1,457.21,111.92,575.44,276.35,283.15,292.26,148.61,118.4,148.65,413.62,126.98,316.99,355.18,472.06,338.44,588.35,213.88,553.29,399.93,116.13,178.24,163.5,140.81,103.31,489.41,277.8,329.36,276.9,201.72,269.24,540.95,131.57,173.15,162.72,582.47,652.09,220.09,420.86,269.9,465.37,326.72,49.83,279.51,36.96,278.34,651.05,83.12,149.84,330.98,420.42,99.18,130.67,486.9,420.63,128.07,375.39,376.03,339.3,244.09,768.14,281.52,142.66,391.5,98.9,360.57,297.34,117.54,240.78,486.15,280.39,638.95,64.95,205.92,597.04,164.94,335.89,47.82,618.95,511.8,406.09,89.83,207.86,489.7,136.45,166.75,196.28,254.73,431.39,237.64,391.6,229.8,392.4,388.56,147.57,424.09,460.65
2025-03-07,184.35,190.82,217.04,325.31,391.03,458.28,113.89,555.04,270.55,289.11,286.25,149.65,119.56,145.35,410.42,129.54,317.38,365.47,485.31,343.32,586.31,214.41,531.67,397.5,113.67,178.96,167.33,140.53,101.84,485.0,274.97,333.69,272.09,193.77,271.74,557.45,131.27,177.72,167.14,602.18,661.4,220.18,436.72,277.99,457.32,321.3,50.42,285.71,37.55,284.64,633.9,82.84,149.69,328.77,431.69,98.39,131.24,487.55,424.58,128.81,376.09,388.53,340.98,248.6,743.76,282.15,145.49,389.78,97.67,362.86,291.28,119.19,245.04,479.44,271.43,631.18,65.01,200.27,571.19,163.58,341.21,46.3,613.03,501.29,404.21,90.54,209.22,487.73,137.12,164.45,197.19,259.18,451.11,238.43,380.22,233.99,390.58,383.33,147.61,427.1,495.46
2025-03-10,184.55,192.24,215.17,306.41,378.54,476.83,112.57,525.71,262.67,290.92,289.35,144.51,116.86,148.83,408.52,128.57,301.44,363.63,491.16,340.76,586.39,206.4,539.05,384.44,117.55,185.27,166.98,139.54,99.68,475.44,275.07,337.62,272.99,193.49,270.65,566.32,130.54,182.91,166.23,588.58,649.95,224.48,426.13,282.28,450.99,314.2,50.68,289.39,37.86,283.35,623.64,82.3,149.41,328.35,430.18,96.13,132.44,483.9,424.46,127.65,353.0,403.22,349.36,249.63,779.99,281.63,149.69,393.65,98.99,366.13,287.83,118.42,248.78,479.8,276.69,624.1,64.02,203.89,557.18,160.58,345.81,46.05,587.08,507.59,397.4,92.4,206.04,491.26,135.37,164.28,194.33,258.99,438.83,240.66,377.81,236.65,383.77,371.08,151.78,426.31,482.7
2025-03-11,184.08,192.12,213.99,302.02,384.55,486.31,112.71,499.96,249.75,282.67,286.71,143.33,116.28,151.9,404.89,126.95,306.02,366.1,500.74,345.18,584.74,202.82,564.26,365.25,117.97,187.83,167.47,137.78,98.8,480.97,263.9,338.45,272.16,190.74,267.57,581.2,128.66,184.87,159.88,601.86,641.46,220.81,425.16,281.86,470.46,309.61,51.45,288.85,39.58,295.07,616.53,81.45,148.44,325.23,435.45,95.01,133.15,483.97,426.59,128.51,341.54,431.55,347.6,248.36,762.21,291.48,144.36,398.17,99.53,352.4,292.72,116.52,248.39,478.73,272.78,598.73,64.31,201.91,568.85,162.59,350.87,45.96,580.82,514.51,394.9,92.88,206.69,484.28,135.64,166.65,188.35,255.64,418.6,237.96,383.19,236.6,385.12,386.42,154.58,413.26,478.5
2025-03-12,184.67,195.37,208.74,301.5,376.79,482.96,113.22,502.08,244.32,282.26,289.64,140.68,114.14,151.46,409.13,128.98,307.66,374.8,470.84,348.37,573.87,201.17,551.32,358.9,113.76,191.51,167.74,138.23,98.27,485.54,267.86,343.91,268.45,188.44,261.65,569.06,130.31,186.01,168.65,608.87,642.92,224.39,448.34,278.39,481.11,315.01,50.63,298.67,39.11,291.09,619.04,84.41,143.49,323.8,429.04,92.6,135.99,489.08,410.63,125.77,346.9,462.85,336.28,256.54,756.86,296.9,139.54,401.87,101.17,347.58,293.71,116.78,250.56,473.57,269.56,592.16,64.83,203.1,551.78,167.27,326.23,46.18,592.4,521.79,392.71,90.71,200.0,482.96,137.9,165.85,193.07,254.81,424.01,243.38,373.5,232.06,383.92,404.86,148.25,418.91,493.16
2025-03-13,185.01,190.81,206.93,294.6,377.76,487.65,114.73,490.18,237.69,296.31,290.34,137.84,114.59,149.58,412.45,125.83,297.13,376.19,461.8,349.16,544.94,204.13,551.97,360.72,115.57,195.81,167.82,141.45,96.6,495.73,255.93,334.91,264.1,190.36,265.46,612.31,131.35,185.91,167.13,603.62,640.75,209.65,450.65,282.79,491.82,320.05,50.15,303.23,37.99,290.38,625.32,85.15,141.07,321.31,425.11,92.21,135.23,494.59,403.26,125.3,348.82,468.15,332.54,261.37,752.42,297.93,138.3,406.42,102.41,338.44,299.62,119.47,254.3,471.4,266.29,589.58,64.72,200.88,566.22,166.59,321.41,47.34,590.58,521.56,390.52,93.7,199.51,475.81,137.12,165.17,195.1,259.83,419.96,247.19,369.76,230.51,383.47,406.78,142.83,425.45,484.64
2025-03-14,186.7,183.76,210.01,288.59,381.54,474.99,114.24,501.2,226.03,302.62,284.59,138.15,115.89,153.83,411.09,125.01,307.11,368.52,437.47,348.11,557.39,203.67,556.5,359.67,112.35,193.87,167.49,141.99,96.86,519.03,260.32,347.57,267.56,190.81,263.58,633.12,131.34,187.69,163.95,602.54,649.9,207.87,441.24,283.38,494.95,322.15,48.81,302.19,38.23,288.48,613.84,81.31,138.56,321.82,414.26,94.27,134.92,497.15,404.61,127.02,344.14,455.6,334.37,251.59,745.74,295.52,142.27,404.1,101.34,346.71,294.0,114.01,250.21,465.16,268.46,585.06,63.79,204.64,539.1,174.09,315.46,47.48,607.17,518.79,391.07,93.01,198.37,464.03,136.16,162.34,192.75,259.81,425.59,246.1,375.76,231.34,385.02,422.37,139.55,422.61,494.98
2025-03-17,188.81,184.51,217.65,283.68,386.4,464.84,113.02,507.22,230.63,301.99,283.66,141.81,116.81,151.91,416.39,124.42,319.22,369.29,432.77,352.47,534.16,201.66,573.45,355.48,116.76,189.34,162.66,140.34,96.09,524.54,260.99,345.26,266.53,191.02,254.85,603.31,130.99,181.8,170.12,602.1,638.93,209.55,433.98,288.24,496.07,316.63,49.65,299.2,37.62,282.05,601.08,82.58,135.94,321.52,407.83,93.32,136.28,505.33,399.03,124.12,346.35,486.46,324.94,249.95,739.21,295.25,139.77,401.19,102.73,347.63,277.25,112.78,253.75,473.92,267.41,585.55,64.39,206.31,533.6,175.29,310.3,49.23,612.05,511.76,389.52,94.73,204.93,472.22,136.07,161.7,193.69,258.84,425.52,242.66,370.4,236.66,377.77,416.81,141.46,432.15,486.79
2025-03-18,189.83,179.7,228.75,280.3,374.63,469.15,112.69,492.36,227.43,290.88,279.6,140.28,117.78,157.81,416.85,121.69,318.68,373.11,431.78,352.47,534.0,200.47,600.8,346.99,113.06,183.22,163.0,139.51,98.63,529.68,262.73,349.77,263.19,192.65,247.38,598.99,132.14,177.16,173.86,611.73,643.61,205.27,428.78,283.87,502.62,306.69,48.1,300.32,38.62,293.89,591.3,82.22,135.77,314.46,405.44,91.99,136.21,508.27,396.14,123.29,345.31,488.1,340.46,239.99,755.33,294.34,142.16,404.5,101.12,351.78,281.38,112.43,254.1,469.27,270.68,579.02,64.87,204.83,531.27,179.83,299.51,47.49,637.34,507.69,386.56,96.23,201.19,475.45,136.63,157.61,191.13,265.49,433.99,244.05,354.78,238.14,384.02,424.86,144.36,432.24,508.19
2025-03-19,185.93,180.77,225.92,288.12,369.42,476.01,112.67,485.86,219.12,292.97,285.59,139.63,118.96,158.47,423.41,126.25,334.59,367.34,423.14,347.66,527.58,201.45,617.32,331.34,114.3,185.6,161.79,138.7,101.38,518.93,267.09,345.36,263.97,196.67,242.35,592.19,131.0,177.51,174.12,616.18,648.22,209.47,422.4,283.62,499.8,303.73,49.14,302.49,38.81,297.06,586.16,82.31,133.09,315.53,414.0,93.45,135.03,514.94,393.32,117.41,336.84,503.99,357.68,238.06,752.3,296.09,142.4,409.45,100.62,362.97,288.93,111.1,249.69,470.51,268.22,575.92,64.06,206.78,510.79,180.53,303.93,49.95,645.44,512.79,386.36,95.94,199.78,488.89,138.23,162.05,191.05,269.46,415.67,240.91,370.38,241.37,384.27,426.42,142.98,438.53,486.99
2025-03-20,186.91,193.53,226.46,298.8,357.28,484.87,113.03,457.32,221.92,285.81,283.88,135.91,121.33,159.17,438.23,128.01,328.4,364.51,433.55,347.41,523.34,206.72,631.23,328.7,116.24,181.12,159.43,140.55,103.0,524.65,265.28,353.83,263.44,196.82,240.43,602.34,131.78,181.66,181.39,633.02,643.23,209.59,413.75,286.35,504.01,314.12,50.29,304.09,38.25,289.54,583.03,86.27,133.3,320.1,415.25,93.45,133.14,510.67,391.51,120.61,344.08,523.66,342.42,251.16,771.63,297.35,144.56,399.93,99.51,383.01,291.82,109.57,249.58,463.68,269.13,566.97,65.09,203.07,510.01,181.63,313.37,49.46,663.51,497.15,380.43,94.65,202.99,489.47,140.29,160.71,186.99,266.53,409.58,239.17,371.89,244.27,380.76,442.56,141.66,455.67,486.33
2025-03-21,186.79,196.11,226.84,296.26,358.37,495.38,112.64,458.66,213.53,292.89,291.35,139.09,120.94,162.2,444.87,123.84,328.87,356.61,443.75,342.07,510.03,210.23,653.37,324.49,116.29,188.72,161.31,139.12,102.29,513.02,266.9,356.6,252.8,199.1,238.5,597.52,130.11,182.82,183.5,630.29,643.6,208.16,412.66,296.06,509.06,310.53,51.5,309.38,38.42,295.73,599.49,86.03,135.36,321.75,414.55,95.49,134.78,504.18,395.53,123.03,345.55,508.5,344.39,252.44,799.48,292.77,144.52,398.72,99.6,370.08,292.89,105.02,246.81,454.56,266.05,580.78,64.99,208.44,495.83,183.24,304.44,49.6,646.2,488.14,384.64,92.91,201.42,495.4,140.82,160.17,182.99,267.36,410.52,242.84,362.12,240.76,390.88,455.87,136.47,467.85,509.47
2025-03-24,186.92,193.86,225.65,286.39,359.1,490.84,114.2,462.32,211.87,309.83,286.13,135.63,122.04,167.26,450.03,126.09,330.5,355.08,450.19,339.92,499.4,216.37,644.59,328.98,116.96,184.81,159.86,136.75,101.83,512.84,261.55,366.74,249.72,200.31,240.11,617.04,128.33,183.59,182.62,628.31,648.34,200.19,403.99,291.64,490.44,320.07,51.7,308.42,38.39,302.31,590.52,90.47,132.22,320.66,411.49,97.45,138.73,514.6,394.76,126.42,330.1,485.18,343.4,245.71,815.15,289.35,143.7,397.09,100.58,383.55,301.42,107.09,238.95,458.84,261.51,584.4,65.78,206.62,503.86,188.56,304.88,48.92,644.13,487.32,392.42,91.8,205.69,505.9,142.26,161.11,176.92,271.24,408.28,247.85,361.48,244.87,385.78,465.16,134.18,489.66,512.21
2025-03-25,186.04,188.97,225.87,277.78,352.63,494.68,113.09,464.74,212.57,313.9,290.97,137.28,123.85,166.42,460.59,126.2,329.18,356.22,431.3,331.73,491.98,213.55,660.49,338.3,122.98,181.86,160.71,136.29,102.14,541.18,264.5,370.91,243.28,200.79,236.61,617.53,124.59,178.25,179.93,641.37,641.13,205.24,402.23,297.01,500.27,309.81,49.66,308.56,37.68,311.59,554.72,91.16,133.14,315.34,398.38,94.64,138.62,507.03,395.65,125.65,326.87,501.6,346.31,237.35,807.29,289.13,141.84,381.37,98.45,388.4,286.26,102.77,234.7,464.48,265.55,592.45,65.37,196.92,495.64,188.77,307.97,47.15,655.72,482.1,392.29,91.76,205.26,506.61,143.54,162.67,176.28,273.1,418.85,247.51,365.1,245.13,386.43,460.69,137.77,501.94,525.49
2025-03-26,181.45,184.47,220.37,287.71,356.13,477.92,112.35,466.77,207.17,315.41,291.11,140.16,117.07,172.92,443.61,125.0,333.52,359.85,446.03,333.2,488.18,216.05,657.02,335.88,116.62,176.95,166.0,138.38,101.9,513.75,269.31,369.65,252.22,206.72,228.7,621.25,124.92,185.63,174.8,654.43,659.62,196.11,388.38,285.42,507.7,306.9,49.63,305.52,36.28,316.77,531.52,91.66,131.37,311.58,394.58,94.62,139.94,503.21,409.12,126.07,319.66,512.31,341.35,227.55,790.01,295.05,144.29,373.83,97.61,392.17,292.24,104.48,230.46,472.05,263.15,581.27,65.79,201.45,495.25,191.4,308.09,44.84,665.53,492.9,385.49,92.27,212.42,508.97,140.79,163.06,177.05,273.56,406.31,249.5,385.41,242.85,386.76,454.67,136.87,508.01,514.18
2025-03-27,180.95,180.05,226.47,291.19,356.02,466.8,111.67,482.72,201.21,323.99,296.96,138.49,122.6,174.17,441.91,122.25,323.55,365.84,462.13,335.29,492.47,221.63,638.29,343.97,114.76,173.77,164.06,135.05,100.53,511.96,264.31,372.94,248.27,205.23,232.89,601.1,123.72,195.64,180.76,660.96,647.7,194.5,393.38,287.75,516.49,306.76,49.76,311.48,36.37,316.94,515.3,91.35,131.9,304.07,400.09,93.84,138.66,501.15,415.55,125.15,316.94,521.25,335.83,221.76,798.25,292.17,147.42,373.31,99.11,394.41,286.94,102.43,228.6,483.86,258.92,593.33,66.04,203.54,494.9,192.56,312.05,44.9,632.53,487.45,362.93,90.99,204.9,504.3,140.65,159.31,176.34,273.84,410.26,243.65,375.88,242.9,387.94,453.5,133.25,509.19,531.17
2025-03-28,181.7,178.4,224.36,298.18,360.88,467.1,112.57,513.26,191.5,328.97,302.7,141.22,121.45,173.26,452.12,125.37,329.1,362.81,485.97,339.16,505.12,215.75,631.57,353.02,113.52,176.38,165.19,133.14,103.24,496.41,267.67,369.65,250.77,211.88,233.8,580.33,120.75,195.33,181.85,657.85,651.31,195.09,396.0,287.49,502.43,304.02,50.36,312.24,35.74,321.53,518.29,91.02,129.72,295.69,395.88,93.36,139.14,504.49,415.99,125.08,312.31,545.75,338.36,226.95,793.51,295.64,150.13,386.23,98.97,403.53,281.31,100.45,226.52,488.65,259.95,580.87,66.05,206.76,478.89,191.6,304.15,44.58,605.83,481.16,367.58,91.72,199.6,504.25,141.28,162.32,176.13,281.88,408.58,242.05,345.65,240.07,379.88,460.68,130.9,511.13,559.97
2025-03-31,184.67,182.19,216.15,308.12,375.85,467.23,111.46,506.52,185.47,334.76,297.18,144.29,123.03,178.02,455.72,130.7,331.07,365.09,489.73,345.31,503.62,222.18,657.95,364.04,114.18,180.1,166.17,133.43,103.19,511.25,269.3,367.2,255.5,209.13,246.04,586.87,117.9,192.68,178.04,651.81,626.81,196.78,383.56,296.02,490.67,297.83,51.67,315.78,34.94,312.89,500.21,92.11,128.99,298.07,390.28,93.09,141.64,501.01,417.06,127.9,314.47,535.23,329.53,227.82,774.41,291.14,148.4,388.86,99.8,401.67,275.98,100.85,226.24,483.96,262.32,569.88,67.05,201.5,492.65,193.8,297.75,45.07,646.58,480.37,358.53,91.61,201.5,500.85,141.95,166.07,176.56,279.18,393.75,246.15,329.18,237.44,382.42,448.14,136.53,513.4,534.77
2025-04-01,182.59,184.62,213.64,306.17,387.9,458.81,109.29,518.09,194.67,333.04,304.63,143.76,121.91,179.77,463.99,131.13,321.52,355.72,476.29,346.62,496.99,224.9,662.45,355.62,120.26,178.03,169.45,134.66,99.35,526.79,279.02,361.1,257.23,210.6,251.52,591.34,119.57,194.68,181.63,639.17,625.43,202.8,366.04,304.79,485.2,300.0,53.15,314.53,34.65,316.32,524.01,90.53,129.25,299.33,383.25,91.88,143.83,493.47,401.34,127.52,321.58,577.18,324.58,234.41,787.54,281.43,152.03,388.76,96.97,403.02,276.49,101.91,224.39,492.21,259.27,563.98,68.75,200.53,512.58,192.05,291.55,46.7,699.39,479.56,355.49,93.91,201.42,513.84,142.66,166.36,183.3,278.43,397.12,247.13,339.98,238.74,384.82,429.44,137.21,513.4,520.54
2025-04-02,183.08,179.98,208.52,301.49,385.0,462.74,110.51,506.91,191.67,332.61,304.18,144.22,120.44,187.82,455.73,128.68,335.28,357.82,477.41,355.31,512.04,228.47,674.02,368.11,116.38,176.14,171.92,135.78,97.08,530.02,283.07,354.59,257.28,212.65,251.16,612.57,119.19,197.9,183.14,645.51,632.37,207.2,372.37,305.88,487.74,306.53,51.56,308.43,33.81,326.13,518.31,92.41,127.56,305.35,382.9,91.17,144.04,494.47,412.97,126.56,316.19,579.38,331.57,239.88,774.92,276.38,151.13,382.13,97.66,406.23,287.02,105.92,226.18,483.13,266.29,566.58,68.18,199.39,504.15,189.49,291.16,47.05,722.8,470.52,351.69,90.94,195.76,517.04,144.19,167.97,189.85,285.44,402.44,243.26,340.68,243.01,376.07,438.21,138.08,511.62,496.64
2025-04-03,186.38,187.33,201.78,315.31,388.74,448.24,108.35,511.19,193.02,327.56,308.92,145.33,120.79,179.78,445.65,126.47,339.7,366.93,476.43,347.18,520.27,221.72,682.34,354.18,114.93,174.77,173.18,135.56,98.22,527.42,283.99,356.46,259.25,212.81,260.17,627.93,119.45,205.46,182.91,646.31,624.62,217.71,377.77,313.34,491.6,307.39,51.37,312.72,33.22,311.94,520.28,92.89,129.52,305.46,387.34,93.38,148.02,503.0,419.2,127.28,314.29,586.77,339.17,238.45,778.98,273.93,152.87,377.77,97.52,387.7,298.6,104.54,225.26,491.45,271.22,537.91,66.91,197.5,504.79,186.75,286.24,48.88,735.01,470.25,352.43,92.42,193.44,515.15,146.34,168.19,192.52,280.49,402.16,250.26,345.5,238.19,376.34,429.29,138.95,515.39,498.16
2025-04-04,185.92,192.23,202.69,334.65,390.21,446.42,107.77,496.0,198.17,325.96,305.87,152.15,119.72,174.1,454.34,134.03,338.32,371.43,483.05,342.53,497.05,224.55,706.73,346.28,113.08,172.65,174.73,138.2,95.09,550.77,288.87,360.87,259.24,219.07,257.54,624.62,119.49,202.66,179.83,645.06,633.62,227.21,380.36,310.64,498.56,307.99,50.83,315.29,33.33,316.8,518.2,92.49,125.65,302.09,384.12,94.87,148.78,502.06,424.37,124.1,302.19,580.33,338.87,240.82,765.39,272.94,153.54,381.6,99.77,391.01,296.08,104.09,227.33,493.02,269.18,563.37,66.08,196.5,517.45,187.97,305.56,46.85,713.46,475.81,352.71,93.42,191.32,504.85,147.53,172.93,192.08,281.67,394.29,253.43,334.64,235.56,382.66,413.61,137.52,515.21,499.49
2025-04-07,187.46,195.76,207.72,347.84,401.17,441.59,109.19,480.89,195.57,331.77,304.1,155.68,117.91,180.1,458.45,130.22,355.51,378.87,483.98,341.97,480.01,224.26,681.59,349.82,115.26,177.29,173.79,135.97,93.56,543.31,306.07,368.49,262.91,221.06,249.28,593.77,117.89,213.45,184.22,648.19,658.28,220.93,386.05,314.57,513.38,308.26,50.77,313.39,33.49,318.82,504.23,94.77,127.03,309.67,374.14,96.75,149.98,513.75,423.84,123.34,302.34,581.69,340.36,239.63,767.58,271.6,152.71,381.1,97.78,387.36,294.15,103.84,224.19,485.61,262.17,562.51,66.46,196.0,515.01,188.27,301.9,46.42,715.7,491.92,347.65,92.77,194.0,502.49,146.6,172.08,191.52,285.55,390.41,258.28,333.36,229.91,385.43,412.06,140.51,518.23,520.81
2025-04-08,186.76,192.4,206.26,335.6,402.22,441.53,109.23,471.72,192.89,326.03,305.64,152.54,118.86,177.76,468.91,132.22,360.94,373.14,473.62,347.59,488.25,231.66,673.47,366.03,114.31,188.85,170.94,135.36,94.45,536.64,292.08,368.19,262.98,223.13,248.75,609.55,120.16,216.18,185.66,621.46,658.73,216.09,394.24,317.84,520.34,299.85,49.34,316.07,32.33,323.99,502.56,97.32,129.3,310.33,367.79,96.05,149.77,510.37,421.4,122.68,315.67,600.94,355.44,244.3,733.55,269.28,145.92,380.48,96.96,381.78,290.29,100.8,230.59,483.15,262.96,567.91,67.34,191.56,524.64,191.2,307.28,46.19,732.46,488.52,342.18,92.12,196.15,481.01,145.51,177.82,193.35,288.27,393.22,257.88,339.03,231.44,382.38,388.09,136.44,526.9,518.93
2025-04-09,182.54,198.8,203.39,326.71,397.42,453.69,110.31,447.1,194.81,326.73,305.36,155.81,118.36,174.26,450.02,130.53,355.18,378.96,480.5,341.03,501.53,243.29,658.31,365.84,116.72,185.24,171.42,137.39,96.21,551.36,291.29,378.22,257.83,226.81,250.82,571.65,119.25,208.14,178.26,605.45,640.25,211.34,386.85,305.15,512.98,289.2,50.52,307.2,32.3,331.14,477.14,97.11,131.57,308.01,351.45,97.88,150.84,514.9,417.05,122.32,334.46,609.03,356.64,239.24,744.11,271.37,147.86,383.35,95.97,366.93,288.06,99.68,227.48,494.41,268.94,580.29,67.97,196.63,540.12,194.09,301.89,46.5,753.84,474.91,345.94,92.77,192.54,488.32,146.42,181.21,191.27,283.09,390.27,260.09,320.78,230.11,377.74,382.59,137.03,534.71,508.22
2025-04-10,182.79,196.36,212.51,334.14,395.1,450.9,110.92,429.89,194.48,305.64,304.17,154.87,118.83,178.16,454.28,127.83,353.15,390.89,492.79,346.69,508.53,253.05,691.61,378.29,120.24,186.71,170.09,137.78,95.96,553.2,293.8,381.0,264.21,228.28,244.99,586.71,117.37,209.34,176.87,594.01,625.55,208.43,393.58,307.52,518.2,291.48,50.33,303.66,32.58,333.61,488.97,95.12,132.42,310.07,362.38,97.6,150.23,507.96,422.99,118.48,321.11,616.69,357.71,233.48,740.06,276.74,146.55,386.17,96.77,363.09,302.57,99.6,224.61,497.54,264.53,571.09,68.71,196.62,531.74,195.4,300.02,47.31,782.38,473.56,344.0,91.52,187.04,486.77,146.52,182.21,194.39,279.29,393.2,260.91,323.06,228.19,371.4,368.92,137.81,531.56,511.4
2025-04-11,179.83,194.14,212.73,327.61,393.01,447.01,110.14,436.12,189.42,296.63,310.36,155.55,120.49,177.34,454.55,129.67,346.64,375.17,481.37,339.85,503.62,247.84,698.71,379.55,121.34,187.26,174.25,137.13,97.74,544.29,294.64,377.21,266.13,227.64,244.78,582.11,117.04,212.49,173.79,595.88,617.68,207.75,379.78,308.49,532.27,294.7,49.38,298.39,33.28,327.89,495.69,98.2,134.23,301.8,363.97,95.75,148.84,524.1,414.86,114.27,329.48,601.74,358.35,237.53,726.25,272.72,148.19,384.47,100.2,366.52,286.79,98.89,226.21,497.26,269.48,590.74,67.77,194.47,549.59,196.23,294.85,49.09,771.35,475.33,353.02,90.83,182.47,492.79,147.16,183.77,194.22,279.39,386.43,257.71,320.22,226.24,374.59,384.77,137.75,548.42,531.37
2025-04-14,183.7,194.75,207.38,329.38,405.3,455.96,109.57,430.7,177.11,282.92,318.3,151.29,120.7,177.91,459.12,133.66,337.21,382.13,506.35,340.24,507.49,243.91,695.48,377.4,120.36,187.51,173.23,137.11,97.82,541.83,281.1,384.89,272.07,236.62,249.72,585.51,114.12,215.1,177.15,593.08,600.86,218.14,381.43,311.78,526.19,282.08,50.8,301.66,34.36,326.15,494.27,100.31,136.71,301.13,366.36,95.45,147.93,526.54,414.7,115.87,315.96,596.79,348.74,233.26,736.97,273.97,148.48,385.57,100.67,370.26,286.64,97.99,223.69,495.88,268.17,616.1,67.45,195.52,553.98,194.95,298.42,48.92,806.93,482.79,348.32,90.3,188.4,506.66,149.1,179.73,195.36,281.62,395.31,256.2,334.96,225.2,376.39,395.16,137.49,575.44,520.91
2025-04-15,184.54,190.45,201.88,319.58,401.18,457.01,107.95,462.21,175.61,280.62,323.87,149.67,116.79,170.32,478.52,135.14,325.64,399.74,520.89,345.61,511.63,243.99,658.72,381.39,119.75,189.03,174.72,138.05,96.72,545.29,261.3,383.97,273.05,234.66,241.6,591.83,112.28,221.86,177.39,595.69,621.09,216.49,374.23,315.87,502.95,283.19,51.89,305.48,35.22,332.62,496.5,102.95,141.54,295.33,367.16,92.44,147.03,517.05,423.93,117.1,311.87,609.98,358.93,241.57,725.72,277.43,148.15,383.87,101.6,380.17,286.61,96.06,221.93,500.56,269.44,605.86,66.69,198.73,543.76,194.95,308.93,48.33,803.66,490.53,344.65,90.64,185.31,515.14,150.31,176.16,200.36,282.81,388.81,255.65,333.91,224.35,381.31,384.04,141.72,559.99,533.94
2025-04-16,184.73,192.86,200.79,313.19,398.86,459.84,110.62,459.01,171.33,273.2,326.38,150.73,118.78,166.92,468.98,132.55,329.39,402.23,520.44,345.88,507.28,238.49,702.0,400.63,121.7,193.81,172.88,138.14,94.83,561.98,262.86,384.44,268.02,234.53,239.7,563.92,113.3,224.65,176.39,595.77,632.97,215.53,365.22,316.67,519.96,291.01,52.7,298.91,35.23,331.12,519.81,107.57,145.72,285.84,372.07,93.6,149.55,515.48,429.73,113.26,314.75,627.35,352.29,246.0,740.59,282.47,150.23,379.35,102.09,377.11,282.0,96.55,228.54,502.18,263.78,614.14,67.15,206.44,555.32,195.92,295.96,46.77,808.14,488.84,342.13,88.35,185.91,518.29,149.03,181.28,193.6,281.27,383.7,254.58,338.5,228.97,380.8,365.32,138.52,554.05,521.56
2025-04-17,182.42,191.84,202.38,320.74,392.15,467.52,110.59,453.48,163.21,257.57,327.89,150.02,118.61,169.56,473.64,128.11,325.05,398.81,517.92,342.06,488.03,239.37,705.28,406.44,121.86,195.73,171.52,135.7,92.23,559.02,253.73,387.5,269.83,232.53,240.49,551.27,116.47,232.35,174.9,602.0,654.3,203.63,364.41,321.64,510.68,297.99,55.14,298.9,36.89,326.89,515.21,105.95,144.03,281.57,378.19,91.65,148.1,509.4,418.56,116.78,301.22,653.12,352.87,248.37,752.94,295.76,152.12,381.74,101.29,376.31,260.72,99.42,232.49,501.51,267.48,624.88,67.38,204.55,550.31,194.59,286.97,45.74,798.33,477.88,341.75,88.99,192.19,505.54,150.98,174.37,197.68,283.12,373.58,255.12,336.09,229.24,377.62,354.12,139.18,555.11,513.07
2025-04-18,186.78,185.37,199.61,331.73,412.7,456.22,111.68,467.87,163.55,261.94,320.95,152.97,120.6,174.09,467.37,127.89,326.12,402.55,525.93,338.8,496.95,232.21,712.06,403.44,127.82,196.7,173.08,135.52,91.36,546.25,255.28,381.07,270.97,230.87,248.31,540.86,119.13,235.94,173.76,601.59,642.28,204.48,356.92,319.04,529.11,293.95,54.22,292.48,36.83,321.23,506.17,104.07,144.31,284.97,383.82,92.15,146.3,508.98,406.63,121.32,293.97,659.47,352.68,257.62,745.8,295.37,159.22,383.02,102.2,366.1,260.44,97.19,234.91,496.94,267.78,620.29,67.49,202.2,568.03,201.56,292.56,46.27,794.91,479.5,353.12,89.74,191.9,492.65,150.2,176.71,200.25,280.66,379.42,254.96,335.7,228.45,376.64,367.91,133.28,551.94,524.87
2025-04-21,184.57,187.38,199.48,318.48,403.89,457.67,112.15,430.66,175.26,259.52,322.35,155.5,120.88,175.45,464.6,128.75,328.9,410.64,508.19,341.39,492.18,234.43,716.56,409.01,127.9,198.35,173.4,134.45,94.67,517.68,253.96,380.24,271.1,232.84,252.48,557.68,120.39,247.51,169.75,591.03,638.75,207.13,346.1,318.43,523.98,295.95,55.18,294.33,36.13,321.68,518.11,104.98,144.98,291.37,381.09,91.53,146.08,516.45,407.59,119.32,291.97,695.66,355.96,264.58,737.71,294.8,163.45,385.37,102.96,357.8,267.91,96.04,237.73,492.72,267.72,598.56,66.86,202.21,566.49,200.28,299.56,45.59,771.86,489.82,373.26,89.44,191.29,495.31,151.19,172.85,200.15,282.83,387.6,256.89,332.56,223.82,375.97,348.59,130.47,545.24,526.43
2025-04-22,184.28,184.69,195.8,331.27,406.92,460.06,111.0,450.68,175.37,262.2,310.72,154.7,122.25,176.13,465.12,130.54,325.08,407.04,505.42,341.15,481.82,232.47,694.44,406.24,127.27,198.4,173.21,135.31,92.78,513.01,252.9,371.94,276.75,232.12,253.05,554.65,118.19,248.63,165.19,591.05,640.24,212.95,349.74,323.46,544.38,300.59,54.34,289.57,36.36,324.98,533.84,105.37,143.8,289.05,378.23,91.18,144.58,532.62,407.51,126.05,287.59,686.62,363.02,259.45,731.6,303.15,161.07,382.6,102.13,363.81,273.12,98.67,237.94,492.85,268.23,602.18,66.95,202.1,573.76,206.53,302.37,44.36,761.34,477.3,379.93,88.22,188.39,478.81,147.21,173.61,204.16,275.08,394.04,258.04,334.61,225.53,377.66,341.14,132.38,536.69,504.5
2025-04-23,181.4,188.31,198.71,326.35,404.56,453.83,108.81,446.24,176.63,261.45,318.32,155.06,122.76,172.79,456.65,129.41,322.57,411.7,513.72,342.65,487.43,233.95,695.52,404.72,131.25,194.22,169.93,135.18,93.21,484.89,247.58,365.73,271.98,224.89,245.74,569.99,118.45,259.5,172.92,577.09,611.15,218.78,360.58,322.3,520.28,305.63,54.81,292.35,35.53,309.95,500.95,106.44,146.73,290.78,375.76,90.66,146.26,533.52,410.02,131.18,306.56,694.72,366.61,264.03,742.62,309.33,158.37,380.04,103.44,356.8,279.19,98.48,238.5,492.75,264.79,603.66,67.36,206.97,593.35,207.52,282.54,45.51,742.07,478.13,395.57,88.98,190.6,491.1,147.08,175.33,206.91,279.42,396.34,259.02,328.65,222.37,375.01,338.07,129.41,543.01,529.52
2025-04-24,179.92,193.54,194.29,326.91,391.15,456.0,108.47,462.5,175.84,253.77,324.51,151.89,118.67,178.92,461.04,129.07,328.04,411.43,522.71,349.3,496.77,229.62,662.62,421.98,128.3,191.95,168.97,134.48,95.67,500.01,249.14,360.55,276.2,217.47,248.93,569.43,116.89,259.9,172.71,570.93,622.86,217.96,341.68,320.13,508.52,307.15,54.01,290.34,33.46,311.32,504.43,106.97,147.81,289.76,371.32,91.03,148.13,535.69,417.17,129.7,284.1,687.59,370.58,269.3,711.21,308.57,157.27,380.44,104.56,358.76,277.71,96.18,239.95,485.5,270.47,586.69,65.51,205.39,592.79,212.48,298.37,47.76,752.08,478.54,393.66,89.24,185.51,492.91,148.19,175.7,212.47,276.68,384.46,263.2,329.58,222.15,374.73,350.5,131.51,551.26,542.55
2025-04-25,183.65,196.43,194.95,333.33,391.66,457.06,109.37,456.43,176.43,248.56,323.7,154.37,118.35,178.03,469.27,132.78,324.3,403.7,517.75,350.15,492.35,228.01,613.32,409.5,127.62,193.61,169.58,134.17,93.71,498.18,244.83,364.47,268.46,220.09,253.24,551.72,117.54,257.95,169.24,562.5,629.21,210.39,347.74,321.65,532.35,298.47,54.91,290.55,33.38,305.63,490.08,105.93,151.53,279.03,370.95,92.26,146.29,537.24,414.08,133.25,287.43,703.91,378.13,275.0,692.55,306.62,156.53,381.92,105.77,352.14,289.88,96.8,233.18,479.94,274.85,586.23,66.27,210.26,593.67,212.07,302.9,48.05,750.32,465.79,386.0,88.21,180.87,489.38,149.29,177.33,211.57,274.55,379.43,267.54,341.68,223.61,379.67,344.67,134.37,538.74,540.96
2025-04-28,187.61,195.96,198.37,342.66,381.01,461.91,108.79,465.5,174.03,245.1,318.63,154.55,120.54,180.43,463.67,132.47,322.64,396.1,509.62,354.02,507.06,224.63,595.31,410.96,134.61,193.56,168.67,135.78,92.2,497.31,248.51,369.4,276.9,221.87,258.46,561.48,118.18,248.1,180.01,548.84,643.39,204.03,352.54,322.93,526.41,298.15,54.41,290.02,36.65,301.72,497.96,107.58,151.24,281.28,375.68,90.29,146.2,533.59,411.61,132.23,280.0,703.3,380.81,267.14,705.47,306.91,156.97,396.7,103.62,354.54,293.47,97.83,230.05,489.98,276.19,586.32,65.97,211.21,606.46,210.22,300.9,47.12,778.28,468.57,390.76,88.21,177.0,492.45,153.21,175.54,216.78,273.11,388.39,258.56,345.44,224.66,376.99,336.37,133.27,546.01,508.07
2025-04-29,187.98,198.11,196.76,352.91,380.0,487.69,108.0,490.56,180.14,249.54,315.51,156.78,119.64,186.29,466.25,127.16,314.89,405.54,512.81,358.01,520.07,227.25,587.78,422.81,131.89,197.86,166.74,135.04,95.39,513.48,247.93,364.29,281.78,224.48,261.87,543.31,116.9,246.63,186.69,551.96,667.17,196.42,341.48,319.8,533.22,306.33,53.06,286.34,35.44,302.8,505.21,106.57,154.5,292.46,377.81,88.99,147.3,535.68,413.59,134.4,278.45,655.94,383.45,285.21,724.56,316.57,160.73,393.72,102.65,345.58,286.49,97.2,232.69,482.94,271.69,603.3,68.07,210.79,625.14,212.53,300.67,47.55,781.79,466.6,379.11,88.2,175.54,490.94,154.43,178.37,217.38,276.35,399.06,262.83,339.34,229.31,383.78,337.34,135.72,549.96,535.47
2025-04-30,188.64,198.78,197.24,371.9,379.85,483.52,106.25,498.96,177.65,249.56,312.57,160.05,118.29,182.29,472.74,128.62,324.57,408.05,528.43,364.55,501.97,214.37,614.71,427.89,132.77,190.09,164.14,135.34,94.08,529.0,249.75,379.0,284.47,228.43,256.19,555.95,116.87,232.55,184.34,538.61,652.55,186.74,349.11,324.53,517.18,307.13,52.33,285.24,36.0,304.43,500.39,103.06,155.7,290.32,371.4,88.1,147.07,527.48,410.29,132.03,277.29,670.93,380.17,276.32,731.68,324.15,159.06,387.77,103.28,339.82,291.32,96.83,229.92,493.89,277.86,599.73,68.97,208.34,592.86,213.26,300.26,48.71,792.43,464.32,373.87,86.29,170.79,498.6,154.26,180.18,218.74,272.67,398.29,263.09,349.81,230.25,379.19,344.43,133.33,563.41,535.74
2025-05-01,186.29,203.14,198.75,367.35,379.82,477.99,105.07,503.04,186.3,251.08,315.26,162.99,117.7,190.2,485.55,126.28,316.51,394.34,524.36,357.13,489.11,215.8,581.63,444.76,133.76,186.46,167.15,133.65,94.78,518.32,247.13,378.35,279.17,225.48,252.49,551.92,116.68,223.74,186.65,524.98,642.25,196.75,347.07,328.28,515.97,310.12,51.84,285.79,34.81,305.44,503.54,101.27,152.67,290.98,371.0,85.08,145.42,532.72,420.43,127.72,270.8,712.61,369.52,283.57,744.16,324.43,157.7,387.98,103.75,340.12,294.73,93.6,234.19,495.26,275.78,579.54,69.33,203.38,587.23,221.34,308.99,47.61,785.47,464.93,372.42,83.75,176.11,497.78,154.92,177.85,213.45,271.64,407.77,256.93,344.11,225.19,384.81,361.6,136.56,577.16,539.28
2025-05-02,185.15,203.86,200.94,388.22,397.22,483.84,105.44,508.93,190.88,259.13,322.07,169.51,120.0,194.38,478.89,126.63,311.56,396.34,537.85,364.9,494.82,215.77,572.91,441.98,128.85,181.86,166.61,132.39,96.53,524.58,243.17,380.36,274.33,222.12,256.17,548.73,114.88,222.63,179.03,536.97,676.38,201.03,343.65,329.93,501.85,305.18,52.72,288.06,35.07,305.19,512.52,103.27,153.55,299.41,372.08,86.16,147.01,536.25,414.15,132.88,276.18,719.91,365.67,280.95,748.23,329.29,150.53,384.61,105.48,354.27,287.25,92.29,238.16,486.13,272.21,562.5,68.9,206.06,598.38,217.02,298.48,47.51,778.04,462.28,380.54,82.52,184.32,501.67,153.41,175.99,210.97,262.61,415.91,254.87,350.13,219.44,398.78,356.02,135.91,583.13,575.43
2025-05-05,186.79,204.11,210.77,380.49,396.2,486.13,107.22,505.58,191.59,259.74,317.42,165.43,123.39,199.16,463.53,127.16,331.19,397.3,553.45,365.92,513.47,210.34,581.02,458.49,126.65,182.26,167.54,133.6,96.17,512.89,242.48,378.84,276.98,220.19,259.03,540.56,113.16,226.2,170.53,541.92,688.97,200.42,344.65,323.42,497.95,305.08,54.61,283.21,35.66,296.06,521.01,102.09,156.35,306.44,383.17,85.51,144.09,537.73,411.35,133.57,273.78,699.09,354.39,289.89,730.87,327.08,151.66,385.82,105.44,345.6,290.77,93.09,231.53,494.82,272.36,561.39,69.47,200.92,622.92,205.5,299.27,48.1,770.68,462.39,388.94,82.53,189.15,501.12,156.11,173.09,207.22,258.32,397.63,256.48,342.12,223.19,405.37,349.61,133.82,578.61,597.93
2025-05-06,190.92,200.94,215.94,379.92,415.3,481.55,107.35,512.27,195.82,253.33,314.96,164.62,125.3,185.3,464.64,124.03,334.26,400.04,543.67,358.57,515.84,204.95,562.23,456.59,125.14,181.76,165.86,134.2,98.01,511.95,247.53,376.88,287.43,211.41,266.08,535.9,112.27,220.59,161.04,532.98,694.72,198.73,348.33,324.55,491.41,317.57,55.26,286.3,35.03,294.18,535.48,102.74,158.41,303.74,380.89,84.51,145.31,539.63,409.47,131.27,271.23,687.01,356.11,294.62,721.46,329.33,149.52,383.44,107.48,337.38,288.26,94.87,227.82,491.94,268.65,557.28,68.72,203.7,610.7,205.47,300.42,48.32,746.22,474.99,383.98,81.75,184.22,507.26,154.36,172.96,201.73,258.46,382.91,265.05,341.6,225.43,405.77,341.17,136.15,578.8,593.45
2025-05-07,187.49,205.67,221.86,394.9,388.15,475.14,106.1,522.54,193.78,246.03,317.43,167.13,120.69,186.51,469.89,120.58,345.64,395.09,536.51,360.25,504.75,210.74,547.4,443.7,123.85,182.33,165.93,136.61,98.84,513.51,246.49,382.19,289.17,205.47,277.96,514.37,113.98,224.31,168.19,560.63,707.21,194.93,339.02,323.49,486.11,311.63,53.99,279.98,35.63,297.58,553.33,104.81,163.51,302.01,381.24,82.37,149.56,545.63,401.65,131.0,258.44,686.97,365.85,281.34,742.9,318.6,153.15,375.03,111.39,346.66,298.02,94.07,227.14,488.59,264.13,548.94,68.7,212.27,603.27,204.28,303.19,47.82,719.61,480.82,402.55,81.25,190.95,515.03,153.71,173.45,203.16,264.88,383.79,255.69,345.1,225.13,397.65,336.97,140.28,568.67,586.45
2025-05-08,186.86,213.12,219.19,402.99,382.09,479.99,105.09,515.33,194.45,247.93,315.1,168.65,122.04,191.53,477.75,123.79,335.03,392.77,545.31,366.46,512.07,213.47,547.43,446.24,123.77,184.61,164.55,134.65,101.18,513.15,262.24,379.4,285.67,205.44,282.51,515.41,112.46,219.56,169.73,580.02,673.75,197.42,347.34,324.0,465.37,310.65,54.64,284.7,35.64,305.92,560.99,111.48,164.11,309.43,389.04,80.57,148.43,539.62,399.79,123.63,260.13,705.97,374.31,272.74,733.69,321.48,150.81,371.78,117.23,345.85,291.96,93.72,228.43,491.14,259.55,539.45,68.6,216.51,628.8,202.54,310.0,47.84,731.45,468.83,419.03,79.75,191.35,530.56,152.96,171.51,201.79,264.38,380.08,255.87,357.77,217.31,401.18,352.64,138.02,543.72,574.6
2025-05-09,187.31,202.73,221.36,394.24,378.2,476.96,105.55,495.32,189.23,254.18,311.16,171.22,117.45,194.16,467.69,126.1,338.9,394.7,534.87,365.47,510.32,198.81,529.71,461.62,123.64,190.11,162.66,131.42,101.84,518.73,249.67,375.74,289.1,206.29,279.35,534.87,111.09,221.95,177.16,577.52,664.93,204.87,350.77,333.65,455.66,310.96,54.39,286.09,36.51,315.04,592.37,111.32,166.21,311.92,391.08,81.31,148.16,551.18,403.48,124.41,258.75,738.79,375.61,262.66,760.35,323.75,151.81,360.73,116.84,345.77,286.03,91.23,234.36,485.25,260.29,563.14,68.06,224.09,628.54,209.33,314.34,47.37,726.59,462.87,422.12,79.91,190.11,548.28,151.25,174.63,204.35,265.27,382.15,259.69,344.72,224.32,390.15,346.77,143.17,536.95,577.09
2025-05-12,186.15,199.59,227.65,391.48,370.23,474.5,105.32,504.54,185.23,257.82,314.32,171.57,118.77,198.51,482.38,128.25,323.88,397.35,527.51,355.42,500.4,205.62,553.74,457.25,123.7,181.56,165.26,132.01,104.18,491.81,248.78,371.53,293.97,211.3,284.22,533.93,111.76,227.76,177.59,575.07,669.48,205.11,352.66,329.24,486.0,311.01,54.53,286.97,36.06,307.19,595.02,111.28,163.64,314.4,385.31,83.08,145.03,539.46,394.27,121.29,247.1,741.55,375.07,260.99,757.11,322.32,156.08,360.76,119.02,351.48,288.26,91.11,239.83,489.51,269.13,567.87,67.11,223.29,629.03,216.83,317.56,46.82,714.93,464.25,429.45,79.2,182.61,553.69,149.86,169.76,198.97,265.98,379.6,262.37,326.16,224.81,398.49,358.12,148.04,558.74,563.22
2025-05-13,186.48,195.7,230.58,373.66,369.15,465.95,103.91,501.24,185.68,253.83,319.44,172.68,118.14,204.34,483.68,126.2,327.58,395.67,533.84,347.24,512.28,210.0,573.98,461.57,124.11,190.85,163.23,134.06,100.27,488.28,241.38,369.81,296.21,217.27,283.16,536.78,110.41,229.7,177.44,574.5,648.69,198.42,353.22,326.67,493.07,314.45,55.98,288.33,35.87,316.44,601.03,110.45,167.7,314.76,396.08,80.38,143.94,547.68,397.25,123.95,243.95,735.29,362.29,256.4,745.69,320.95,157.01,360.62,117.84,353.2,304.54,90.39,241.45,483.51,259.44,562.31,67.39,224.55,625.27,217.22,333.26,44.98,695.0,456.74,422.68,77.91,179.85,549.87,147.64,172.05,197.46,265.47,375.56,255.64,324.27,224.1,399.66,342.73,147.44,573.96,559.62
2025-05-14,185.23,203.46,236.08,365.65,374.65,452.53,103.76,510.93,187.92,264.74,323.72,171.81,116.16,206.82,486.69,127.31,329.76,389.2,548.62,349.29,506.19,207.88,595.64,465.02,124.78,199.72,164.01,134.1,101.34,463.29,241.11,364.85,307.1,215.66,283.39,555.4,110.91,223.06,181.03,553.88,653.87,193.17,346.16,320.43,502.06,315.5,55.63,292.21,36.2,323.33,605.7,111.44,168.93,310.29,406.43,80.71,143.9,556.91,395.17,121.21,240.54,724.38,362.34,246.6,745.1,322.68,159.69,361.05,119.05,341.83,296.27,91.65,245.28,482.58,257.12,550.37,68.16,226.84,617.63,217.55,349.25,44.06,723.3,455.67,434.64,77.61,177.38,543.52,147.32,169.26,194.76,267.06,381.83,251.72,332.73,228.88,402.98,357.78,146.95,542.03,563.72
2025-05-15,184.35,204.1,239.49,371.23,380.99,440.51,101.79,529.65,179.95,256.56,324.43,170.12,116.25,222.47,496.64,122.48,333.89,397.7,541.48,347.31,476.78,202.88,597.81,462.95,123.01,200.12,164.19,132.12,98.91,462.48,235.09,359.52,316.34,220.55,274.83,540.37,110.46,227.75,178.86,562.78,665.73,195.5,348.12,315.65,494.55,311.92,56.76,289.6,36.66,334.87,628.61,106.32,168.19,302.08,409.36,80.26,144.21,555.82,392.64,119.58,242.76,687.15,357.05,249.94,758.32,330.93,156.65,360.92,123.71,353.6,290.42,93.19,235.67,490.88,251.98,573.21,67.64,229.4,594.16,222.79,352.83,44.68,707.96,466.02,443.11,79.13,177.1,537.9,144.23,177.48,188.78,268.33,368.24,252.79,317.96,232.34,402.95,356.55,148.8,544.84,564.83
2025-05-16,188.38,208.02,236.29,371.49,394.23,444.94,101.16,492.09,179.17,259.03,326.45,172.88,113.86,224.98,493.67,123.21,344.15,389.05,535.86,338.93,453.23,197.05,612.62,473.4,119.09,201.84,163.59,129.47,98.7,455.37,225.79,359.8,316.21,223.7,274.83,533.87,110.18,219.08,183.79,558.29,679.45,198.16,362.58,314.12,500.23,311.68,54.74,294.32,36.39,335.16,637.36,108.5,172.83,311.97,410.78,80.02,143.92,568.39,392.29,124.21,245.03,697.49,365.2,242.82,762.44,334.1,163.19,359.21,123.02,353.88,280.37,91.41,238.51,485.9,257.52,585.72,66.87,228.58,606.22,225.0,350.08,46.22,722.0,483.01,418.88,77.17,181.49,537.04,144.59,175.81,193.4,274.44,368.48,252.83,330.67,226.09,403.65,355.38,152.07,543.69,578.21
2025-05-19,191.72,208.07,229.7,377.08,407.77,435.93,101.95,490.26,173.32,257.67,316.7,175.61,116.62,218.96,500.42,124.12,354.11,407.86,525.96,343.43,453.81,201.38,636.4,482.04,120.92,203.36,162.01,130.61,96.21,463.5,226.38,360.29,316.76,225.44,276.18,537.73,109.89,214.54,188.95,555.38,676.6,200.6,367.03,313.21,480.55,312.97,55.37,292.89,36.1,335.13,652.9,109.55,172.28,310.8,422.65,85.62,145.57,559.83,383.58,123.6,242.04,676.93,359.42,251.3,817.64,340.88,158.43,356.11,122.14,350.84,274.71,91.76,248.59,490.49,252.08,609.08,67.52,240.7,618.79,229.36,324.39,44.06,710.23,478.82,431.02,78.35,175.23,533.71,143.57,178.49,198.15,272.47,368.57,264.24,325.26,225.51,408.33,351.99,153.73,533.23,585.76
2025-05-20,194.4,205.24,227.62,380.78,418.45,450.77,101.6,469.75,171.14,263.59,320.96,172.31,116.24,221.84,495.29,119.29,340.63,409.09,529.76,346.9,448.93,200.97,649.44,490.07,116.88,204.59,165.19,128.45,94.67,479.86,220.74,357.84,319.3,224.52,281.26,525.78,111.87,212.86,194.59,569.77,678.95,198.65,372.49,316.32,495.8,312.04,55.55,296.79,34.85,329.36,662.74,106.04,168.9,310.63,432.06,85.66,146.0,576.44,399.54,127.07,237.27,664.86,340.43,254.3,822.76,334.18,156.18,355.01,121.51,350.59,276.24,93.04,244.71,481.24,248.5,614.13,67.35,237.23,612.87,226.93,322.19,46.82,720.42,478.94,425.46,77.98,178.95,538.99,146.3,181.78,203.35,274.75,368.9,267.57,334.5,226.38,401.74,354.37,152.59,525.4,565.78
2025-05-21,194.43,211.82,230.28,385.55,419.28,447.08,101.17,472.36,163.96,255.77,318.64,170.3,116.18,223.53,496.3,117.32,349.9,411.35,538.59,348.34,449.63,195.68,637.95,491.03,115.18,197.91,167.56,129.3,90.94,504.02,230.35,358.02,316.67,220.08,282.44,526.68,114.02,212.88,199.17,573.19,691.26,212.27,369.2,315.96,488.23,306.04,55.31,296.38,35.22,315.04,671.88,103.04,168.86,308.85,431.76,85.28,147.44,581.53,400.89,126.09,243.22,672.25,334.27,255.1,833.41,323.79,156.52,357.17,124.1,365.19,282.01,94.68,234.31,482.91,254.13,611.81,66.31,239.07,637.24,222.75,335.93,48.37,734.88,493.82,419.47,77.52,181.17,554.82,147.08,183.52,200.78,272.83,362.97,267.1,320.95,222.23,397.3,352.04,153.62,539.51,559.14
2025-05-22,192.81,204.94,229.77,381.66,438.06,450.0,103.66,453.13,164.05,261.21,320.29,172.99,117.75,231.23,494.47,117.75,365.45,403.61,562.22,340.42,450.86,197.65,596.72,504.76,114.98,198.59,172.69,129.27,88.72,488.53,220.9,356.22,319.55,228.36,287.49,506.8,113.83,217.17,200.53,564.01,674.65,227.62,364.48,322.45,496.86,295.03,53.59,293.44,34.87,311.64,714.85,101.3,167.91,314.4,423.92,84.66,146.23,587.37,410.07,128.22,244.13,699.19,338.85,250.18,809.21,320.19,158.42,371.15,123.41,367.16,296.81,95.75,240.27,475.2,254.26,588.27,65.92,238.56,650.73,222.17,335.85,46.1,732.05,497.97,419.59,78.35,183.29,558.55,148.21,181.38,196.84,271.82,363.02,266.25,304.86,223.62,396.29,352.53,160.9,548.68,557.72
2025-05-23,195.72,204.54,228.67,377.11,449.91,448.95,103.38,456.99,165.62,258.31,318.29,167.82,115.23,224.06,481.55,120.27,367.75,393.48,538.7,339.94,452.66,193.66,597.17,498.53,114.7,210.55,176.97,127.87,88.98,489.51,226.78,359.89,318.39,227.82,290.44,498.89,113.34,216.89,202.02,566.79,676.46,230.02,366.63,324.45,488.47,298.31,53.94,292.67,34.65,305.64,703.19,104.72,167.75,308.83,421.38,84.14,149.89,589.99,415.37,124.65,239.28,720.22,336.5,245.31,767.75,317.16,157.3,376.34,123.94,359.99,296.09,95.7,237.24,466.52,254.94,578.55,66.59,240.32,623.49,225.25,332.89,45.56,732.05,500.14,424.6,78.41,186.86,563.36,147.24,181.34,195.97,270.52,362.77,261.38,322.87,227.17,388.77,352.97,159.78,559.94,550.09
2025-05-26,191.8,218.81,230.24,389.61,453.06,442.6,103.05,475.35,169.7,252.91,324.92,171.95,117.35,217.99,468.21,121.65,364.83,404.22,542.39,338.58,436.73,200.32,601.46,515.78,114.27,200.03,175.12,128.6,87.63,512.27,225.7,359.28,304.18,226.33,289.36,500.94,115.38,228.28,200.18,564.26,677.19,232.89,366.21,324.66,514.71,296.72,54.24,297.7,35.54,312.09,702.93,104.9,164.42,301.72,424.72,84.49,151.84,576.56,421.19,123.26,236.83,728.37,337.54,232.38,784.76,318.33,162.8,375.56,122.75,362.95,301.43,93.68,246.17,463.12,261.95,577.13,65.44,239.22,639.33,223.25,335.24,49.67,749.9,501.54,445.04,78.42,192.24,556.61,145.48,179.1,197.31,280.13,365.43,259.78,322.5,222.2,386.62,331.88,159.86,546.12,559.47
2025-05-27,192.53,217.81,233.36,384.95,434.81,425.84,102.89,487.03,167.1,261.03,331.13,175.75,118.86,212.59,476.99,122.42,356.29,408.89,549.44,340.25,445.28,204.38,607.06,527.39,115.92,205.32,176.67,128.92,88.47,507.28,235.0,359.61,304.85,232.28,282.46,475.53,115.73,222.16,204.35,583.51,677.34,228.58,359.18,324.86,520.18,287.69,54.68,300.62,34.84,326.34,713.91,104.46,165.06,304.15,427.72,86.96,152.91,572.74,418.37,123.69,238.51,745.3,326.75,235.73,777.87,314.45,163.72,380.89,124.99,367.81,309.2,93.52,246.05,459.28,258.57,588.14,65.14,233.76,619.51,217.03,337.6,48.16,762.19,497.08,467.6,78.63,194.44,559.61,147.02,179.14,204.34,277.76,365.42,263.05,327.65,230.55,393.76,328.52,162.89,572.71,585.33
2025-05-28,188.16,219.26,233.17,367.69,436.39,424.82,103.95,492.4,167.62,260.55,334.78,175.31,115.69,212.96,475.95,121.09,346.61,405.1,545.86,351.6,451.43,206.98,635.39,549.98,112.94,207.77,177.0,128.66,89.18,474.35,235.47,356.47,297.08,239.36,281.38,514.56,116.85,221.45,203.83,588.66,670.51,226.31,356.83,316.82,524.2,293.28,54.67,299.36,34.12,307.92,713.48,106.62,163.73,307.88,439.67,87.79,154.63,576.65,419.75,120.16,235.35,753.22,313.31,243.0,770.04,315.26,161.51,378.44,122.44,372.47,317.59,94.97,246.16,462.19,256.09,608.59,66.12,225.91,593.44,214.33,349.83,45.86,765.6,480.4,472.91,77.39,191.83,555.17,144.49,177.42,205.07,284.9,361.98,258.76,318.37,232.69,398.4,336.54,165.12,560.4,567.9
2025-05-29,185.29,219.59,232.36,371.42,445.26,438.29,104.72,503.81,172.07,265.49,330.78,176.09,117.16,218.2,482.38,122.35,356.13,400.7,541.55,355.58,458.16,213.12,625.67,552.77,115.0,208.54,181.33,127.96,91.61,478.42,240.63,359.19,292.49,239.81,271.39,524.2,114.2,207.32,193.91,590.1,654.92,226.62,337.77,310.53,503.98,282.01,55.63,304.21,34.12,306.43,705.08,104.47,166.98,307.33,444.98,89.71,159.57,582.71,416.84,118.62,231.18,775.08,314.3,244.75,796.31,321.09,159.89,380.85,122.52,365.23,310.63,96.03,243.31,461.5,254.61,594.99,66.68,226.71,560.73,208.52,352.08,47.78,784.29,477.09,476.84,77.93,189.12,543.51,147.7,177.13,200.83,285.48,365.77,257.33,309.21,227.2,395.72,347.95,164.53,550.6,571.89
2025-05-30,182.8,218.43,231.3,369.09,441.99,430.22,103.79,504.56,174.62,262.86,332.17,177.22,115.18,224.6,472.26,120.56,341.91,405.93,504.35,360.59,456.25,204.15,673.14,578.99,120.38,206.16,183.26,129.08,92.13,474.29,239.49,354.0,290.63,245.21,273.74,527.23,116.8,210.34,200.44,588.42,652.75,231.67,334.33,316.89,520.97,283.51,55.44,301.93,35.19,312.27,708.58,104.32,169.2,316.12,431.84,89.28,158.3,579.57,417.14,121.11,236.27,760.87,315.22,242.36,775.56,312.71,167.59,377.73,122.24,363.48,304.68,96.32,245.04,466.45,249.11,617.08,66.57,229.64,528.79,208.64,356.81,46.03,792.48,473.2,489.8,77.2,188.21,564.27,148.97,176.57,204.61,296.94,362.27,253.37,303.95,221.73,392.95,343.45,160.71,549.88,562.61
2025-06-02,178.0,207.21,237.26,360.63,446.55,446.01,103.99,517.6,171.75,257.47,329.31,175.13,116.5,219.53,481.55,122.01,346.67,402.18,499.23,373.41,443.45,210.34,661.8,584.97,124.8,211.25,177.46,128.32,93.46,491.62,232.88,349.97,298.33,246.99,277.45,532.48,116.77,213.74,203.11,583.24,697.99,235.41,321.43,322.09,513.32,277.04,54.17,300.93,35.29,313.74,705.96,106.62,168.92,313.41,429.1,90.33,156.54,580.07,413.9,114.95,235.91,798.56,307.42,242.56,777.9,313.25,162.71,370.37,123.34,362.4,304.69,95.04,245.56,463.82,240.92,609.55,67.89,240.58,550.64,207.36,368.43,47.88,738.35,470.76,481.04,77.44,188.17,554.8,146.47,179.29,203.83,301.59,361.5,253.82,304.0,224.01,392.99,356.01,160.44,554.84,581.64
2025-06-03,178.44,202.98,233.37,356.93,461.0,448.66,105.55,510.78,170.82,254.64,325.73,178.61,114.25,210.28,488.14,123.43,340.95,416.37,493.32,368.92,455.42,217.91,648.67,584.54,128.06,205.71,177.58,130.77,92.93,509.07,227.64,353.85,301.45,247.18,277.59,550.95,116.59,220.47,194.96,588.45,679.82,235.64,315.3,321.44,519.09,280.24,55.93,303.35,35.2,313.14,694.82,111.85,172.65,320.17,424.97,89.33,158.12,580.29,412.25,114.36,235.36,803.77,302.46,243.8,792.11,312.49,162.29,376.89,122.23,364.99,307.74,97.7,246.45,470.06,246.45,641.74,68.03,239.51,566.76,201.92,357.82,47.69,720.24,476.7,501.92,78.92,189.27,560.5,144.43,175.16,207.94,291.4,365.31,251.59,308.67,224.85,394.77,355.73,161.25,557.61,603.82
2025-06-04,178.34,202.36,234.83,348.54,463.17,448.29,108.25,487.43,163.69,259.91,323.76,174.01,114.39,215.03,487.24,127.6,326.87,422.63,499.51,367.6,453.01,215.38,629.63,594.12,127.88,207.68,178.18,130.12,90.07,497.77,225.21,356.37,303.44,247.29,276.96,558.59,118.32,231.3,186.03,605.01,674.03,241.71,306.08,320.93,516.95,274.93,56.77,303.82,35.37,317.76,740.61,108.17,176.76,319.36,423.37,88.58,156.85,576.54,415.58,115.69,232.38,806.66,293.81,246.91,802.93,305.69,162.26,376.0,123.64,370.6,318.85,96.57,238.32,473.23,253.34,637.7,67.04,239.47,547.06,202.93,355.85,48.7,737.21,483.41,509.65,78.19,193.14,533.91,142.73,173.96,215.58,290.05,368.37,247.81,300.23,227.97,392.87,355.57,162.37,560.54,603.97
2025-06-05,179.39,205.76,240.9,369.93,461.46,443.59,109.77,481.55,156.51,252.91,329.76,175.74,117.41,219.25,494.74,129.8,325.74,416.91,531.08,361.78,450.8,209.66,636.47,608.09,127.98,199.97,179.61,129.47,88.29,492.05,232.45,356.78,308.25,246.19,278.97,570.91,118.69,237.38,180.96,591.35,667.04,246.36,301.78,321.31,531.36,279.96,55.21,310.76,35.09,312.87,718.31,114.47,175.77,323.82,418.32,87.38,155.51,564.63,413.07,119.98,234.61,820.13,287.08,244.06,810.9,310.37,165.93,369.95,125.15,376.38,309.78,99.82,237.28,476.07,258.04,670.21,67.54,239.97,585.39,201.96,354.47,47.93,741.98,495.35,498.4,77.94,196.13,537.39,145.8,172.19,219.67,279.81,370.81,245.21,293.24,231.16,393.68,356.71,160.39,559.18,585.72
2025-06-06,180.03,213.7,249.83,362.84,464.01,445.72,111.22,468.84,158.72,255.37,326.44,177.59,116.85,214.63,485.59,128.04,331.84,403.37,542.17,363.17,450.93,213.84,606.32,607.59,130.8,187.75,178.75,128.2,89.94,503.91,221.37,357.28,311.82,245.51,282.48,602.55,120.43,235.04,181.68,593.63,667.93,245.12,305.82,305.48,524.1,279.34,55.94,311.71,35.53,315.92,712.57,115.97,175.06,313.82,424.0,85.92,156.17,556.02,408.08,119.49,235.43,799.32,282.95,248.66,821.17,304.67,167.94,370.31,128.31,368.13,316.14,100.66,230.99,467.5,257.81,677.72,66.83,237.92,577.11,198.68,361.32,45.3,742.88,486.1,508.76,77.33,193.06,533.14,148.87,167.8,213.58,282.45,371.61,240.02,301.46,236.09,399.27,351.58,165.61,570.87,556.31
2025-06-09,184.99,215.19,246.81,361.25,442.66,448.38,110.07,493.42,159.53,255.44,326.99,177.05,123.84,214.62,492.05,129.41,330.23,409.94,545.53,365.63,426.33,222.59,599.35,614.77,128.29,192.6,177.17,129.34,86.69,499.65,209.13,356.41,310.83,241.49,274.48,579.68,117.87,239.32,183.99,585.03,668.03,248.68,303.96,305.65,523.61,277.86,57.08,323.82,36.6,311.61,693.29,118.05,176.1,316.54,419.19,85.44,157.31,551.34,419.36,116.74,245.57,815.58,279.76,254.96,836.92,307.72,162.94,364.72,128.86,371.08,313.81,105.32,228.05,467.55,262.17,689.58,67.28,238.03,548.09,205.0,368.35,44.59,730.84,482.66,499.22,79.06,193.91,521.19,151.64,168.33,211.98,283.18,376.41,236.18,316.19,233.13,398.43,361.03,168.5,584.5,559.41
2025-06-10,186.83,213.99,249.31,366.33,436.71,443.41,109.65,517.24,152.84,264.44,331.05,178.08,123.32,212.14,495.82,126.59,332.9,414.59,548.38,369.01,407.59,214.79,623.51,606.74,127.84,189.62,179.96,129.07,89.62,514.95,205.41,353.72,312.16,241.96,273.81,567.45,119.56,233.89,188.19,578.14,702.76,231.45,307.06,299.72,508.11,284.55,56.94,319.94,37.9,320.75,727.58,121.94,174.16,320.3,421.86,82.9,155.97,542.59,417.09,117.05,247.72,809.76,274.27,259.38,829.78,306.73,163.02,366.59,128.42,372.72,312.45,104.13,234.29,463.99,267.97,685.36,68.16,239.35,530.49,208.39,360.02,44.09,718.5,498.46,492.15,78.83,187.53,533.15,148.58,170.74,218.13,285.25,381.03,235.8,305.96,232.43,398.3,356.46,172.92,594.83,556.75
2025-06-11,191.36,210.69,249.74,367.71,435.6,458.35,110.97,499.58,156.04,264.69,325.14,181.92,125.05,218.56,496.37,124.33,331.32,419.58,553.02,364.37,399.76,205.2,613.7,572.88,128.95,191.22,181.99,131.51,87.82,509.54,206.17,349.22,313.22,239.78,279.22,568.42,118.26,226.14,193.84,578.68,694.67,231.74,309.48,295.51,524.21,280.31,55.84,319.77,39.45,330.86,703.94,126.51,178.43,311.76,417.19,83.44,158.3,537.9,412.72,111.08,249.61,814.95,278.57,263.74,812.85,300.83,161.63,373.51,130.46,369.52,304.42,105.8,228.43,461.98,256.53,696.15,68.33,238.3,530.72,209.84,347.88,44.9,737.19,502.17,541.82,78.03,193.53,549.65,148.5,168.59,213.36,286.48,378.5,241.22,304.14,228.13,398.11,351.14,174.3,588.74,589.62
2025-06-12,189.49,208.77,254.14,383.13,425.43,459.68,110.14,484.78,157.96,273.1,333.45,180.81,128.57,223.75,492.51,123.2,338.17,418.85,533.68,355.14,391.79,208.17,597.93,566.72,125.58,192.96,180.27,130.12,85.48,510.25,200.28,349.21,323.96,236.26,272.9,568.73,115.82,222.01,188.88,576.13,706.95,222.15,302.13,299.82,514.19,288.3,57.12,322.22,38.03,322.47,713.43,120.94,179.42,319.09,419.69,83.37,160.25,552.0,416.03,108.92,244.64,829.32,276.71,253.77,858.0,296.25,154.07,384.38,130.37,371.12,311.3,106.27,224.22,463.2,254.52,678.53,68.37,232.98,542.12,217.63,360.71,45.58,756.35,501.71,555.54,79.87,189.11,549.64,145.81,169.18,212.93,276.54,373.49,240.28,286.91,225.72,397.79,349.08,171.14,606.15,567.89
2025-06-13,188.65,207.6,246.16,379.8,431.49,455.34,106.94,469.98,150.73,267.57,334.2,179.49,127.08,230.19,492.37,119.01,344.88,423.74,551.97,350.03,393.8,209.08,580.74,561.93,120.12,188.86,179.45,128.43,85.54,502.3,201.86,340.3,329.84,234.7,255.53,561.54,116.17,223.43,194.08,579.14,721.94,217.79,309.3,304.95,533.68,293.56,57.75,323.21,38.26,329.94,769.79,122.85,180.33,314.6,422.73,83.61,158.39,548.99,415.69,109.08,244.36,838.42,285.21,261.45,831.92,296.19,159.24,386.42,126.91,380.18,301.53,108.08,225.75,461.94,252.32,713.2,67.13,229.26,550.13,219.93,349.56,45.89,749.69,510.73,550.86,81.09,189.74,567.26,146.91,166.45,214.11,284.19,379.07,246.46,284.04,222.25,403.64,349.31,165.82,617.85,550.16
2025-06-16,187.06,214.54,244.17,395.42,435.7,450.11,105.89,471.51,156.34,276.73,334.17,175.1,130.28,225.07,484.05,118.41,359.46,436.72,561.59,352.48,392.16,200.01,580.21,569.9,116.14,191.67,178.06,128.32,85.99,507.04,203.98,341.73,337.12,243.92,255.34,594.99,115.88,221.43,201.75,584.38,751.88,215.73,306.21,303.88,553.53,287.06,57.37,328.55,39.9,331.51,733.07,125.76,183.76,319.69,419.85,83.35,160.74,543.54,421.2,108.94,249.88,831.28,286.1,267.84,801.55,295.13,157.49,380.26,130.65,378.76,292.05,106.96,220.11,474.98,249.03,730.75,66.78,231.81,553.58,220.23,352.11,43.81,731.74,509.42,546.22,82.39,190.02,573.33,145.39,168.27,214.89,288.73,380.26,248.53,301.47,220.14,406.68,364.54,164.28,631.24,550.98
2025-06-17,186.17,214.47,234.14,387.63,428.88,447.29,105.35,470.74,160.35,277.92,328.75,175.1,131.15,217.61,483.58,117.31,362.1,438.01,536.69,343.17,398.38,206.33,540.47,596.22,120.99,193.94,176.27,127.85,86.43,512.54,203.83,340.84,334.18,242.76,247.69,583.65,117.44,223.32,198.33,583.53,764.44,206.34,309.81,300.82,554.29,289.77,56.69,325.02,39.65,338.65,781.24,122.64,191.2,321.17,421.77,83.8,161.52,537.58,414.85,107.22,249.35,861.53,282.67,267.51,827.0,302.3,155.33,387.89,130.88,383.59,290.53,109.79,220.87,476.48,252.51,733.93,66.03,238.78,545.97,225.81,342.71,44.42,712.87,514.01,529.29,81.38,190.29,581.18,145.25,170.61,213.37,294.76,370.87,249.41,289.78,222.01,409.17,327.33,164.42,618.41,548.7
2025-06-18,181.7,218.01,233.6,397.3,422.25,444.76,105.55,474.96,156.74,285.8,322.49,175.94,132.44,215.82,490.09,114.56,363.64,421.02,535.46,345.44,390.35,202.14,530.67,594.43,119.37,192.27,178.81,125.81,81.67,508.29,207.14,332.79,331.68,238.34,240.24,580.7,115.07,224.29,202.42,585.49,785.13,209.55,308.39,301.35,571.47,300.96,57.34,319.64,40.69,343.8,784.65,125.6,188.09,317.87,421.9,85.15,161.02,546.34,411.39,106.55,252.54,871.31,278.84,277.28,781.35,301.77,153.42,389.72,132.15,377.37,300.66,110.74,215.84,483.69,250.38,764.31,65.91,242.47,567.96,221.69,347.83,46.54,682.25,514.19,542.0,81.14,192.51,586.4,145.49,173.08,208.96,292.87,374.73,251.7,290.36,224.38,414.03,329.62,166.63,601.45,555.11
2025-06-19,180.38,220.27,237.47,408.79,415.8,442.26,104.37,450.36,149.99,285.7,317.48,175.54,131.82,220.75,500.93,115.9,385.48,433.09,527.66,344.45,399.72,209.84,533.55,571.79,118.55,188.89,176.82,125.46,83.34,512.46,201.55,330.93,330.44,247.63,240.69,600.04,115.45,224.18,208.74,572.59,784.84,210.75,308.97,308.84,594.79,300.97,56.87,312.64,42.12,335.86,804.53,122.51,188.87,325.6,420.77,87.42,163.83,546.51,408.42,107.79,251.81,871.62,283.89,284.74,775.29,299.08,151.17,391.91,128.17,377.42,292.36,110.69,217.76,490.55,257.87,769.52,65.24,237.16,569.33,217.9,344.57,47.74,710.0,512.83,530.9,81.08,192.73,591.63,143.47,176.53,207.53,293.75,378.36,251.45,282.83,223.28,413.91,342.59,159.51,609.73,541.64
2025-06-20,178.79,218.41,242.08,400.51,419.1,439.2,103.05,468.23,150.68,285.0,315.93,172.43,130.71,225.18,506.31,116.35,387.65,434.43,538.97,341.97,402.13,213.59,558.34,580.61,119.48,193.99,177.58,128.76,82.43,501.88,202.1,330.82,333.95,251.99,245.11,626.34,116.78,223.23,203.09,564.45,753.73,223.54,301.8,312.97,594.74,305.61,56.46,314.76,43.55,338.56,820.83,123.77,187.96,331.28,429.45,86.21,163.83,543.23,421.42,108.65,256.57,919.86,282.25,294.41,768.07,302.72,150.19,395.99,126.47,369.6,291.61,106.84,220.0,507.16,254.97,756.85,65.63,234.37,559.47,219.87,347.41,47.29,693.65,512.13,505.89,79.82,197.15,596.68,145.83,171.57,209.33,283.43,386.78,248.78,281.57,222.59,424.33,350.41,156.8,628.21,522.26
2025-06-23,181.61,220.4,242.04,396.4,415.02,436.16,102.96,478.38,158.06,280.57,309.94,171.46,129.22,225.71,500.4,117.74,400.35,437.57,538.2,340.85,417.88,209.82,556.88,575.68,127.0,189.94,177.2,126.06,82.51,480.68,204.51,330.04,319.55,253.92,241.21,611.65,117.42,222.85,205.7,583.86,717.47,221.98,302.33,304.83,593.03,303.36,57.86,312.45,43.24,345.98,851.29,119.23,184.09,334.14,434.62,85.23,163.93,560.63,429.1,108.24,259.42,903.23,283.88,300.13,759.65,308.41,152.15,398.34,128.21,362.75,291.17,109.71,217.53,516.28,254.98,733.08,66.9,228.49,558.49,219.92,347.72,49.11,683.68,518.55,494.63,79.92,200.2,594.01,147.72,172.4,214.73,281.24,391.38,247.18,270.44,220.15,426.58,349.19,155.67,616.13,520.86
2025-06-24,180.46,223.29,242.69,397.72,396.69,430.5,102.12,469.19,157.66,267.77,305.86,168.19,128.38,221.58,496.94,120.63,381.34,449.73,556.32,334.32,411.7,214.83,539.35,590.14,125.21,192.34,174.88,124.33,82.77,486.52,205.7,329.85,320.24,249.36,244.77,583.03,114.44,222.24,202.95,590.37,729.19,216.16,305.47,300.25,576.66,300.16,58.13,312.61,43.15,343.41,869.73,118.84,191.25,338.79,439.75,85.13,159.89,545.14,431.15,107.01,259.71,862.34,282.35,305.4,739.6,309.61,153.01,409.13,130.36,366.9,289.37,108.29,212.75,527.33,253.68,727.49,66.86,230.42,552.76,219.53,370.6,51.39,675.68,516.97,473.73,80.62,202.87,585.4,145.17,176.11,220.35,284.1,383.97,243.9,269.71,220.24,421.23,350.35,152.97,609.36,512.47
2025-06-25,181.81,231.05,243.4,397.29,384.31,436.01,104.75,465.65,158.94,265.82,310.5,173.91,125.57,203.19,504.22,123.56,372.65,448.02,568.94,328.47,417.25,209.42,568.37,605.14,124.66,191.04,174.2,124.77,85.31,505.19,211.17,332.55,319.47,250.24,237.51,567.59,116.06,225.15,203.75,596.95,730.83,205.26,301.42,295.38,587.65,293.88,59.33,312.11,42.71,357.0,869.67,119.27,191.75,333.88,441.01,80.78,157.9,548.15,430.18,108.22,261.0,871.69,285.7,312.2,746.24,302.11,151.34,420.3,129.64,366.17,286.42,109.48,214.25,518.07,255.44,743.06,69.26,226.07,565.16,222.29,377.82,52.64,676.37,510.63,463.26,79.98,201.23,579.11,144.99,173.29,219.24,283.32,378.46,241.8,274.93,224.76,410.36,346.21,147.91,606.28,518.23
2025-06-26,184.6,231.68,239.8,390.33,384.8,434.25,106.47,459.34,158.12,266.26,312.68,172.86,124.2,194.52,495.43,120.38,380.36,440.5,577.7,329.06,408.78,202.59,552.97,602.17,124.6,187.95,172.74,123.23,84.79,491.62,214.94,331.08,324.97,256.27,227.18,554.67,116.36,222.89,205.78,600.27,720.34,196.15,309.2,285.34,576.48,290.79,59.34,308.83,41.72,349.67,910.0,122.29,183.1,322.18,430.77,79.61,158.44,535.39,433.46,109.22,255.56,915.48,289.73,319.26,759.67,296.25,149.1,426.12,130.45,359.77,285.93,107.82,213.68,528.28,255.93,734.06,68.47,224.87,580.8,218.82,379.06,51.36,656.93,501.35,458.68,79.04,199.28,566.93,148.16,170.63,223.96,280.41,384.12,244.51,283.46,226.55,405.03,361.14,143.38,614.77,537.18
2025-06-27,179.59,227.72,238.5,393.3,386.44,424.76,106.99,455.76,157.52,265.73,305.79,173.58,127.71,193.37,502.89,116.81,384.18,446.29,600.4,331.41,413.41,201.36,564.43,597.34,124.45,183.3,174.52,123.14,85.6,496.1,217.38,336.22,329.27,256.93,224.37,577.37,116.67,228.3,211.33,597.83,718.02,198.38,317.28,281.28,578.98,292.78,59.18,318.95,39.93,352.25,903.37,119.25,183.38,321.1,417.72,77.33,156.69,534.97,423.46,104.69,246.63,954.69,277.18,325.95,767.69,297.68,150.06,428.87,134.04,367.05,301.66,105.42,214.8,532.21,253.68,733.3,68.49,225.55,608.96,216.27,371.32,52.68,630.7,480.48,458.07,80.03,200.5,579.29,146.54,171.09,228.83,287.09,376.94,237.28,280.75,222.28,407.59,370.84,141.8,617.02,547.13
2025-06-30,182.47,218.79,236.71,405.8,410.18,424.54,106.78,448.96,152.48,261.79,306.9,172.53,130.73,189.52,500.73,118.84,377.51,449.35,598.45,332.29,407.91,206.11,564.69,578.02,125.69,181.9,174.21,121.32,84.45,480.5,214.91,328.12,326.98,257.27,214.65,565.62,117.68,228.68,207.61,597.25,702.88,197.72,324.14,285.79,573.19,280.75,59.62,314.98,39.76,360.13,901.36,116.02,178.91,322.21,412.34,76.39,154.67,534.58,423.03,104.03,245.16,967.85,287.47,328.11,779.28,303.42,149.4,420.27,133.82,359.87,304.63,104.63,216.35,529.78,258.05,751.98,69.68,224.42,608.46,218.55,353.89,51.27,660.12,495.72,458.27,79.0,202.99,581.71,142.39,172.33,229.1,279.49,381.29,234.28,283.01,220.04,417.19,386.32,139.1,607.74,532.41
2025-07-01,182.83,210.07,248.78,418.84,398.95,437.49,106.29,428.78,152.52,264.5,304.24,169.83,130.88,190.86,510.63,115.49,373.94,432.91,600.49,324.99,409.24,211.94,552.55,567.25,124.92,175.65,175.75,121.08,83.15,462.13,215.94,328.68,336.31,255.68,210.09,581.01,117.69,235.12,200.24,579.31,719.07,204.52,328.77,277.44,554.65,274.75,60.2,315.25,40.97,368.46,894.66,114.76,174.53,328.01,415.61,77.5,154.47,521.73,427.71,104.86,249.96,966.12,294.85,327.98,754.48,303.67,152.46,419.75,135.11,360.39,305.8,106.28,214.86,532.28,262.5,747.5,69.82,228.3,624.81,219.76,344.2,50.55,644.44,492.9,461.78,77.8,210.78,579.53,140.98,172.03,232.08,281.0,382.85,241.45,276.95,217.35,413.09,407.87,143.47,626.98,526.8
2025-07-02,181.14,216.6,254.34,421.57,394.19,430.79,106.21,424.24,153.39,270.66,306.55,173.09,130.76,191.89,505.6,116.35,372.88,422.32,631.72,330.98,412.97,215.13,543.44,545.11,125.95,172.5,178.72,124.17,85.59,461.19,217.56,331.46,345.42,253.05,209.19,578.53,119.28,224.54,191.78,572.73,676.89,195.26,334.6,273.7,575.29,259.97,60.09,320.22,41.57,363.82,922.32,114.0,175.6,339.8,422.4,77.49,149.56,518.0,438.98,105.39,248.76,942.96,289.74,329.56,755.94,314.62,149.52,432.81,134.91,354.29,312.23,107.59,207.5,530.53,262.48,728.2,69.7,234.41,617.34,220.65,344.16,51.2,621.8,506.37,459.52,76.74,211.74,567.87,141.23,172.07,234.69,284.9,376.37,242.21,280.89,214.33,414.04,398.97,145.18,638.66,562.38
2025-07-03,180.4,209.39,252.01,401.23,394.69,426.7,108.55,415.89,158.1,281.47,307.78,173.36,135.16,190.92,510.2,112.85,379.02,427.67,653.69,323.79,395.47,208.93,568.13,589.23,124.49,175.35,178.64,123.17,88.39,472.34,222.03,327.39,337.34,251.41,209.41,609.57,120.11,224.9,200.01,568.63,691.07,196.31,327.8,270.94,578.32,260.36,61.23,322.26,44.88,369.16,912.87,115.77,176.3,353.5,431.2,78.63,152.08,511.8,434.76,102.87,244.76,949.39,284.97,330.0,761.09,319.76,150.62,431.36,133.74,348.14,320.25,108.98,202.95,532.31,261.48,716.93,70.81,238.05,585.6,227.38,336.29,50.64,634.32,514.74,462.98,77.92,214.1,563.79,140.87,169.97,233.17,288.22,371.7,242.48,283.98,217.31,405.87,390.13,143.69,629.47,549.09
2025-07-04,182.05,212.28,250.9,405.39,393.57,426.33,109.2,420.37,161.68,270.3,312.11,168.41,131.0,194.15,502.31,114.2,373.92,426.13,665.36,320.56,393.78,208.67,582.53,575.0,118.3,180.88,180.01,122.51,87.22,452.23,227.12,331.45,334.09,250.22,216.05,610.37,119.5,223.36,197.63,579.25,681.06,197.4,324.01,267.6,562.1,256.58,60.64,320.19,45.16,364.14,880.12,115.75,173.04,358.8,435.96,79.82,150.96,504.68,436.73,102.59,246.23,962.05,287.22,331.17,790.49,316.4,149.97,425.31,135.13,333.81,308.38,109.38,202.14,537.39,261.63,748.33,71.16,234.69,535.39,231.62,335.67,49.25,639.98,504.96,458.64,77.63,216.51,576.32,140.62,167.52,236.67,281.88,376.7,238.37,291.03,215.09,404.83,385.28,137.96,623.21,520.79
2025-07-07,183.7,212.42,243.59,410.39,378.76,423.56,111.3,409.58,157.98,282.83,313.75,167.26,135.45,184.21,503.87,116.88,385.41,434.02,683.07,315.61,379.71,213.1,572.0,576.34,120.01,181.35,176.66,124.59,90.56,449.56,233.75,338.47,333.96,247.5,210.68,636.48,120.71,222.37,203.47,582.67,681.8,189.92,331.41,261.7,558.23,249.24,60.9,330.69,44.17,361.16,876.17,114.74,169.44,360.59,439.37,79.01,152.7,514.41,439.46,101.91,238.2,992.89,293.51,335.52,794.47,318.98,149.35,431.13,134.51,339.76,303.37,111.25,204.09,545.81,261.91,747.04,71.57,232.55,540.28,236.1,323.96,50.52,677.4,506.76,438.08,75.58,218.77,581.73,143.14,167.05,230.71,279.94,384.12,235.78,284.1,216.24,409.26,373.83,139.32,620.35,528.0
2025-07-08,183.74,211.31,241.07,393.71,385.77,410.92,109.23,417.63,148.74,278.06,315.07,167.85,131.04,192.14,509.4,117.89,378.08,433.67,675.01,318.89,384.57,210.66,593.39,559.74,120.37,174.15,172.82,122.88,89.75,466.74,237.95,342.95,330.02,245.79,209.91,642.87,118.84,215.14,213.65,572.73,664.61,188.31,335.59,262.01,571.22,246.73,60.02,335.22,42.85,358.91,870.26,109.34,170.28,364.49,438.85,78.68,149.19,502.42,435.11,101.17,234.36,986.36,282.67,331.68,776.45,309.9,150.67,437.8,134.08,343.67,295.43,112.19,205.52,553.78,277.39,778.4,72.36,229.61,557.59,233.46,319.02,49.52,670.69,497.5,430.0,76.46,224.93,568.0,140.08,171.08,230.51,281.73,383.81,236.4,279.53,224.0,404.47,378.7,139.76,616.69,522.34
2025-07-09,181.21,216.48,239.17,396.68,371.12,409.17,109.91,407.32,154.16,281.62,318.25,167.07,129.81,193.9,504.88,117.83,373.03,424.36,673.91,325.77,394.64,213.94,592.32,566.34,121.0,169.61,177.56,121.62,90.77,473.34,238.93,339.26,335.21,246.53,215.02,639.95,118.5,214.98,208.58,552.54,675.1,179.77,343.62,260.02,577.5,258.32,57.77,337.13,40.57,349.17,857.42,111.27,174.55,380.64,444.65,79.63,151.3,497.56,438.44,101.64,231.8,1014.76,284.84,344.85,790.56,304.15,149.36,436.67,133.2,346.55,287.45,110.2,206.97,559.33,278.58,785.71,72.57,224.04,566.43,233.11,308.25,49.49,668.2,514.74,452.26,77.02,228.67,570.96,138.09,169.77,233.52,277.89,390.77,234.21,270.76,225.71,398.91,355.07,137.77,597.79,517.97
2025-07-10,181.5,217.58,248.69,381.0,364.7,404.3,111.32,412.24,150.44,276.23,317.7,167.39,130.98,193.55,499.91,116.58,377.16,420.92,665.08,334.22,385.54,207.73,602.86,568.23,121.17,166.09,177.21,122.82,88.17,447.25,249.86,349.67,339.19,246.6,210.65,634.21,119.81,210.28,213.86,549.77,667.38,184.6,339.39,259.94,580.0,259.77,57.14,333.84,42.12,353.72,888.82,111.52,176.39,385.74,436.52,77.52,149.84,489.61,439.84,103.95,227.49,1003.79,286.67,342.34,796.79,309.17,150.57,439.73,135.77,348.19,283.69,112.69,210.3,555.93,282.69,804.02,73.64,223.9,566.54,230.08,303.65,50.92,655.56,512.24,449.63,77.1,223.06,569.17,137.95,171.14,237.29,278.03,400.77,237.33,285.94,225.13,395.6,362.77,139.32,610.08,523.36
2025-07-11,183.42,213.95,247.24,387.36,350.15,408.58,110.75,417.21,145.74,274.62,315.79,166.69,129.29,192.25,490.96,119.91,383.67,416.35,642.25,341.51,395.0,202.63,619.99,561.03,123.82,164.11,177.34,122.85,83.23,453.62,254.37,343.5,345.64,243.63,215.17,642.2,119.27,210.48,208.49,542.2,653.5,183.97,328.32,261.34,570.36,263.98,58.61,331.8,41.78,351.57,916.22,110.76,173.32,376.44,435.57,78.38,148.59,492.0,429.36,98.38,234.79,1035.02,289.43,347.67,810.66,315.8,157.29,451.53,134.58,340.55,282.29,118.08,211.14,556.97,287.37,782.19,73.9,222.55,557.94,229.54,290.8,50.64,666.41,505.65,449.16,77.12,220.45,558.27,137.93,170.68,240.48,283.49,394.17,235.76,291.13,224.52,390.75,361.77,140.88,593.5,526.6
2025-07-14,183.41,212.96,252.96,394.5,339.89,401.39,109.24,427.24,141.4,271.0,313.65,169.24,127.45,188.17,490.1,113.25,384.89,410.23,641.95,338.43,400.38,192.02,600.74,551.94,120.45,163.45,171.6,121.01,84.59,451.31,267.99,336.6,340.25,243.61,214.78,661.68,119.18,210.42,208.15,540.99,638.42,186.34,320.94,257.83,555.94,265.76,58.31,331.5,42.69,353.58,900.65,110.42,171.63,383.98,438.75,80.11,150.03,501.34,439.16,97.68,240.31,994.43,284.48,342.85,771.02,312.14,160.97,450.23,136.11,338.85,277.41,118.76,207.66,556.64,290.14,761.83,73.79,221.61,536.32,231.83,293.64,51.06,664.12,506.58,450.19,77.89,220.16,570.7,138.71,171.93,241.33,285.37,392.99,242.19,291.1,223.86,399.09,364.71,139.75,622.3,542.69
2025-07-15,184.68,206.41,251.62,413.31,355.31,416.14,110.44,428.58,137.95,279.96,316.72,169.64,128.4,183.28,504.7,112.5,387.14,419.07,608.63,336.44,403.26,185.83,601.27,557.09,119.65,167.28,171.35,121.25,85.47,434.59,275.61,338.21,341.75,247.1,213.44,694.88,119.16,210.78,206.26,530.29,657.34,183.28,315.05,260.0,553.06,268.34,56.74,333.22,42.56,362.54,914.36,106.12,172.69,395.23,433.2,80.09,152.43,510.1,444.04,96.61,238.08,938.2,284.98,334.09,737.79,313.01,160.94,460.17,134.09,343.15,282.53,120.06,204.17,543.3,290.55,738.39,73.71,225.79,528.81,228.54,288.35,51.15,666.97,522.6,456.57,77.73,217.04,568.76,141.95,173.18,240.48,283.54,390.75,238.49,291.06,219.73,403.31,358.81,139.51,645.19,550.5
2025-07-16,182.04,200.39,241.22,419.79,349.04,421.34,112.81,436.34,138.5,272.06,314.02,174.65,125.85,181.52,496.27,111.12,388.68,413.0,607.4,336.32,401.3,186.44,624.73,567.17,120.83,167.61,169.54,119.45,85.39,427.56,267.24,339.32,349.11,249.21,203.98,685.24,118.68,210.89,217.52,537.22,670.18,173.5,313.17,253.48,535.46,259.55,57.67,339.69,41.8,369.36,888.72,105.33,164.62,383.64,434.19,77.67,149.82,512.58,432.87,97.3,240.65,986.32,287.3,342.92,733.08,317.63,162.16,470.04,135.67,343.58,277.23,116.89,209.28,557.49,283.03,713.6,72.14,229.31,506.01,228.44,295.74,53.02,651.55,518.65,436.49,76.88,213.67,563.59,143.22,174.29,236.62,286.32,402.57,239.13,295.13,218.33,404.59,373.91,138.26,647.42,571.25
2025-07-17,180.77,204.25,237.63,416.08,347.54,440.88,112.9,434.52,136.42,263.62,308.63,169.02,124.69,185.37,497.83,114.81,391.99,430.32,624.95,331.74,403.34,185.78,616.86,576.84,121.51,162.77,168.64,117.88,85.74,420.81,259.65,341.56,344.25,245.26,205.24,688.38,119.65,210.72,218.68,550.12,657.55,172.28,308.23,252.34,523.13,255.15,56.39,337.91,41.98,362.07,865.55,103.93,161.44,385.79,440.41,78.49,150.14,505.34,431.63,98.17,245.02,1006.42,274.96,341.27,725.26,306.46,164.11,478.4,138.39,339.04,277.94,118.18,209.48,555.93,284.31,700.18,71.35,227.79,504.79,223.15,287.04,51.32,650.73,518.94,445.94,75.3,204.97,572.45,146.22,177.02,233.86,286.36,397.06,240.31,290.45,217.34,403.24,349.5,136.67,686.92,577.41
2025-07-18,179.63,205.2,237.05,409.75,350.57,447.78,112.23,446.32,134.47,268.67,313.22,165.77,127.3,189.56,505.43,115.98,390.88,422.58,626.78,333.3,395.98,189.47,635.25,548.4,123.78,166.46,173.4,116.68,88.24,403.07,275.18,340.76,347.62,247.54,195.61,672.91,119.0,210.5,212.86,572.92,697.62,181.03,311.1,254.56,513.12,258.23,55.5,341.4,42.32,349.76,860.06,101.87,165.55,382.13,437.42,79.87,149.59,528.31,425.39,96.14,235.9,1044.03,285.83,341.71,692.48,303.9,166.19,477.78,139.74,340.35,276.72,123.84,205.4,552.91,283.54,697.32,72.3,221.04,482.98,228.71,293.57,50.12,635.3,510.7,434.81,76.47,197.42,563.94,151.55,179.28,237.31,286.38,392.09,235.02,286.18,216.8,399.79,351.23,134.68,653.68,612.14
2025-07-21,178.86,198.22,232.78,407.06,359.29,449.86,112.65,428.6,132.17,267.34,315.19,166.92,129.28,188.44,507.52,114.84,392.97,438.75,638.88,325.54,393.86,195.3,637.84,547.94,125.3,165.41,170.74,116.99,87.54,381.08,279.73,336.87,348.44,252.82,195.55,676.26,117.62,207.69,209.4,565.22,702.54,178.57,312.29,250.26,510.36,251.99,56.17,345.08,41.62,356.53,885.65,103.78,167.33,380.38,437.2,78.96,150.88,530.93,425.51,95.53,225.69,1052.69,289.32,338.21,696.65,302.71,172.52,470.34,137.84,341.24,278.08,129.22,208.68,552.72,278.77,717.25,71.49,220.89,496.25,229.42,289.96,52.81,620.29,511.59,474.39,78.08,194.84,578.74,153.85,180.13,243.55,287.4,396.31,234.35,281.31,218.55,399.18,337.05,133.5,662.51,609.73
2025-07-22,178.26,200.02,226.54,402.19,361.65,448.85,111.61,436.35,141.8,266.99,310.84,166.61,129.68,196.47,504.2,113.04,378.67,448.86,631.77,328.86,402.93,191.01,653.53,526.83,125.25,165.35,170.31,118.76,89.03,373.49,280.96,344.15,337.21,255.81,186.2,679.48,117.4,210.97,204.41,565.82,692.54,179.64,321.64,244.59,518.32,252.46,57.65,354.83,42.74,366.71,897.58,104.31,170.8,375.44,442.38,78.52,151.57,538.7,431.28,96.25,224.61,1060.69,291.72,344.19,714.78,305.62,170.82,470.93,137.91,325.86,260.78,127.76,205.38,551.74,273.71,692.86,72.55,216.84,479.89,232.23,287.66,53.63,594.54,507.98,463.75,78.45,191.31,587.45,153.86,183.57,241.8,285.82,393.92,243.05,277.57,221.0,406.27,338.75,134.49,653.0,632.68
2025-07-23,179.23,207.77,232.71,394.06,356.96,452.72,112.05,429.64,142.9,260.23,314.95,165.68,132.18,193.7,510.83,114.72,362.22,442.85,628.3,328.84,408.57,190.97,653.59,527.89,129.7,167.11,167.72,118.35,87.44,376.43,286.72,342.83,343.0,247.93,183.71,677.52,116.94,211.77,206.38,572.34,681.63,180.77,318.8,243.16,515.83,253.07,57.86,364.75,41.65,380.03,862.74,103.53,169.06,380.52,442.0,77.62,156.12,535.02,435.3,98.6,230.6,1049.59,286.79,357.27,725.16,297.3,173.57,477.0,133.98,331.65,262.85,125.74,207.71,550.39,273.34,685.5,71.78,211.48,465.71,228.95,287.22,52.33,572.42,511.37,472.21,77.83,194.84,597.8,153.84,186.54,236.27,283.89,385.82,243.3,283.46,218.14,409.99,335.88,131.9,677.23,631.71
2025-07-24,179.26,216.31,232.85,410.11,355.01,437.21,112.51,427.53,135.28,265.7,309.6,166.24,131.48,197.26,524.23,115.06,353.26,450.47,628.36,327.13,397.55,191.4,618.23,512.27,129.06,173.01,166.58,120.68,91.5,378.28,291.85,344.73,341.12,250.57,182.61,661.48,119.94,209.08,204.45,571.87,689.53,178.62,308.94,239.04,494.71,246.26,57.78,367.03,40.61,395.03,844.86,100.43,166.83,383.33,446.13,77.88,155.62,523.2,435.93,97.71,238.64,1113.3,299.44,353.72,741.67,294.13,171.82,472.85,139.9,338.16,253.7,128.63,207.67,547.98,275.46,700.77,71.64,207.77,460.92,224.51,276.96,52.94,571.6,497.81,455.12,76.46,194.78,599.94,154.39,189.37,236.8,288.33,373.55,243.63,282.61,212.4,400.43,356.08,132.97,676.94,619.89
2025-07-25,179.55,216.93,231.59,409.35,375.42,462.97,110.67,442.3,134.57,263.92,305.89,167.13,129.29,199.98,503.15,114.45,355.82,453.72,641.33,325.08,401.7,183.0,627.44,510.52,133.63,172.2,170.03,117.6,94.25,377.43,291.16,341.84,339.42,247.35,191.17,662.32,119.91,207.17,208.9,575.47,677.11,180.32,300.98,239.55,486.19,252.06,58.59,366.61,40.49,384.05,873.84,101.87,168.2,382.81,449.68,76.64,159.02,521.04,439.72,95.91,226.21,1091.31,299.23,357.08,746.95,295.14,171.88,458.82,138.79,324.83,258.04,127.54,208.56,553.08,275.83,701.72,72.75,205.09,486.21,217.39,271.48,52.87,569.04,489.4,449.84,76.16,196.28,604.29,157.38,187.4,241.5,289.14,373.52,243.22,298.37,211.89,403.28,365.87,126.93,661.44,625.96
2025-07-28,180.83,220.55,237.7,411.54,380.32,455.89,109.65,434.21,130.83,267.22,302.93,163.96,125.75,201.82,515.21,113.92,362.36,439.74,649.1,330.21,417.94,182.92,631.77,530.72,138.51,174.97,170.5,119.32,94.55,371.7,294.71,338.96,342.84,245.58,187.48,671.11,123.78,207.73,220.96,596.12,668.59,176.98,291.54,234.67,485.0,257.33,59.11,359.76,40.04,384.55,866.22,102.57,167.69,384.8,452.91,75.61,157.87,522.41,436.29,97.82,223.23,1099.21,296.07,366.44,734.69,296.79,165.58,471.74,135.96,329.73,272.48,126.22,203.37,556.56,274.31,713.35,72.15,207.61,473.39,210.68,270.89,51.25,580.52,480.87,438.81,75.4,195.64,596.95,159.29,186.96,251.52,287.89,359.29,244.26,294.53,215.65,405.74,358.6,125.63,677.74,597.39
2025-07-29,181.58,228.23,244.95,411.19,382.57,446.52,109.82,429.39,127.9,254.66,302.08,163.71,122.73,197.66,523.3,115.45,363.02,456.16,630.25,332.3,415.2,184.38,653.65,549.06,138.78,173.54,168.72,119.9,96.2,382.52,284.1,334.14,351.92,251.46,187.75,657.18,123.99,214.24,218.28,589.6,664.97,171.62,297.64,241.68,491.13,258.15,60.27,356.96,41.43,398.43,901.37,101.07,164.81,377.75,450.06,77.98,160.47,527.83,427.08,98.12,230.81,1067.76,293.74,377.26,700.39,298.07,162.98,465.2,135.84,340.24,268.16,129.86,203.94,558.06,276.15,715.61,70.41,204.22,469.08,211.95,270.72,52.72,594.9,481.21,440.59,76.3,199.11,587.52,161.25,186.9,249.44,294.48,353.06,240.21,303.07,214.09,405.86,356.46,121.73,625.04,611.97
2025-07-30,188.03,225.75,247.04,401.65,397.99,449.32,111.65,439.6,129.47,249.49,300.92,158.87,123.79,205.3,525.02,116.51,365.77,450.22,636.15,328.83,407.7,183.11,652.18,552.98,144.48,176.48,168.69,120.52,98.49,410.13,293.41,330.99,358.91,253.05,180.93,651.23,123.24,211.81,229.85,581.61,672.13,166.72,292.01,239.65,478.81,251.73,59.59,351.44,41.22,400.69,879.48,100.3,165.32,381.05,454.01,78.24,161.06,524.53,424.3,95.97,230.86,1085.56,294.52,378.08,710.79,296.14,163.83,454.77,129.96,351.41,274.05,128.56,204.15,554.21,284.04,720.73,70.54,199.7,455.17,215.08,274.74,52.91,600.99,481.66,460.44,73.73,205.83,575.0,163.2,187.82,250.38,296.0,345.02,242.43,305.22,220.71,405.91,369.64,119.49,630.25,601.83
2025-07-31,189.08,235.12,251.9,407.17,392.85,453.66,111.52,447.33,128.07,257.19,300.7,161.06,121.5,205.25,514.48,116.41,364.04,440.99,647.64,326.29,404.44,182.05,658.42,546.32,146.73,177.04,170.35,120.56,96.71,402.24,290.27,332.93,350.2,257.57,179.84,646.18,123.26,215.47,236.2,582.94,672.49,175.05,295.89,239.28,485.42,257.83,60.9,346.87,42.73,401.27,913.56,101.01,166.36,374.49,454.03,81.34,167.2,533.5,406.76,102.39,233.79,1129.67,299.98,390.7,750.95,296.38,163.13,455.31,127.49,354.01,284.59,130.08,196.71,560.79,286.91,716.92,69.29,207.59,428.13,209.42,273.76,51.33,589.71,477.4,460.51,73.5,207.89,587.67,163.3,190.93,245.13,298.98,350.99,238.57,306.35,218.06,403.18,389.91,120.99,652.5,584.02
2025-08-01,190.1,233.0,245.99,422.25,395.04,454.76,111.25,432.17,128.64,261.8,303.36,159.5,123.1,215.57,508.56,117.89,363.44,438.04,644.68,318.89,416.09,185.93,661.63,529.11,150.67,179.98,172.45,117.73,95.36,400.79,288.3,340.83,353.08,262.67,182.82,680.89,122.21,214.16,235.36,588.31,708.57,179.11,290.75,240.07,484.5,253.81,63.56,361.7,43.73,403.91,921.07,99.6,167.52,374.33,453.17,82.8,168.13,518.68,414.98,99.87,242.3,1188.76,302.2,387.91,755.67,299.15,170.95,462.33,124.3,355.55,290.21,129.62,193.89,549.98,273.12,746.69,69.78,203.06,424.09,206.55,265.92,50.47,607.94,473.45,457.58,72.46,209.88,587.47,164.33,191.98,237.76,299.8,348.89,236.77,317.36,215.16,410.47,398.47,120.39,651.1,586.33
2025-08-04,190.76,236.84,244.0,415.07,393.23,460.27,113.81,433.83,130.93,248.77,300.72,158.95,121.33,212.15,518.27,118.87,360.35,433.3,638.06,321.37,411.79,178.79,687.31,531.44,154.22,186.48,169.14,119.26,95.86,412.79,281.31,338.22,341.37,260.64,177.8,632.81,123.39,213.66,243.37,578.06,680.05,180.9,286.29,237.86,488.55,255.43,62.16,354.51,43.57,401.4,912.97,100.29,170.42,379.49,464.04,82.55,170.05,525.61,420.97,102.66,246.31,1203.49,312.14,397.69,743.62,307.45,177.87,459.68,122.77,357.67,303.94,125.85,196.81,552.16,270.49,781.67,70.74,207.1,402.46,213.22,258.76,51.66,605.03,475.49,468.99,73.51,216.47,579.95,163.21,191.04,238.97,300.21,341.86,243.28,328.4,209.69,415.87,396.31,122.64,644.01,612.16
2025-08-05,188.42,231.39,243.83,400.25,391.4,444.64,114.99,453.46,126.99,253.79,298.89,155.64,121.65,209.85,532.89,117.12,364.99,437.3,627.63,325.83,414.32,183.47,726.61,521.12,147.58,190.6,171.34,120.8,97.02,405.27,270.67,340.55,336.23,262.99,184.37,592.49,122.1,217.21,254.2,575.04,650.21,182.69,279.05,238.86,493.97,253.52,60.53,358.0,43.21,384.89,893.09,103.5,171.3,386.32,462.68,85.48,168.81,522.39,396.92,101.62,246.2,1194.88,298.12,392.26,740.57,311.09,176.9,459.47,123.96,361.97,295.14,125.82,199.96,545.54,272.78,770.19,69.64,203.41,422.68,210.84,269.69,50.65,611.73,468.53,457.95,74.07,214.1,583.57,163.69,183.96,236.9,304.91,333.22,244.44,318.07,211.22,409.68,410.28,123.19,681.6,642.03
2025-08-06,188.26,231.64,244.71,406.5,395.48,448.51,115.98,473.91,127.76,251.64,298.27,157.95,122.13,210.82,528.64,114.78,360.57,429.91,634.6,330.79,422.7,180.45,716.92,519.73,146.35,187.53,171.82,119.08,98.24,380.35,268.85,330.93,335.54,261.5,189.45,591.06,126.27,220.76,262.31,553.77,670.45,185.24,276.78,237.53,493.37,254.77,59.66,356.64,43.66,370.06,870.24,106.53,171.91,388.55,473.0,84.92,168.43,516.54,403.26,103.67,258.6,1154.17,299.08,378.88,727.79,310.12,180.92,457.26,125.3,363.23,298.1,126.25,195.27,540.8,269.04,768.54,68.78,201.32,401.81,207.76,267.1,50.58,624.01,472.92,465.01,74.54,212.53,562.19,166.37,187.93,235.6,302.09,328.99,234.75,317.51,212.03,404.0,403.93,124.46,678.61,648.97
2025-08-07,186.33,236.39,235.91,398.18,397.48,468.94,116.21,461.9,133.05,248.9,292.27,159.97,115.35,205.31,515.35,116.9,364.33,432.36,638.96,326.18,429.68,183.28,712.91,519.67,142.87,191.89,174.0,120.8,96.46,384.49,258.0,337.56,332.52,262.47,193.39,597.84,127.84,221.65,254.02,559.27,676.48,182.3,272.23,236.02,484.95,260.82,58.99,354.96,43.08,362.9,881.3,106.63,173.46,376.28,470.89,85.2,170.38,516.73,399.19,103.17,261.44,1156.71,294.62,370.2,752.77,299.58,178.86,446.76,123.83,362.01,287.44,124.1,195.91,551.69,265.58,749.54,68.75,204.34,392.98,214.84,267.12,49.96,664.7,467.08,458.44,75.3,207.02,561.93,163.42,185.81,231.44,302.32,319.14,237.26,336.69,206.28,403.34,397.24,127.2,689.41,646.72
2025-08-08,187.63,232.97,234.92,391.55,402.52,467.53,115.94,447.89,135.79,253.18,287.72,161.35,118.01,197.37,505.47,114.19,359.23,421.48,619.45,318.83,413.09,178.45,734.61,508.88,143.19,188.76,174.28,120.59,94.77,384.91,259.29,343.16,319.78,261.27,198.18,602.51,129.15,228.3,251.66,570.85,665.63,185.41,268.35,237.44,491.65,267.24,58.19,354.53,43.4,364.23,865.76,104.53,184.16,372.24,480.08,85.06,172.85,506.89,398.05,105.57,259.13,1185.83,308.58,371.3,714.05,292.21,178.36,447.68,126.93,365.04,284.93,126.06,191.97,542.75,264.62,758.05,69.08,207.71,381.86,211.47,271.54,48.1,673.5,448.08,438.45,75.89,202.01,578.3,165.26,185.98,233.54,306.57,323.97,234.22,343.68,201.52,401.36,395.95,123.97,701.13,673.17
2025-08-11,190.34,229.22,230.79,398.48,392.89,458.09,111.76,439.58,137.6,246.4,287.16,158.11,116.58,198.35,505.55,112.11,357.98,427.73,611.27,323.16,426.22,180.03,760.86,502.38,145.86,188.86,175.24,120.08,95.37,386.62,261.08,353.08,325.7,255.75,196.46,620.03,128.26,224.16,247.27,584.17,658.18,189.49,270.85,247.76,492.13,277.21,56.76,358.26,42.89,363.69,877.93,107.24,182.27,373.38,475.62,86.29,172.13,512.91,400.59,103.32,251.75,1166.88,310.44,367.88,712.89,293.41,179.93,455.88,129.85,368.34,282.59,124.18,190.2,535.33,265.56,764.67,69.91,210.28,378.43,214.03,261.73,47.32,684.59,454.08,449.93,74.81,203.5,570.08,166.61,188.27,235.82,310.31,315.97,231.61,352.28,203.83,397.9,400.97,122.08,712.71,643.48
2025-08-12,191.76,225.79,226.32,410.07,396.4,443.64,111.58,438.85,136.52,256.51,288.1,156.64,117.19,200.71,497.47,110.38,357.3,424.53,620.93,319.14,429.33,183.52,770.18,514.08,144.88,193.07,173.58,119.35,95.4,381.66,255.08,350.41,326.96,253.22,194.56,615.95,129.19,230.03,246.07,587.57,645.79,189.97,271.37,246.19,485.67,272.43,55.29,353.88,40.75,362.96,866.38,107.95,181.62,372.96,479.1,86.55,175.08,513.29,414.57,102.53,246.07,1188.2,304.66,370.91,684.84,299.47,184.06,466.71,130.14,362.58,278.24,124.39,188.33,532.29,268.77,728.5,70.42,212.25,383.64,215.02,254.33,46.64,682.76,454.5,437.63,75.26,196.17,562.14,168.08,183.3,236.14,317.07,324.19,229.76,370.62,202.47,400.66,394.84,121.71,728.89,641.44
2025-08-13,185.36,227.61,225.49,423.76,392.81,433.25,112.44,433.7,139.86,270.85,286.1,158.29,114.03,200.8,492.85,110.85,380.8,415.18,618.89,321.13,441.41,186.83,772.64,515.92,145.55,193.52,171.34,120.97,93.5,363.81,267.67,353.84,326.96,250.52,204.75,591.87,129.13,229.88,238.13,592.97,679.72,182.71,279.67,242.57,478.48,270.3,55.65,356.84,39.67,355.25,840.71,109.55,183.96,363.89,478.09,84.48,171.16,524.25,410.03,102.72,253.63,1229.95,305.41,356.29,696.72,297.5,190.94,466.98,125.51,360.97,274.23,127.39,194.45,547.87,265.58,760.09,69.94,208.77,403.38,208.68,258.47,45.85,703.8,458.5,432.88,73.23,198.95,551.22,167.12,183.53,235.1,321.38,321.76,231.88,394.51,202.28,412.54,391.91,122.16,708.06,653.12
2025-08-14,186.4,231.92,229.46,426.97,392.02,432.2,112.83,437.34,140.42,264.17,286.78,156.7,111.83,196.84,482.84,109.49,372.92,418.38,628.92,324.49,456.73,195.76,772.02,513.46,147.37,191.7,175.38,119.76,95.59,358.61,276.12,347.86,315.77,244.2,211.72,586.09,133.08,237.07,236.48,603.81,677.02,182.02,281.02,244.62,475.09,268.43,56.14,355.64,40.02,363.95,821.75,108.93,181.64,364.28,478.64,84.85,173.71,521.52,401.59,102.87,255.95,1198.9,306.4,360.25,715.04,294.07,187.34,467.88,121.17,370.48,285.37,129.13,189.43,549.08,263.72,745.06,69.78,213.89,398.97,202.92,258.9,48.18,721.32,461.57,450.08,72.84,203.67,550.03,168.05,184.82,233.82,316.78,328.95,231.69,389.03,205.51,408.86,402.58,118.94,717.83,641.55
2025-08-15,189.67,224.35,232.86,425.38,388.26,432.27,112.14,449.87,135.47,263.13,287.85,157.79,113.67,199.7,475.33,112.74,373.16,411.64,611.23,318.67,456.22,197.11,794.41,493.92,147.48,193.89,172.16,118.58,96.05,362.76,272.91,341.09,311.08,248.08,200.83,571.55,134.32,234.36,230.2,595.49,679.76,179.88,288.79,244.08,467.52,273.88,55.27,346.44,39.12,376.68,814.79,106.65,183.35,359.99,483.44,83.51,173.51,519.15,404.59,100.14,258.53,1235.34,316.97,364.84,700.13,287.89,181.12,468.4,119.6,367.2,292.69,128.17,194.18,554.38,265.32,769.1,69.4,214.46,407.49,203.24,253.09,47.27,695.8,458.53,446.94,74.0,202.35,548.45,166.45,189.6,234.61,315.08,320.78,229.01,390.76,203.91,402.87,421.46,117.49,704.6,638.68
2025-08-18,189.74,223.2,233.51,420.29,375.1,429.83,111.91,449.08,131.55,266.98,291.91,163.98,114.18,199.99,463.76,112.52,363.35,411.51,629.88,317.27,472.77,197.19,796.57,497.98,151.07,197.22,174.07,117.24,96.68,375.07,283.18,337.55,313.22,246.13,202.84,596.69,135.58,238.46,221.87,599.16,675.09,182.94,294.25,248.34,467.39,276.46,56.59,345.07,39.21,367.56,797.83,108.5,182.98,364.34,480.87,81.18,171.38,532.27,417.96,100.33,261.72,1216.84,314.26,355.72,728.53,287.45,179.63,481.31,117.75,362.98,305.58,133.21,193.54,552.52,272.75,773.01,68.36,214.8,404.7,201.49,249.82,46.83,703.06,451.4,446.83,73.05,207.3,538.0,170.43,186.88,237.13,320.14,325.9,222.09,392.3,202.3,397.6,404.08,118.64,674.66,645.32
2025-08-19,191.96,226.78,233.07,417.3,383.06,432.25,110.59,439.32,124.97,262.73,287.91,158.47,111.17,204.14,466.23,109.11,364.99,419.23,623.71,326.38,472.61,197.77,782.07,514.97,146.31,197.72,177.31,116.13,92.31,361.3,284.33,344.64,311.0,242.75,203.9,637.93,135.44,241.45,220.79,608.54,658.94,176.92,293.02,254.67,469.39,280.01,54.82,350.84,39.44,364.97,760.7,107.87,187.25,366.96,494.26,80.25,171.91,525.03,410.64,100.12,246.44,1239.12,330.26,352.19,740.17,284.96,188.66,486.89,120.61,353.14,315.78,135.95,191.78,562.95,264.37,761.17,66.59,213.25,388.43,195.74,238.76,45.63,690.71,450.59,434.08,73.99,206.46,541.52,170.56,186.92,233.63,315.75,326.2,219.41,387.68,205.71,396.5,404.94,117.01,698.2,638.03
2025-08-20,192.88,229.85,223.9,419.92,407.79,422.68,111.28,448.63,129.17,260.71,295.57,158.24,109.95,205.89,468.23,108.37,375.23,426.41,628.27,325.49,482.89,198.62,807.24,503.45,147.47,192.49,175.57,115.53,88.1,347.34,274.6,338.91,320.48,239.62,204.1,654.01,138.76,242.6,228.06,602.36,654.48,187.81,285.17,265.57,461.83,279.8,56.7,356.36,40.6,360.99,750.12,110.45,187.7,368.8,491.9,80.66,172.93,526.98,412.72,104.08,243.59,1205.0,327.13,361.0,723.59,290.21,194.08,486.33,119.53,352.44,322.36,135.63,192.65,570.49,271.43,753.0,66.52,214.05,385.69,190.73,236.15,44.57,671.97,466.3,432.12,71.5,208.73,544.69,170.97,188.77,233.82,318.61,311.53,221.9,390.63,211.18,392.47,401.86,120.31,691.01,643.25
2025-08-21,193.44,226.81,221.63,408.22,397.66,417.6,111.55,454.91,122.95,274.02,297.48,152.36,108.22,205.67,465.85,109.62,368.4,428.14,623.15,326.52,491.41,196.35,782.2,502.36,152.35,197.24,180.25,117.52,91.09,368.86,261.77,343.4,322.13,230.6,200.25,679.04,137.48,245.3,222.13,600.25,635.29,186.42,286.95,264.43,469.34,273.23,57.25,363.35,39.92,356.27,729.07,118.07,190.47,366.57,501.68,83.14,175.24,523.19,400.66,105.03,231.79,1203.99,328.5,358.18,700.32,287.24,194.98,500.9,120.34,351.88,322.39,133.86,200.28,573.0,276.49,739.47,66.86,211.6,385.29,191.73,240.28,43.84,679.48,464.66,418.6,72.57,207.35,533.37,167.18,187.27,231.32,322.51,305.66,221.77,388.82,211.41,382.94,424.36,116.45,717.14,616.42
2025-08-22,197.25,219.16,226.91,398.46,398.61,411.41,112.03,449.29,122.22,276.5,298.59,152.46,104.07,207.41,469.08,108.09,369.51,419.66,635.44,319.01,482.72,192.78,789.42,516.53,162.08,195.9,174.66,117.68,93.89,385.01,265.25,337.38,325.87,236.31,208.62,664.53,137.31,246.8,217.09,600.8,654.42,179.56,286.87,265.13,458.26,269.82,58.84,373.04,40.81,361.17,732.56,116.93,192.39,374.16,509.11,83.53,172.5,520.17,405.03,110.49,230.4,1260.73,328.5,351.85,718.25,291.2,198.25,508.09,118.03,350.63,322.32,134.46,194.69,576.16,279.4,734.72,67.09,208.48,397.05,194.94,246.82,42.87,655.63,468.17,413.54,72.46,207.39,534.26,171.22,184.88,232.54,328.7,307.03,224.75,386.77,205.92,380.37,432.98,114.51,729.86,602.51
2025-08-25,198.54,214.54,229.7,383.51,395.1,413.38,112.56,450.19,121.82,278.82,291.75,156.42,101.01,207.08,469.24,109.99,361.14,415.79,653.17,318.63,483.77,189.21,813.33,485.94,163.79,200.81,174.95,120.92,89.42,371.99,259.91,340.31,318.43,240.49,209.88,635.98,135.62,247.95,215.72,583.63,631.81,174.33,288.43,271.34,472.18,270.59,57.72,367.47,42.3,357.15,713.59,116.39,195.12,375.46,516.78,81.17,177.67,527.82,399.43,110.94,232.69,1297.8,334.06,353.65,736.95,289.91,195.85,511.85,115.99,355.4,309.79,137.39,194.49,586.76,287.56,782.78,66.45,207.18,404.52,199.08,239.44,41.9,640.19,469.81,406.48,72.71,207.5,545.29,173.85,179.71,240.45,331.71,304.27,223.91,377.28,204.67,386.8,419.38,112.01,717.3,597.01
2025-08-26,198.36,212.66,231.27,385.32,394.65,410.01,109.58,439.61,120.13,277.67,293.21,157.31,98.95,196.91,466.51,112.22,356.66,413.89,660.05,323.77,460.52,187.05,786.15,481.66,160.91,197.47,174.72,119.13,90.18,390.01,268.7,342.74,320.07,240.72,213.85,625.95,135.92,240.01,216.36,594.12,641.43,170.73,290.88,273.14,477.7,268.82,58.11,371.79,40.72,361.8,768.91,115.93,191.28,362.5,516.78,80.63,177.8,535.06,394.68,112.61,231.31,1293.4,344.84,346.41,722.92,282.05,194.19,511.7,118.78,352.54,307.64,136.87,196.41,587.82,297.24,774.67,63.79,203.44,416.06,201.85,235.37,41.99,625.09,470.3,393.44,73.53,208.53,545.62,171.11,177.15,244.85,336.71,307.33,224.88,389.69,207.09,396.34,425.02,110.44,726.36,574.82
2025-08-27,195.48,214.29,234.51,379.24,384.06,401.15,110.17,419.11,116.63,279.66,289.38,159.17,98.87,196.24,471.1,110.73,351.05,418.21,684.28,326.8,464.02,186.52,813.22,478.71,162.67,202.97,173.94,120.65,95.25,378.4,273.68,339.23,323.56,238.73,211.4,622.24,136.42,246.55,213.87,624.83,660.52,177.21,294.74,273.33,461.47,266.58,59.03,375.22,40.75,372.77,733.64,117.11,182.79,367.54,513.42,76.46,179.21,528.94,385.06,112.57,233.19,1326.49,343.71,335.12,710.16,282.95,196.01,515.15,119.83,357.23,296.39,136.72,197.97,589.81,295.37,751.72,63.08,202.75,431.39,200.58,228.72,41.93,616.75,472.35,407.47,74.89,211.82,546.38,170.4,177.65,243.04,330.6,310.94,221.78,381.41,208.07,394.08,453.63,112.09,725.51,565.36
2025-08-28,193.09,207.46,226.04,377.48,375.3,401.98,110.94,437.36,118.69,278.59,292.12,157.23,103.39,197.45,459.66,107.93,363.9,408.56,706.25,331.23,486.46,178.77,826.2,501.94,163.15,206.92,174.94,120.47,91.57,385.21,289.52,346.84,322.0,235.52,209.53,616.23,135.35,242.0,216.46,611.91,658.0,183.79,301.17,266.24,467.02,268.85,56.86,372.18,42.87,377.72,747.18,121.01,182.22,366.22,520.08,78.77,175.87,538.68,391.33,113.86,233.17,1362.84,327.98,354.23,690.77,279.17,197.04,501.14,121.68,355.01,288.74,136.7,199.19,600.7,295.67,762.25,62.18,204.9,441.13,201.59,229.81,41.83,642.02,467.4,384.66,74.83,211.09,558.5,170.54,179.91,241.22,330.28,302.62,218.09,376.78,207.14,383.09,458.32,116.87,730.24,560.56
2025-08-29,190.14,207.14,226.01,358.96,378.12,393.31,111.99,436.46,117.53,279.01,297.37,153.23,103.72,197.56,472.16,108.66,384.03,414.89,700.24,329.66,493.11,175.71,814.26,505.44,162.97,209.01,175.1,117.91,91.45,370.47,274.92,334.78,325.85,242.35,213.58,619.11,136.06,237.16,219.91,617.79,645.43,182.99,299.36,263.59,464.8,266.18,57.17,368.04,43.04,374.91,735.89,118.34,188.76,360.81,523.03,78.96,177.47,533.44,400.91,114.27,233.87,1317.2,340.17,361.93,714.05,278.9,189.64,511.37,120.84,365.43,294.75,137.41,194.18,613.33,288.85,801.41,62.57,206.43,453.19,199.73,228.71,41.36,621.28,475.97,384.71,73.8,212.48,561.94,171.39,184.87,247.58,333.91,291.57,218.69,373.75,210.1,388.78,462.97,117.18,708.68,556.98
2025-09-01,190.19,204.79,217.98,357.17,382.65,381.38,113.17,467.11,120.52,281.12,296.09,154.08,104.45,202.66,472.71,107.37,383.36,423.53,689.64,321.23,488.11,180.35,801.7,487.78,162.9,200.95,178.53,118.99,91.19,357.52,270.35,332.43,321.02,237.06,212.67,596.52,138.09,236.76,226.51,622.61,622.43,192.37,291.23,264.83,461.6,269.5,57.43,369.91,42.7,375.41,734.54,119.25,180.24,362.35,531.05,80.11,174.16,538.71,401.31,113.49,237.89,1326.43,332.76,355.96,746.1,275.81,191.22,511.34,120.0,350.4,301.99,136.75,191.86,605.91,285.76,771.29,61.08,212.27,461.71,199.14,231.76,41.24,602.36,478.77,389.69,72.14,213.95,565.07,170.68,182.76,246.33,335.46,296.42,216.24,382.89,215.54,386.34,469.68,119.65,707.45,541.41
2025-09-02,188.63,204.13,215.03,348.36,388.41,388.85,111.42,495.47,119.25,277.38,302.4,154.51,104.27,207.46,477.57,109.54,385.7,407.62,675.69,321.79,486.98,184.94,801.36,483.85,157.5,202.14,177.57,120.8,92.15,355.09,266.87,336.65,318.71,233.87,206.75,633.15,138.29,231.95,224.41,633.53,596.78,182.58,297.62,265.81,462.12,263.94,58.86,374.17,42.84,383.68,730.28,121.07,181.34,363.59,539.13,81.28,174.03,539.11,394.58,114.39,239.37,1341.71,327.79,348.66,756.93,272.53,191.57,512.04,119.7,348.25,307.43,142.22,188.9,601.25,281.9,788.91,61.14,220.11,449.06,207.57,219.99,40.67,585.89,481.28,396.07,72.87,213.12,572.01,172.72,179.8,247.73,337.6,298.12,215.42,370.32,215.14,389.05,471.38,114.64,706.22,552.8
2025-09-03,187.63,204.47,208.67,332.5,386.78,401.08,110.51,494.5,122.11,289.7,304.24,155.12,101.2,208.53,473.75,110.45,386.36,392.42,678.42,318.48,499.4,184.37,799.43,485.67,164.7,211.68,175.49,118.29,89.49,358.89,257.66,332.27,326.58,236.4,208.03,624.04,138.38,233.13,226.22,638.73,586.11,183.72,298.52,266.04,476.53,255.93,59.2,369.03,41.82,390.93,724.95,120.08,181.53,361.52,523.63,78.32,173.9,547.95,387.17,113.99,243.63,1383.3,326.05,354.12,768.75,275.98,188.07,515.38,119.59,349.06,320.42,140.57,193.28,605.56,287.04,796.3,62.81,219.1,459.37,205.63,217.47,39.24,559.39,480.34,397.22,72.17,211.21,565.4,173.85,181.96,245.21,330.99,299.39,213.34,365.52,214.52,390.98,476.43,116.78,715.25,547.37
2025-09-04,189.73,206.87,214.37,339.32,397.44,409.39,111.68,484.95,125.0,309.67,311.22,159.59,95.23,210.01,481.79,112.87,384.92,407.22,669.26,325.48,493.4,187.41,853.93,508.94,163.14,208.18,175.54,117.9,90.84,357.81,263.91,328.72,328.2,240.2,212.51,662.69,137.86,230.54,226.57,615.29,579.54,188.72,299.69,271.05,487.5,253.79,59.58,369.24,40.52,383.64,728.68,118.32,179.66,353.99,521.0,81.18,168.97,552.03,400.25,115.52,244.93,1374.66,315.53,358.06,777.47,281.69,180.5,526.58,124.38,348.34,317.87,141.17,192.84,608.82,284.56,795.32,61.43,218.35,448.89,201.11,212.51,39.55,555.92,468.15,382.01,72.16,206.34,567.26,173.95,186.22,244.17,333.05,297.14,215.44,346.61,212.61,398.08,496.44,115.99,715.54,532.8
2025-09-05,188.37,205.12,217.58,345.82,404.93,407.44,111.98,473.24,123.62,318.7,313.64,159.19,93.39,211.42,495.02,110.83,403.02,395.89,701.97,326.88,498.88,182.66,833.96,493.15,163.03,203.08,177.44,117.64,91.24,364.64,255.95,334.96,339.13,235.36,213.39,675.02,135.96,228.99,236.36,603.8,580.2,194.53,301.83,267.44,483.87,254.02,60.04,368.13,40.63,382.0,737.76,120.05,185.8,353.89,511.29,80.71,166.84,538.63,401.12,117.21,243.56,1355.42,318.55,352.39,799.95,285.69,180.08,541.15,127.8,336.84,305.87,144.37,192.4,614.74,293.66,801.44,60.8,218.44,444.95,198.97,212.44,38.32,550.54,461.74,389.85,73.34,210.12,571.01,175.66,188.39,248.11,331.66,295.45,212.08,353.61,215.05,403.32,478.1,117.76,725.9,541.76
2025-09-08,191.23,211.1,225.0,361.5,397.94,408.76,112.94,457.11,122.38,312.02,311.47,163.02,96.87,214.74,488.88,111.35,388.48,394.87,708.58,323.61,495.9,193.13,827.63,496.3,167.11,210.27,176.6,118.24,92.65,367.04,267.48,334.03,336.06,241.71,219.45,676.96,135.28,220.75,242.13,600.06,580.14,181.69,299.71,267.27,478.98,258.86,59.23,363.84,42.56,379.32,770.79,120.65,187.1,347.39,508.07,80.19,163.69,542.16,400.09,118.89,237.95,1390.5,302.29,347.07,874.28,291.18,177.0,541.06,130.76,341.29,296.25,141.25,192.85,609.07,295.22,768.09,60.26,216.75,432.68,199.73,208.78,38.2,575.82,459.02,395.49,74.67,205.05,566.82,173.47,190.77,250.47,336.81,299.1,212.28,383.52,218.5,410.89,464.76,118.0,732.56,517.64
2025-09-09,189.65,205.26,224.42,373.73,384.54,402.68,113.58,450.6,119.57,313.46,311.11,161.78,95.87,204.81,499.39,113.96,375.57,396.6,728.76,329.55,508.48,194.52,799.05,503.22,161.77,204.77,175.46,116.44,93.38,359.96,276.82,338.56,338.51,239.66,229.81,688.09,133.72,221.51,250.31,606.6,574.86,178.78,295.84,265.4,468.12,264.13,58.29,362.56,41.67,380.58,804.59,121.59,187.06,349.4,507.01,82.89,166.88,544.05,416.85,119.27,239.27,1360.02,321.09,354.33,884.51,287.46,173.76,547.22,126.82,347.64,300.76,140.92,199.04,618.41,298.12,783.65,60.8,217.78,428.22,198.03,206.93,37.99,570.49,449.4,394.46,75.28,200.43,580.06,177.41,189.46,255.11,339.39,300.2,210.91,383.82,219.98,418.47,436.92,114.4,713.89,527.28
2025-09-10,191.08,205.02,218.32,375.73,380.19,406.38,112.67,449.19,128.02,317.73,313.52,160.14,95.39,203.24,493.34,114.15,378.63,397.1,740.94,331.46,506.63,204.95,806.58,488.45,160.48,205.99,176.77,116.19,93.59,357.09,276.86,346.07,336.81,241.28,235.41,662.5,131.95,220.35,251.94,591.04,585.93,181.48,295.78,268.83,448.24,261.1,59.94,370.08,43.66,382.81,767.37,123.18,180.17,349.37,499.4,83.12,167.08,543.51,419.53,119.54,240.74,1451.71,336.42,358.37,882.7,282.76,175.92,553.73,130.9,356.79,304.87,143.25,198.31,627.58,297.02,768.11,60.54,222.02,415.03,195.61,207.64,38.71,563.74,446.19,410.31,74.31,201.32,571.56,179.26,189.42,251.47,336.45,307.37,211.18,359.71,216.61,413.48,427.07,114.06,709.77,521.65
2025-09-11,187.38,207.71,215.17,354.44,376.76,407.06,113.25,445.36,123.42,324.2,316.03,157.89,92.24,199.95,493.35,115.0,371.89,406.6,718.92,331.4,502.27,198.28,828.85,508.43,158.46,210.47,177.81,115.4,90.16,340.95,267.55,348.27,335.27,243.87,235.11,618.82,132.18,231.58,253.68,610.77,555.82,176.55,299.84,264.35,464.17,258.64,62.25,383.85,44.13,384.39,765.99,126.34,182.07,352.08,506.75,81.86,166.25,528.32,428.06,117.69,247.66,1395.66,326.65,358.42,876.99,283.67,177.05,544.32,129.37,354.01,301.23,142.08,200.18,630.51,294.5,769.65,60.28,227.03,418.79,203.09,208.82,40.55,558.49,438.47,417.24,73.89,200.66,566.72,180.8,186.86,251.15,321.37,306.48,206.2,348.48,217.04,410.49,433.64,113.63,702.84,522.7
2025-09-12,187.04,211.23,212.88,362.5,377.75,414.13,113.03,464.03,119.71,327.71,313.15,162.01,93.0,201.54,505.46,112.01,371.27,400.6,695.88,336.06,486.33,199.15,794.26,521.53,163.78,218.37,175.41,113.35,87.31,336.58,258.21,355.55,333.14,246.96,231.77,614.79,133.12,239.81,242.94,609.2,539.09,182.44,298.58,263.22,452.06,251.53,63.37,383.91,44.26,377.83,744.31,126.65,180.68,341.59,501.19,82.22,161.0,516.65,428.67,117.38,252.01,1461.08,335.11,339.4,895.11,280.53,173.08,550.41,130.21,345.61,301.13,138.12,193.98,624.25,297.75,772.74,60.19,226.53,406.65,201.8,201.18,40.54,568.27,435.04,418.07,74.35,199.64,573.53,178.42,179.18,251.9,318.98,318.35,203.02,343.65,219.15,410.5,426.29,118.25,693.29,553.58
2025-09-15,188.91,204.09,214.0,373.26,376.25,403.29,111.81,463.7,118.42,322.33,311.64,161.28,90.92,195.06,497.34,112.82,380.35,397.16,718.49,334.4,503.0,199.75,770.63,515.75,163.99,216.95,173.08,114.72,87.66,340.76,259.29,350.24,333.49,244.93,240.99,628.58,133.27,236.78,237.21,606.17,533.31,185.04,304.57,262.92,439.73,244.83,65.61,389.35,45.82,374.24,749.86,130.24,188.65,343.4,508.9,81.23,159.73,512.93,436.37,117.54,252.39,1410.02,334.52,344.76,933.02,278.42,174.45,551.21,129.26,343.03,305.09,135.47,196.74,617.17,295.65,797.73,59.44,226.77,396.05,196.28,199.63,42.09,585.86,441.13,431.71,73.07,201.04,584.33,176.93,179.74,254.42,316.33,315.66,204.65,339.53,216.03,421.87,438.16,119.93,689.56,529.67
2025-09-16,189.81,202.21,215.78,365.19,378.07,408.33,109.42,453.97,115.03,317.59,307.45,160.58,89.82,204.79,497.22,116.89,386.87,391.45,737.9,333.26,499.01,202.26,801.47,526.87,164.64,212.9,177.9,115.92,87.76,361.67,253.53,340.14,316.14,244.78,241.31,603.05,134.36,242.75,227.98,623.59,542.27,177.06,296.66,265.72,430.48,250.14,66.65,384.74,44.92,369.93,755.16,130.37,186.76,354.72,513.32,83.59,158.17,516.47,434.83,116.19,258.35,1386.46,326.03,341.17,897.66,282.02,173.67,556.16,132.22,354.03,295.02,137.66,197.39,599.07,295.81,807.33,57.94,228.11,420.16,195.23,189.14,42.34,615.38,442.13,452.18,73.96,203.66,564.28,174.17,177.64,259.39,313.21,331.02,203.76,344.73,213.39,415.52,431.0,123.91,683.52,517.02
2025-09-17,190.36,203.74,215.78,360.6,388.45,399.49,110.94,439.58,113.81,325.8,304.99,164.04,91.92,208.28,494.57,115.83,391.85,389.87,708.32,334.0,498.62,201.74,832.22,524.45,166.91,208.25,179.55,114.78,91.36,342.44,254.13,337.71,314.45,242.72,245.86,604.01,132.66,250.65,223.56,615.27,549.54,185.2,285.82,268.77,432.55,259.91,66.66,389.6,45.47,367.51,774.72,130.8,194.43,354.64,504.17,80.41,155.63,520.6,437.88,115.19,258.01,1323.63,323.89,336.12,907.33,282.16,174.79,577.93,130.71,359.77,287.23,138.96,200.93,591.45,308.47,808.55,58.52,227.49,422.21,195.53,194.64,41.13,636.75,446.47,453.48,72.34,196.87,560.46,172.39,179.69,260.16,316.79,337.09,203.69,359.58,216.23,408.53,422.93,121.04,681.59,520.97
2025-09-18,187.64,210.61,208.66,356.01,390.16,396.28,113.32,459.01,116.8,322.08,300.33,160.23,93.53,207.01,480.81,115.89,386.49,379.22,708.75,327.45,521.89,205.52,829.35,534.41,166.62,200.26,179.01,115.45,90.75,364.2,260.23,347.5,313.92,246.23,249.49,604.41,133.11,249.6,225.52,620.91,554.82,189.43,292.05,261.26,457.57,263.18,64.47,389.04,46.83,376.39,768.08,129.43,203.0,355.27,497.05,82.77,155.77,526.53,425.72,115.32,250.68,1290.13,328.12,332.41,910.65,286.48,168.5,586.16,130.13,363.96,295.68,135.51,201.5,576.85,309.14,824.94,58.17,222.13,415.14,197.68,204.45,42.04,637.48,444.58,443.8,71.96,204.54,552.65,172.79,182.75,264.99,313.24,345.11,203.35,366.35,212.22,395.54,395.88,124.53,693.54,525.51
2025-09-19,182.88,212.09,207.67,359.03,383.82,394.15,114.6,454.68,117.55,327.59,301.53,157.38,93.15,212.76,480.3,111.14,383.25,370.56,685.32,334.39,518.41,208.54,819.92,516.2,169.88,196.94,181.03,114.54,90.62,340.59,258.48,348.06,317.96,245.37,246.05,602.27,134.41,256.62,218.43,620.42,553.44,190.16,300.03,256.68,432.63,266.86,64.37,391.06,47.16,365.74,762.79,132.65,207.37,360.47,496.45,85.75,159.03,524.73,424.45,112.7,263.44,1272.01,331.35,337.11,877.7,287.17,162.97,586.82,130.48,363.98,286.38,133.78,199.04,577.27,307.7,837.18,58.82,216.48,418.95,192.23,200.64,41.03,658.73,451.39,449.45,72.71,207.99,552.42,171.14,182.02,264.96,322.05,350.41,203.16,380.89,211.08,393.72,364.4,126.83,704.84,543.36
2025-09-22,179.65,205.01,208.74,373.58,392.46,391.01,115.82,444.38,119.19,319.69,303.43,154.15,96.51,214.42,490.55,110.95,371.14,370.61,651.29,327.13,518.36,206.14,799.56,502.83,171.29,198.06,179.76,113.47,92.25,351.39,259.74,348.06,318.47,247.67,244.01,640.71,135.8,267.59,218.35,594.22,552.56,185.81,300.8,256.73,450.07,258.89,65.09,387.32,47.17,368.67,764.2,128.74,206.22,366.01,500.38,83.79,155.75,512.93,424.94,113.59,250.09,1230.43,339.41,332.22,862.9,293.44,160.78,580.99,129.01,350.47,285.81,135.44,201.26,579.32,314.07,832.05,59.46,219.84,417.84,192.76,206.04,41.4,663.05,449.73,445.94,72.77,209.65,561.97,172.48,183.91,273.33,323.56,346.31,196.5,377.58,209.58,390.01,371.99,122.5,701.31,561.91
2025-09-23,180.61,204.72,199.82,367.73,387.78,392.2,114.88,434.7,117.31,324.88,311.44,150.58,97.04,219.95,490.46,112.82,367.78,375.46,667.36,323.25,506.33,207.89,773.79,509.4,167.21,193.54,175.06,112.4,92.79,319.04,257.37,343.63,311.08,242.46,243.08,646.15,134.46,280.53,220.7,572.92,550.25,178.0,309.77,246.37,446.32,262.73,65.86,381.56,46.32,370.31,728.7,130.81,212.27,360.25,494.71,87.27,152.08,511.71,440.7,114.08,260.8,1218.39,348.99,341.06,884.15,294.32,161.12,584.61,131.84,351.2,283.45,134.95,203.22,575.28,308.74,817.63,59.88,222.09,423.42,195.48,211.22,40.7,639.08,445.09,449.04,75.27,211.59,573.22,174.55,185.15,266.59,331.16,345.31,191.26,378.9,208.51,389.77,361.36,118.09,683.6,577.18
2025-09-24,180.67,209.15,200.43,367.83,382.86,398.06,114.82,451.12,114.13,326.33,310.65,155.16,100.8,214.22,497.21,112.48,374.68,368.7,621.36,322.6,509.97,202.13,752.54,520.04,168.49,199.92,177.43,112.35,93.47,314.02,268.68,341.89,308.64,245.14,239.44,663.18,134.54,274.19,211.98,559.13,559.49,179.03,309.11,250.21,448.68,255.68,64.11,373.71,46.96,374.26,770.75,131.0,207.6,359.48,500.43,86.12,150.49,507.29,439.7,117.49,257.23,1210.12,342.77,356.02,962.74,291.91,156.49,586.26,132.42,360.2,288.08,136.53,199.03,582.41,311.21,807.4,59.6,221.94,408.61,199.51,213.79,39.57,655.84,448.29,448.94,75.91,203.38,582.03,170.2,184.46,268.84,332.85,337.46,189.71,373.05,212.5,389.8,368.45,116.98,707.82,582.57
2025-09-25,179.44,209.03,206.19,384.05,384.37,398.04,116.03,439.8,107.9,319.13,314.49,155.99,101.81,210.61,501.33,114.72,370.41,377.04,611.98,323.18,529.92,201.45,788.16,509.32,161.84,205.02,176.67,112.88,89.05,324.43,265.54,340.43,311.81,246.75,236.98,674.82,135.87,280.98,212.02,560.35,569.72,185.93,306.79,251.76,432.78,261.09,63.25,368.94,47.21,365.76,784.45,125.01,204.54,359.9,499.71,83.18,152.18,496.36,442.16,121.75,269.27,1284.76,349.15,357.62,987.84,287.67,153.29,574.07,129.54,368.46,309.04,130.84,200.12,584.79,308.11,838.57,59.73,218.08,415.07,199.55,202.72,39.76,701.55,452.39,443.45,74.73,201.4,596.6,170.1,180.53,275.76,338.15,336.26,194.21,389.46,212.17,387.06,380.88,115.37,702.43,602.02
2025-09-26,183.59,210.01,208.21,393.95,378.84,394.4,116.3,434.85,111.19,320.78,309.2,157.81,100.3,209.59,492.64,109.72,364.8,395.19,573.56,327.04,524.82,201.94,787.64,512.8,155.23,207.45,179.01,114.52,88.25,336.03,272.79,340.79,319.59,245.06,238.14,688.04,134.79,281.35,216.85,573.72,606.57,183.93,298.11,248.54,422.02,268.04,64.52,367.74,50.11,364.08,811.52,124.47,202.54,354.28,506.13,82.28,155.23,499.75,449.74,118.24,263.95,1255.24,355.53,362.15,959.35,285.05,150.4,583.31,126.67,376.85,320.35,128.73,199.91,589.25,309.66,849.65,60.72,220.48,436.01,196.28,205.3,40.26,737.64,452.0,444.94,73.38,202.46,590.09,169.21,184.22,275.73,341.62,323.03,187.5,405.77,212.13,386.58,393.55,113.04,695.48,629.16
2025-09-29,183.3,204.47,211.46,376.61,366.36,394.93,115.68,409.34,111.72,316.48,314.81,156.35,100.37,205.61,492.16,110.04,362.78,392.92,554.93,327.55,525.14,205.06,771.88,507.72,151.89,213.11,182.44,112.42,89.9,336.02,282.93,344.85,319.72,240.87,235.1,693.25,135.03,284.47,208.87,583.35,598.08,185.61,304.63,245.6,419.56,270.83,63.74,367.55,48.97,371.44,788.8,120.51,209.05,347.52,500.5,83.54,155.39,505.38,456.21,116.86,252.98,1248.29,354.57,371.46,931.79,281.69,150.96,589.73,128.86,388.08,319.94,126.84,203.54,588.19,314.56,862.98,60.9,224.6,424.51,200.81,198.85,40.42,746.58,453.91,435.59,72.72,201.59,603.9,168.57,186.9,281.1,334.09,331.57,185.74,398.21,210.68,388.64,391.41,118.42,689.27,603.7
2025-09-30,178.74,209.3,208.49,376.86,371.26,392.85,115.12,407.08,111.93,335.24,308.92,160.47,101.57,200.55,482.28,109.55,362.23,389.68,540.82,324.75,541.07,194.95,788.34,499.23,149.51,216.01,181.07,111.64,87.82,321.1,286.72,340.65,315.39,244.3,225.84,687.66,136.61,280.71,210.74,594.94,561.85,184.81,301.56,242.29,414.46,266.49,61.89,364.41,49.11,387.0,769.93,118.91,211.1,334.42,499.57,84.87,155.35,508.07,468.99,120.4,252.94,1219.44,360.34,373.22,934.41,283.17,145.68,582.18,129.21,383.19,310.48,127.18,202.91,590.09,312.4,873.54,61.74,222.65,419.84,202.34,197.6,40.53,735.14,454.29,445.82,71.33,203.83,613.39,170.19,186.05,279.41,335.3,333.71,190.11,402.75,213.64,385.07,406.66,120.78,661.19,570.62
2025-10-01,176.8,205.71,215.35,373.92,365.32,402.08,113.24,394.5,112.98,345.57,312.24,160.21,103.03,199.08,498.45,108.18,356.7,376.5,543.25,322.03,526.52,193.71,775.59,493.13,149.1,216.98,179.85,110.15,86.42,324.8,278.69,342.01,317.06,244.9,230.55,665.33,137.67,289.54,219.09,575.24,550.58,181.01,304.38,247.3,418.32,266.7,63.43,364.77,48.68,380.08,799.73,119.05,215.54,335.2,486.67,87.11,157.03,500.37,476.73,121.28,255.58,1204.18,363.25,370.08,925.97,288.77,150.42,599.91,126.94,372.16,318.0,131.64,201.22,589.87,308.73,891.06,62.92,224.25,417.18,197.41,197.16,39.67,736.79,461.95,429.16,70.74,205.83,619.82,172.42,185.15,280.59,327.89,326.62,189.07,394.9,215.82,389.15,400.98,120.68,668.06,590.55
2025-10-02,178.89,199.95,214.59,392.08,362.6,414.07,112.22,405.65,111.16,341.45,302.61,162.51,104.74,197.93,503.11,110.04,351.29,382.76,523.55,326.59,532.7,191.1,750.42,488.27,146.71,215.61,176.47,112.72,82.96,322.8,286.97,345.17,319.98,252.23,224.05,650.0,136.89,283.69,216.19,587.06,549.39,184.97,309.48,244.56,415.76,267.5,63.79,363.4,48.39,390.28,798.74,120.23,212.2,319.52,489.65,88.17,157.5,492.55,486.49,121.09,266.16,1185.52,371.41,367.56,944.4,290.44,149.96,617.2,126.99,368.89,313.68,131.81,203.35,585.04,318.15,873.11,64.34,220.56,406.28,194.41,197.07,41.51,725.33,456.23,417.3,70.16,209.08,613.05,173.73,182.29,274.83,340.26,337.03,183.93,398.29,216.52,395.82,409.27,115.71,648.84,589.57
2025-10-03,178.49,203.36,217.21,410.84,352.63,409.69,110.91,396.09,110.1,333.86,305.53,160.25,105.86,191.23,485.94,107.14,340.83,397.94,522.36,319.94,533.54,191.51,800.86,457.17,145.03,214.81,176.58,111.49,79.13,319.18,282.12,340.94,324.87,249.63,228.66,640.48,139.82,278.75,220.64,579.2,544.65,178.45,305.67,244.07,409.96,265.44,63.73,365.24,48.28,388.09,795.99,125.1,209.89,328.47,488.53,93.38,158.23,502.87,487.49,120.53,267.95,1151.82,364.7,374.07,980.79,288.65,153.13,603.22,125.09,361.02,308.88,134.0,202.71,578.32,315.29,872.87,64.22,219.22,395.5,196.03,191.5,41.94,704.47,459.0,427.88,71.27,209.54,611.15,172.78,178.01,272.26,339.69,339.28,185.64,401.28,217.82,387.93,423.92,115.27,660.64,618.95
2025-10-06,175.62,214.28,218.58,431.58,340.5,415.05,111.18,398.26,106.02,331.21,308.34,158.87,105.17,183.05,494.55,106.25,335.12,389.74,505.02,317.37,520.8,188.86,814.23,456.42,144.42,218.88,171.63,110.3,80.95,314.67,299.5,340.24,336.69,246.35,223.45,643.07,139.7,271.89,211.39,576.64,536.17,188.63,310.32,246.19,406.93,257.28,64.74,372.28,48.09,384.27,766.65,130.2,212.46,327.7,495.33,93.73,161.82,506.03,492.12,120.27,261.96,1142.33,357.0,363.9,938.31,289.42,151.22,599.42,125.65,367.03,303.76,133.74,198.41,583.93,320.48,859.82,63.71,216.15,395.61,193.93,187.7,41.94,712.54,455.13,417.57,70.68,207.76,608.06,173.29,178.46,263.75,342.33,342.25,186.3,389.55,216.92,386.4,437.85,113.23,627.7,625.0
2025-10-07,179.04,219.48,224.68,402.55,333.25,424.68,108.98,423.09,108.23,337.47,303.74,159.98,105.49,184.67,494.71,103.77,337.0,392.25,501.25,317.3,532.99,186.38,809.92,454.09,146.12,204.17,172.5,110.61,80.76,308.9,284.71,329.6,336.79,245.68,226.69,636.35,137.91,271.17,213.85,567.01,543.27,189.72,303.14,243.86,422.45,262.56,63.57,371.21,48.69,371.45,769.95,131.02,215.0,334.86,491.64,93.57,161.98,494.32,486.1,121.16,261.98,1172.95,364.2,348.46,927.78,282.0,149.37,610.98,127.24,361.54,294.04,131.13,203.37,584.79,323.7,872.88,62.4,213.67,387.51,197.41,181.81,42.02,676.51,459.82,429.92,69.92,215.66,603.9,173.11,181.86,262.92,342.11,347.69,185.55,397.56,217.5,388.06,449.92,115.54,622.48,619.7
2025-10-08,178.78,225.78,225.94,400.77,340.46,423.42,106.23,449.34,103.9,344.03,304.78,166.47,108.8,185.78,500.02,103.68,338.78,397.65,509.69,317.8,533.87,188.76,797.49,449.39,141.85,190.7,170.59,110.54,79.85,325.43,275.49,332.83,338.71,245.01,231.85,629.96,135.56,267.03,216.28,592.5,524.16,192.51,296.39,245.96,414.57,259.43,63.62,378.46,48.04,373.75,778.62,132.05,211.73,329.35,490.47,93.88,160.19,505.43,496.24,121.1,249.23,1178.02,357.43,342.55,964.5,276.89,151.61,593.62,127.6,361.61,297.64,133.11,201.77,588.34,314.74,873.24,62.66,210.05,390.1,206.72,177.76,41.03,664.97,453.58,449.86,68.95,213.63,622.74,171.13,182.13,257.67,343.2,343.61,182.17,375.17,219.33,389.94,459.65,118.36,625.72,630.53
2025-10-09,177.44,223.51,233.7,408.14,342.29,442.82,105.85,446.66,100.63,354.06,313.69,166.5,105.67,185.77,498.63,105.46,336.33,408.86,520.55,321.33,523.56,192.68,790.43,446.36,137.35,188.23,169.56,110.81,79.65,333.96,269.94,329.23,333.91,252.23,237.18,622.44,134.58,275.6,210.06,574.1,549.67,184.51,291.3,239.71,406.19,261.67,64.7,376.81,48.99,372.93,757.27,130.86,210.74,331.24,470.61,92.67,160.99,500.94,510.77,123.03,250.15,1161.93,353.91,340.33,964.79,268.74,154.04,599.83,123.83,363.99,303.37,127.84,202.44,592.69,310.46,885.87,61.12,212.09,368.52,209.3,179.17,40.94,651.73,446.36,446.66,70.43,212.59,607.06,169.57,179.8,259.33,346.11,349.03,179.41,357.36,219.99,382.34,467.25,119.83,633.24,612.66
2025-10-10,174.26,222.77,228.64,399.35,344.32,438.6,105.25,458.21,103.57,373.14,314.16,164.68,101.69,181.36,502.63,103.78,335.53,395.28,510.69,317.81,525.72,190.71,829.89,441.64,138.17,189.02,170.1,111.88,83.25,332.78,265.64,337.29,346.17,250.97,240.29,607.71,134.97,274.51,211.66,551.87,570.35,181.15,287.37,237.55,408.81,251.67,63.63,372.61,49.43,370.65,743.51,129.9,209.72,317.51,483.46,89.82,157.7,500.39,509.22,127.91,242.61,1170.55,352.21,347.26,956.07,265.86,150.51,602.04,128.91,360.93,317.24,124.93,206.66,594.32,306.04,890.46,60.47,213.29,364.83,211.07,183.49,42.42,647.68,447.52,445.77,69.5,213.36,615.56,172.71,176.3,254.77,348.85,356.54,177.56,350.53,219.74,385.18,481.51,115.65,623.64,620.33
2025-10-13,175.82,229.51,232.27,421.53,340.82,431.1,105.06,438.0,101.46,390.5,313.33,163.98,102.63,179.76,504.46,104.19,333.51,399.14,503.73,317.47,525.98,187.42,814.86,413.5,138.18,192.32,170.47,110.91,80.54,355.07,268.18,336.31,341.47,248.21,239.21,601.93,137.99,270.71,211.62,550.19,550.64,182.25,288.21,233.25,417.86,250.35,64.99,367.24,49.3,365.21,764.45,132.88,210.45,315.59,472.25,90.64,159.62,494.26,511.37,127.48,246.63,1155.58,359.04,343.3,967.96,269.03,153.07,604.1,128.7,366.22,329.68,124.06,208.69,594.91,300.39,924.78,61.58,214.91,367.9,216.55,181.86,41.11,632.0,448.47,432.06,70.58,221.2,625.42,170.06,178.41,251.27,346.94,355.23,177.97,351.16,221.04,394.39,484.47,120.19,611.72,606.4
2025-10-14,177.52,229.86,230.37,429.8,324.92,430.16,104.59,438.32,102.65,373.34,312.03,162.88,103.0,183.03,508.5,99.17,346.58,398.76,490.53,317.04,529.05,188.46,835.45,425.5,135.2,188.87,172.15,111.3,80.23,356.8,258.6,343.87,342.42,243.36,251.78,579.8,136.6,274.85,216.75,539.38,553.42,180.98,293.68,230.9,416.59,248.89,65.32,361.53,50.08,360.23,730.4,126.93,212.66,316.89,473.61,91.45,161.07,505.22,505.85,130.2,251.71,1164.28,368.6,331.19,952.01,273.7,148.93,594.78,128.63,366.47,332.3,123.79,211.98,604.69,301.32,916.33,60.67,221.82,382.4,210.79,174.6,42.03,594.53,454.46,439.19,70.52,225.98,635.12,177.09,181.65,248.29,345.18,363.06,182.33,355.66,219.15,383.33,472.69,118.92,603.93,576.67
2025-10-15,179.03,221.42,239.96,414.81,324.29,423.11,103.88,442.91,96.29,377.63,316.66,161.47,103.06,180.84,508.31,95.11,351.54,401.89,488.56,317.87,511.6,178.26,854.89,413.78,135.83,190.06,171.96,110.21,75.48,353.99,251.87,349.63,342.1,236.13,246.77,589.94,136.04,276.27,212.2,525.3,565.17,179.94,290.53,230.33,424.42,255.49,64.59,362.55,48.43,347.25,719.54,125.82,205.15,324.05,468.99,90.25,161.23,499.1,494.45,131.82,254.46,1181.01,369.51,336.52,974.74,280.1,145.64,595.05,127.03,367.6,317.7,124.23,212.15,618.07,299.03,934.88,61.5,219.81,368.45,205.31,171.77,40.75,576.99,458.36,461.75,71.46,226.45,634.96,178.65,185.26,245.4,349.71,377.78,181.34,371.17,221.26,381.41,454.5,119.95,591.5,573.5
2025-10-16,177.51,229.46,240.63,415.37,305.2,424.8,105.53,442.7,94.32,373.47,314.17,161.34,103.35,186.48,495.75,96.33,361.07,396.38,502.85,316.15,516.3,177.77,852.55,412.65,139.67,190.7,170.42,114.48,75.45,369.19,257.02,353.7,341.33,231.18,242.08,575.7,136.66,268.15,203.67,511.45,575.47,176.1,290.58,231.68,407.65,259.73,65.89,364.65,48.3,355.39,677.2,124.63,205.07,318.25,462.54,87.92,163.11,496.53,492.0,131.51,248.81,1210.92,373.57,340.13,987.99,282.78,148.16,597.23,127.0,371.87,318.03,125.0,215.62,608.06,297.52,948.89,61.44,221.62,350.74,205.95,175.37,41.36,603.86,460.35,469.49,70.05,230.04,620.79,176.11,184.08,247.0,350.83,377.24,181.41,378.02,223.42,382.64,476.2,116.44,621.42,569.35
2025-10-17,176.2,233.36,236.46,400.4,302.5,417.64,103.69,440.58,99.69,369.83,310.37,159.86,103.95,187.42,499.43,98.16,365.76,400.62,489.9,324.52,526.91,178.66,825.8,416.98,136.29,194.42,171.87,116.66,74.15,366.44,264.09,354.36,343.06,230.64,239.84,582.58,139.7,261.16,205.28,509.61,600.88,177.24,284.34,229.35,424.0,255.25,66.34,362.92,48.57,351.55,727.28,118.37,198.13,316.17,455.07,87.92,157.69,495.57,483.56,133.8,248.9,1211.66,363.16,343.83,953.44,281.78,145.66,593.0,124.68,368.02,319.73,124.68,221.3,607.16,299.04,981.27,61.24,221.11,348.94,206.51,183.08,42.56,585.91,462.48,472.39,70.4,226.44,616.98,177.5,180.22,250.66,356.92,379.31,180.74,384.95,225.42,378.84,479.73,116.65,630.19,588.82
2025-10-20,180.98,236.79,232.96,405.83,307.89,420.31,104.67,441.21,100.73,366.81,309.77,158.69,106.57,187.02,500.94,100.53,360.42,409.67,478.54,319.76,536.5,178.75,828.62,410.66,137.53,205.16,172.82,116.1,72.22,379.18,261.56,345.21,344.83,224.61,238.85,582.79,137.84,266.95,186.8,502.81,606.03,185.01,284.32,225.99,412.32,264.87,67.93,364.13,48.28,366.1,769.15,118.46,196.95,331.1,452.64,89.23,156.92,500.39,497.82,133.81,251.06,1182.82,353.08,357.82,928.84,292.12,153.59,591.66,124.89,381.7,305.96,126.0,223.68,610.43,295.02,965.98,60.83,218.9,350.13,207.42,180.94,43.93,606.19,464.3,475.6,69.44,217.93,637.37,180.07,179.55,246.83,352.34,390.98,182.01,382.77,220.57,376.95,459.12,114.06,621.61,582.01
2025-10-21,182.97,233.46,239.6,423.89,313.46,419.76,103.86,434.67,96.41,374.25,308.64,161.61,106.91,189.37,499.09,98.72,364.59,392.63,467.74,328.44,532.39,180.51,835.37,404.02,126.83,209.44,169.18,117.3,70.4,383.12,255.94,341.38,341.12,219.29,244.71,557.33,138.95,261.79,187.73,513.42,621.55,182.53,286.61,233.64,429.07,261.94,69.47,365.72,48.63,364.77,753.96,121.21,195.87,325.8,451.04,91.71,160.65,497.95,495.5,136.98,247.97,1196.24,359.37,367.42,892.41,292.64,153.0,588.99,122.61,390.92,299.95,123.27,230.15,609.47,293.19,947.01,60.75,219.08,344.16,206.74,182.74,42.73,614.08,460.48,455.64,69.87,224.02,624.32,181.34,175.03,245.08,356.56,396.39,182.97,379.16,226.08,382.74,464.52,112.96,632.61,591.42
2025-10-22,186.82,231.04,229.69,419.19,309.69,409.7,104.55,463.99,100.82,382.52,310.6,165.18,105.7,184.78,503.29,99.84,376.55,390.95,470.92,338.94,544.34,184.84,806.07,394.83,125.73,213.09,170.06,117.78,68.3,372.3,261.6,348.45,332.28,216.57,236.42,543.73,137.57,271.38,192.5,501.36,622.07,193.11,295.66,234.41,426.94,261.64,71.54,367.13,46.98,374.86,739.42,122.39,186.32,325.27,450.58,89.68,158.9,493.1,486.0,137.98,244.24,1219.23,339.66,371.54,866.49,294.2,154.96,580.68,121.3,402.99,295.93,124.65,228.31,609.39,288.21,920.21,61.14,217.43,328.49,204.16,185.88,42.24,616.72,475.98,450.46,71.35,228.33,617.43,182.21,174.7,239.58,365.77,402.97,182.93,370.08,227.44,387.92,440.49,116.03,624.6,581.99
2025-10-23,187.93,231.33,223.69,432.01,333.35,410.24,105.02,456.85,99.28,374.89,308.98,163.88,106.25,180.64,501.37,103.19,375.27,395.83,461.09,334.13,532.88,188.38,821.68,400.62,128.59,214.19,171.34,114.7,68.5,364.3,265.78,352.43,329.33,213.22,239.9,551.12,135.35,284.41,197.13,497.42,617.61,192.93,301.25,234.06,439.54,260.46,74.66,365.59,46.48,373.7,742.49,121.01,185.37,323.07,442.75,90.76,162.18,497.88,489.71,140.54,241.28,1177.9,353.18,364.74,855.1,293.68,155.42,586.97,123.49,401.18,298.89,130.25,225.14,603.21,282.27,891.98,61.61,212.18,329.47,201.28,198.51,41.0,618.95,483.86,431.47,72.52,225.05,616.73,179.18,173.06,239.09,370.29,393.66,184.87,379.32,236.68,391.73,426.43,118.26,621.22,581.58
2025-10-24,189.13,228.67,227.22,427.64,351.11,410.02,102.18,469.98,98.48,389.14,309.85,160.87,109.56,181.99,492.99,104.3,384.0,394.6,460.92,334.25,508.81,191.06,827.04,395.89,132.94,212.74,174.41,114.77,70.72,354.55,252.38,352.36,326.12,212.64,243.91,562.43,137.78,280.9,191.64,500.82,615.67,196.7,306.25,234.67,426.71,252.4,74.08,364.34,45.79,372.11,742.12,121.72,181.24,326.57,431.09,92.76,160.74,502.54,484.86,144.4,250.68,1155.26,347.22,375.19,844.51,281.38,149.7,585.97,124.41,400.08,301.51,131.55,226.76,617.23,287.32,903.3,61.36,208.92,321.79,199.4,203.14,42.04,607.23,479.46,435.74,72.88,220.34,598.39,176.52,170.7,241.41,367.88,394.47,180.91,371.21,238.44,387.9,422.39,117.52,629.78,572.9
2025-10-27,187.47,222.83,235.2,427.32,351.74,422.73,103.09,444.5,101.25,385.25,315.22,160.06,108.86,183.54,496.37,105.93,382.9,398.12,497.53,337.16,513.78,191.6,880.38,401.98,138.06,215.98,176.71,116.68,68.46,356.09,249.26,351.82,330.72,213.52,251.24,564.59,134.67,282.76,198.2,501.2,580.69,187.52,305.41,232.36,413.16,252.2,74.32,371.29,46.79,362.96,741.4,123.9,187.9,321.86,427.35,92.94,161.68,499.21,482.21,144.16,258.53,1127.42,338.55,383.94,832.56,282.02,146.41,576.95,124.11,402.14,295.42,132.94,220.17,621.25,290.63,869.03,63.61,206.68,316.87,200.91,197.3,41.61,597.65,482.79,430.61,72.88,224.05,602.89,177.47,173.21,245.17,355.55,389.23,185.02,373.3,237.82,384.51,402.43,118.32,620.15,613.0
2025-10-28,188.11,225.21,232.01,434.45,352.61,438.47,103.53,451.92,104.51,394.05,313.66,160.14,106.17,188.88,493.51,102.36,394.08,391.89,476.55,337.32,522.08,189.4,871.13,393.88,139.42,209.3,174.06,117.11,68.7,336.75,241.36,352.04,336.29,208.67,251.07,566.06,134.76,281.57,198.08,507.35,600.01,179.5,298.92,230.25,428.65,253.73,75.25,372.16,45.32,369.71,708.84,123.69,187.68,323.28,435.35,93.99,161.23,488.51,482.52,143.55,260.37,1156.35,340.85,390.69,828.69,285.92,142.23,576.62,123.44,411.86,300.55,129.05,226.69,631.86,288.16,881.91,62.99,204.2,301.86,194.46,199.86,40.01,597.44,474.77,447.04,73.76,227.4,595.07,176.08,171.27,244.05,359.7,389.2,182.7,386.54,241.3,375.9,414.81,119.98,610.5,602.98
2025-10-29,184.9,230.19,232.25,429.03,364.33,425.73,102.8,453.31,104.44,383.9,317.28,160.28,106.73,185.8,492.94,102.76,389.41,399.62,485.22,333.44,533.27,190.17,876.04,394.41,142.05,209.69,173.45,118.05,69.51,330.12,241.88,354.42,334.09,208.49,258.91,554.43,132.35,279.7,197.8,509.58,596.49,177.68,302.27,230.7,425.94,251.68,73.13,368.12,43.12,373.89,673.74,120.02,190.85,328.16,424.34,96.18,163.61,482.92,494.12,143.01,261.41,1138.69,345.23,402.98,819.13,283.2,146.29,573.76,123.52,417.29,309.53,128.14,226.07,620.4,288.39,877.07,63.33,205.53,324.64,196.09,201.63,40.25,618.3,475.87,457.69,72.85,226.34,602.74,174.65,166.66,248.1,360.81,386.01,183.7,401.88,245.7,381.22,409.73,120.67,596.94,629.23
2025-10-30,186.01,230.14,221.77,438.52,354.27,428.14,102.84,469.71,103.7,391.12,319.61,162.37,106.63,188.72,491.76,105.51,390.27,416.05,468.94,332.48,546.5,192.41,886.54,415.15,141.74,209.73,177.47,121.54,72.14,327.49,238.32,351.14,327.61,206.47,254.23,530.64,135.12,277.71,198.36,532.07,621.78,171.86,296.51,232.25,417.81,246.7,73.72,367.02,41.72,383.3,673.74,123.21,192.21,327.03,423.57,92.89,165.23,479.37,474.82,144.13,252.56,1126.87,352.12,408.12,832.18,273.05,143.92,586.39,120.67,422.4,316.06,128.78,219.56,627.29,286.39,850.59,62.94,209.82,330.23,194.52,202.92,41.31,627.24,491.01,465.28,73.22,221.96,595.04,177.31,164.54,251.42,369.51,391.98,181.3,391.81,247.87,387.33,409.92,121.74,604.32,628.5
2025-10-31,187.52,230.63,220.16,425.79,354.9,447.3,103.94,478.93,104.16,390.97,319.18,170.71,104.15,186.01,491.12,104.66,384.46,416.52,461.4,333.36,536.19,183.08,884.88,398.41,142.48,199.46,176.64,122.1,73.63,346.75,237.05,352.25,335.75,205.65,253.13,492.34,134.48,277.12,197.06,520.04,612.34,171.34,305.16,231.61,429.57,239.72,77.26,361.67,41.74,382.19,657.48,121.57,186.32,325.32,420.99,92.11,163.44,480.72,455.58,145.04,250.93,1175.24,342.46,424.31,820.45,274.28,145.78,582.71,122.99,429.92,316.49,130.36,211.19,625.39,291.0,860.52,62.87,206.02,320.94,193.73,199.59,41.74,664.55,486.82,445.76,73.29,224.42,584.44,177.72,164.68,249.12,381.23,381.85,183.95,394.47,243.86,385.99,406.88,118.21,593.34,617.49
2025-11-03,185.01,228.78,215.21,426.3,349.71,465.68,104.21,477.92,105.5,382.37,315.76,167.46,102.13,180.71,490.44,101.61,384.23,401.28,444.2,334.8,544.28,175.14,928.43,423.05,145.04,197.7,172.51,124.9,74.89,353.32,240.7,358.39,340.39,204.75,246.79,462.81,132.45,276.56,186.83,523.49,630.5,170.13,297.08,228.8,428.1,232.07,76.6,372.88,42.26,384.75,665.68,125.14,186.44,326.95,412.34,94.3,160.72,479.46,467.06,149.0,257.86,1151.47,343.98,420.44,823.55,274.62,148.63,569.11,127.85,435.75,319.34,135.32,219.83,633.45,292.07,847.02,62.72,198.75,312.52,193.45,201.7,42.25,667.64,499.33,443.89,72.79,218.82,583.72,177.2,166.87,250.58,376.72,364.97,185.92,402.73,245.78,387.76,404.94,117.23,605.93,623.19
2025-11-04,192.1,227.33,218.17,433.15,367.49,465.54,102.86,472.71,104.97,371.52,316.84,163.93,101.69,182.24,483.84,101.31,370.12,411.69,430.08,342.82,531.31,183.5,974.32,420.71,146.55,205.42,171.83,125.32,72.54,350.99,249.82,354.63,344.66,202.93,248.02,456.31,134.51,288.92,187.28,527.15,649.96,171.77,297.6,225.29,434.72,231.97,75.1,369.24,40.47,388.3,652.85,125.32,185.23,327.28,406.73,90.71,161.53,478.06,463.34,148.41,259.71,1136.94,341.36,421.74,790.85,274.5,144.01,563.51,130.74,444.7,306.15,137.24,217.71,632.29,299.91,855.29,63.17,198.68,314.64,193.22,207.85,41.48,681.22,495.64,446.29,73.03,222.26,573.18,178.31,166.65,255.16,365.53,368.86,183.4,401.52,251.19,392.19,394.72,118.13,610.5,628.45
2025-11-05,191.48,227.19,211.24,440.88,368.03,469.32,104.04,451.72,107.44,354.35,318.3,169.05,104.75,186.42,472.32,97.04,368.07,413.42,422.62,333.58,505.3,180.12,955.19,425.28,143.98,199.59,170.65,127.39,71.98,358.81,242.39,357.21,348.63,197.8,242.86,463.36,133.57,291.31,193.48,544.4,626.74,166.14,279.34,227.79,420.76,232.88,74.71,359.51,40.9,388.49,635.57,125.96,181.6,330.62,406.4,88.25,160.34,479.18,464.17,157.08,265.95,1118.55,333.24,410.05,771.88,285.16,142.15,566.4,133.35,452.42,308.92,134.93,216.26,625.45,303.92,836.86,61.75,190.87,323.32,198.07,218.4,40.53,684.48,516.84,451.28,72.24,221.03,570.24,177.25,168.88,258.1,369.39,367.4,180.93,386.14,255.57,395.15,432.52,117.8,613.12,648.11
2025-11-06,188.3,223.37,208.77,430.7,366.38,448.03,103.39,464.89,110.34,352.4,316.04,169.51,105.42,186.49,462.59,100.26,371.54,425.14,416.31,339.41,505.27,177.36,977.15,415.87,148.8,202.87,174.59,127.58,74.38,350.99,242.46,348.5,354.89,197.41,248.65,458.2,133.98,296.61,198.47,552.06,633.36,170.18,273.71,226.86,426.39,230.3,75.77,361.05,39.58,393.04,644.71,126.81,186.04,324.24,411.12,86.93,161.21,481.8,461.3,155.04,268.85,1092.43,330.25,408.93,787.92,287.92,137.94,560.04,134.34,446.97,309.73,134.42,210.28,617.73,304.03,856.47,61.51,191.95,328.89,195.55,221.28,41.07,717.18,518.39,445.6,70.91,218.52,562.55,178.43,169.88,261.41,366.2,380.42,185.13,392.26,250.11,390.59,436.62,118.92,611.11,648.98
2025-11-07,186.72,230.89,212.81,413.05,361.04,453.31,103.49,475.5,109.72,358.4,313.87,162.37,103.04,182.79,454.14,101.58,371.5,425.26,434.0,338.36,509.0,169.4,957.88,425.31,149.07,209.83,176.1,127.97,73.16,338.14,237.54,350.35,348.75,193.57,246.26,450.75,131.09,310.85,192.52,535.69,644.37,172.16,278.4,229.31,438.65,229.31,74.42,361.12,39.97,383.46,604.17,123.08,188.71,329.91,394.52,85.38,159.94,477.86,462.72,155.69,269.61,1082.6,330.79,411.14,765.08,285.49,133.06,547.8,133.62,431.26,311.27,138.76,203.26,616.81,298.64,865.21,62.34,188.65,321.22,197.37,218.53,41.1,700.53,518.85,449.42,70.24,215.7,572.3,182.51,172.88,260.74,366.59,383.89,187.95,398.44,252.36,390.33,428.97,120.86,602.95,639.57
2025-11-10,187.51,234.67,215.7,404.99,366.79,450.28,103.72,474.68,113.82,354.19,310.23,161.55,102.79,186.41,451.23,104.87,373.8,426.02,436.8,333.41,511.41,163.18,951.61,430.17,149.38,208.03,178.08,125.93,71.34,333.63,242.84,345.42,345.62,197.73,246.49,471.07,132.37,317.93,184.54,533.66,661.67,177.3,280.35,229.03,459.85,235.47,75.56,361.77,37.81,387.61,600.93,124.24,196.37,327.72,402.36,86.28,162.25,471.27,451.65,159.89,261.32,1081.66,324.1,417.66,749.89,285.15,136.13,556.18,134.16,443.53,312.54,135.97,205.78,623.65,304.34,863.47,61.65,189.36,337.06,195.2,216.32,41.62,714.73,510.8,449.69,68.93,216.56,568.41,189.06,171.25,259.58,356.7,375.21,190.54,415.6,257.63,395.1,457.24,122.49,611.96,616.53
2025-11-11,191.13,237.56,222.54,401.79,361.71,461.6,103.32,490.95,115.36,355.06,307.62,167.11,103.25,188.64,465.32,106.04,381.1,425.14,427.64,332.78,511.51,166.12,921.75,423.43,147.48,212.49,181.8,122.89,72.71,338.23,257.51,347.58,339.62,199.39,241.32,483.35,131.83,312.69,187.24,540.33,691.37,178.47,284.46,228.7,458.45,239.07,75.55,368.71,37.64,375.53,596.86,126.77,194.2,324.52,408.64,86.01,161.31,466.92,451.96,158.31,268.12,1132.13,327.25,431.04,757.2,288.58,135.67,562.42,134.9,437.43,306.46,135.27,202.19,631.97,308.59,904.71,62.84,186.82,352.23,199.97,212.4,41.23,687.74,503.42,438.97,68.53,216.87,559.2,186.42,171.0,259.43,354.47,374.03,189.82,428.49,253.42,397.81,449.95,120.26,600.19,604.78
2025-11-12,190.12,239.87,209.01,422.07,370.6,472.92,103.95,506.41,116.11,356.66,308.15,168.07,102.8,190.92,459.6,110.14,393.88,448.51,432.97,337.7,517.47,170.51,917.58,429.23,144.41,218.54,175.94,121.93,72.49,340.66,266.59,351.52,341.64,199.01,239.85,481.05,134.09,314.47,193.7,540.76,690.13,175.04,284.83,232.46,461.45,236.9,74.05,374.85,34.86,380.41,592.55,128.5,194.53,322.79,408.91,88.81,163.32,460.81,459.91,159.91,278.14,1154.99,342.74,419.23,727.07,292.41,133.45,549.2,135.18,430.97,303.25,136.9,191.4,635.31,310.58,904.77,62.8,191.08,346.23,200.23,215.0,41.96,674.11,501.16,440.66,66.35,215.98,556.97,184.58,170.24,261.01,350.79,369.07,189.75,429.34,256.33,395.18,450.26,117.64,617.19,612.52
2025-11-13,188.09,232.56,209.56,404.97,372.15,483.14,104.22,494.07,119.85,358.24,312.97,170.55,102.64,192.54,473.93,111.04,400.31,444.24,425.07,337.46,521.64,179.61,894.31,433.06,145.11,218.26,173.69,121.3,72.68,339.18,275.2,349.8,340.28,199.2,234.77,505.56,132.42,314.23,188.18,559.06,699.58,173.07,291.3,238.45,474.65,234.76,75.18,373.76,34.22,362.43,611.86,127.84,195.96,312.44,405.81,90.84,168.61,454.28,461.93,159.21,279.68,1076.16,340.06,419.41,747.01,295.75,131.88,552.22,134.9,429.6,308.6,131.8,190.7,632.98,310.27,904.78,63.06,187.18,363.02,199.32,206.7,42.27,671.84,498.1,451.63,65.83,212.28,557.48,185.64,167.97,262.77,346.72,369.51,189.79,435.8,252.36,389.35,452.02,116.61,635.46,608.18
2025-11-14,187.6,233.19,206.29,420.23,378.08,492.61,102.78,478.93,118.96,353.31,313.76,171.14,101.18,201.55,473.74,114.62,389.58,447.9,423.05,324.13,516.38,173.26,865.91,434.44,141.62,220.81,168.66,120.41,75.33,324.22,279.08,346.24,339.3,198.9,238.33,506.69,136.33,306.98,190.69,550.55,718.1,175.75,296.52,236.66,459.84,235.94,76.54,363.43,34.68,369.47,623.34,128.64,194.69,311.69,406.68,89.7,170.57,447.45,454.45,155.72,280.55,1105.97,339.38,419.29,800.01,289.97,131.9,551.58,138.42,439.16,316.31,128.82,192.58,630.07,314.3,916.0,63.27,190.27,374.51,198.53,208.49,43.03,666.3,504.94,452.6,65.56,204.68,537.49,181.01,165.28,265.38,337.56,359.15,190.1,432.3,245.98,398.75,455.64,116.07,662.29,657.14
2025-11-17,189.36,236.49,208.89,420.82,382.64,492.72,103.47,493.87,119.64,367.14,315.28,170.42,99.74,203.89,461.15,114.21,401.12,452.09,407.96,314.85,512.23,173.53,817.54,426.37,145.5,227.12,169.87,119.55,74.46,319.68,274.43,348.56,333.47,196.97,233.6,492.68,135.93,302.46,184.36,543.32,733.56,172.64,299.93,236.57,461.26,239.1,77.04,356.03,33.27,368.01,630.05,132.8,195.61,315.4,405.65,87.68,171.05,457.01,452.99,154.59,285.38,1077.0,353.38,409.38,808.14,284.98,131.08,557.93,137.27,438.13,318.06,125.88,200.26,619.67,312.83,950.09,63.24,194.79,383.46,203.1,212.88,43.38,651.96,516.95,435.96,63.88,207.55,528.42,182.57,157.19,273.59,332.04,355.33,191.72,434.93,244.45,403.26,452.95,115.6,661.3,648.24
2025-11-18,189.07,233.94,216.36,422.17,391.15,479.67,103.88,480.86,119.67,373.62,311.96,168.3,101.01,210.38,459.06,111.89,412.65,471.02,416.55,307.74,508.53,175.19,781.62,438.87,143.75,220.27,170.78,119.7,74.39,324.51,275.32,346.86,329.76,199.26,234.88,490.34,138.7,306.1,182.99,563.87,742.06,170.28,291.64,231.84,449.77,241.51,78.97,350.15,33.44,363.39,619.48,128.54,192.3,312.34,397.03,90.63,170.51,451.05,463.02,157.73,284.87,1110.95,346.01,422.1,806.57,283.61,132.44,542.2,137.84,416.76,320.42,130.42,197.8,613.53,303.09,997.31,64.42,199.6,369.27,203.54,210.24,44.0,646.12,521.56,427.53,64.72,205.89,527.65,179.89,158.48,265.65,337.73,356.39,188.81,425.58,250.69,400.37,451.75,115.22,669.2,646.71
2025-11-19,192.89,234.31,214.49,409.78,404.24,485.02,103.58,508.12,121.08,373.7,309.54,170.04,102.74,210.61,448.34,115.08,408.97,476.07,425.71,304.8,515.81,175.72,770.33,441.24,141.67,217.45,171.3,119.0,74.32,336.25,272.69,345.92,329.31,202.12,233.26,474.91,138.84,313.05,190.13,567.46,690.55,167.64,310.13,238.72,429.53,238.25,78.74,338.95,33.38,367.49,608.3,132.56,192.99,311.78,402.62,86.72,171.13,438.08,473.29,156.78,292.99,1142.87,339.56,409.4,798.4,289.06,137.87,547.72,138.15,412.9,329.78,131.68,199.82,609.46,299.87,992.2,63.54,196.11,377.59,208.23,204.11,44.72,646.26,529.96,425.77,64.88,203.73,531.52,179.83,159.21,260.81,333.37,346.89,183.94,419.69,251.87,405.86,466.77,114.94,634.7,632.37
2025-11-20,191.56,236.46,215.64,394.14,400.44,490.65,101.82,474.63,118.21,366.36,310.55,169.37,99.63,207.46,448.43,117.17,408.57,477.67,422.93,304.67,515.85,172.84,745.49,430.06,141.82,227.82,171.43,119.51,74.81,330.94,272.39,348.17,334.49,205.36,236.42,493.45,139.34,311.95,192.08,564.26,694.3,161.45,308.31,234.4,437.06,236.53,79.99,337.4,33.54,377.82,574.83,138.81,189.94,319.94,394.91,90.18,169.6,438.07,464.21,157.57,291.44,1145.02,343.91,409.77,771.38,283.79,135.13,543.05,135.37,413.43,333.65,135.42,199.13,619.78,300.59,1019.19,63.35,195.99,371.12,211.7,201.31,43.0,624.04,537.09,426.09,66.38,205.68,524.66,177.1,162.14,266.2,332.1,345.32,184.55,411.17,255.27,402.12,466.21,114.82,629.9,634.58
2025-11-21,192.73,239.28,209.97,394.18,394.91,481.49,101.5,474.97,115.1,362.38,314.3,170.61,99.93,208.59,444.08,121.11,399.28,478.98,438.87,300.53,525.23,175.33,757.75,417.28,146.76,218.28,175.12,118.35,75.54,317.24,282.89,352.91,323.19,207.82,235.64,509.85,138.08,323.33,190.04,545.95,687.9,161.43,305.29,229.07,441.35,243.74,80.52,332.83,32.89,383.65,570.65,141.48,198.47,322.6,391.8,90.61,169.14,430.85,467.55,158.51,298.17,1146.66,351.37,413.86,782.78,270.89,133.88,548.98,132.62,412.8,338.27,136.32,196.98,619.21,298.06,1001.45,62.33,188.45,386.76,211.36,199.63,42.7,622.09,533.76,433.79,68.87,202.08,533.48,172.55,165.92,261.68,325.1,342.97,181.57,400.86,255.16,403.01,451.83,115.43,636.41,640.11
2025-11-24,192.1,239.23,216.45,387.14,394.13,492.11,104.11,456.72,112.26,360.94,311.56,167.64,98.1,215.78,438.47,119.31,391.15,478.7,439.03,296.76,516.44,174.04,724.21,420.42,149.1,213.36,173.9,119.36,79.28,324.07,291.18,355.02,322.72,208.8,227.58,485.46,136.49,311.89,195.89,567.27,701.87,158.75,313.84,228.82,459.69,241.85,82.11,330.34,32.66,397.24,533.64,140.5,196.88,325.12,392.71,88.7,171.14,441.65,467.61,156.19,294.66,1194.93,348.32,418.94,797.64,272.67,131.67,551.16,137.17,398.07,326.19,136.69,197.89,624.41,307.01,1006.33,61.43,184.08,383.97,213.95,198.24,42.91,623.44,532.97,431.56,66.89,200.57,545.07,170.49,164.92,257.48,332.68,338.87,185.49,415.65,255.5,417.64,476.82,114.11,625.29,675.54
2025-11-25,193.74,237.51,212.7,376.45,372.74,480.74,103.25,446.0,114.19,366.22,314.85,162.76,100.68,219.94,431.76,121.88,390.02,490.24,422.59,297.74,502.0,172.38,750.1,419.53,143.78,220.06,172.32,123.14,75.15,318.16,286.97,355.29,324.46,210.56,226.6,466.43,134.38,320.02,192.1,563.21,726.95,156.89,313.83,235.76,452.23,243.89,83.83,329.03,32.26,379.08,510.45,141.96,194.87,322.0,407.81,91.56,171.02,443.93,464.96,154.36,301.3,1241.1,347.23,409.96,777.41,264.92,134.56,551.59,137.35,405.87,317.15,132.1,194.8,627.17,314.2,998.69,61.6,180.6,395.06,219.3,198.71,41.72,643.16,522.23,433.5,66.11,206.03,546.34,168.75,164.97,261.16,324.66,345.85,182.91,411.29,253.53,420.61,485.48,113.11,624.59,670.94
2025-11-26,197.47,242.79,216.35,377.7,344.84,493.78,104.71,433.7,118.14,361.1,308.26,161.68,99.61,230.38,434.57,124.21,373.84,484.98,423.69,298.09,517.75,169.4,757.25,440.07,145.35,225.97,172.57,122.65,74.5,324.7,274.75,348.62,320.81,209.08,210.89,457.38,132.53,331.67,201.36,548.54,709.91,147.92,314.31,239.73,451.9,251.12,84.57,329.71,32.17,379.5,518.41,134.92,197.79,319.35,412.36,92.46,171.94,446.48,447.16,158.02,307.53,1275.14,334.4,412.66,813.24,266.55,135.45,545.34,141.57,408.6,315.58,131.04,194.64,629.57,314.37,1015.99,61.95,183.64,386.7,215.33,195.69,42.22,626.24,541.5,408.45,66.21,211.03,551.71,168.8,165.21,262.81,318.05,343.76,181.37,422.43,258.6,422.74,492.38,110.79,623.4,678.9
2025-11-27,198.43,251.12,218.97,379.09,335.07,511.09,103.57,416.31,121.5,362.7,313.39,165.11,102.32,223.12,420.07,124.22,378.49,493.82,432.29,300.75,522.49,169.7,750.39,422.01,145.48,220.22,171.43,123.85,72.54,336.77,271.79,357.69,323.3,204.58,203.74,452.12,134.79,326.77,203.52,546.76,689.08,149.32,312.63,235.6,449.03,247.65,82.82,335.6,32.91,386.37,518.78,138.86,201.18,323.29,414.95,91.3,172.46,455.7,444.05,160.42,305.14,1248.79,345.56,422.01,806.1,270.86,134.08,551.18,140.8,417.65,308.04,128.98,193.85,632.44,314.17,1035.46,62.98,183.08,401.77,215.11,196.74,42.51,619.31,543.35,413.79,67.73,209.49,545.91,170.14,166.3,266.57,317.92,345.78,181.96,416.56,260.51,436.36,475.3,109.71,610.57,665.28
2025-11-28,199.18,242.23,213.71,375.13,337.16,504.84,103.4,428.4,125.13,354.12,309.91,158.85,104.99,226.14,411.87,120.66,370.47,509.65,436.41,301.46,517.58,167.8,730.08,430.35,146.75,227.76,168.22,121.44,73.23,355.5,277.25,365.02,318.47,206.98,206.85,455.73,134.45,322.07,197.8,558.67,695.06,150.55,312.11,234.87,455.3,243.72,83.24,333.63,32.12,400.93,499.39,138.25,200.71,324.5,416.34,90.99,170.07,457.56,466.05,158.3,294.97,1269.65,337.48,423.81,768.48,278.5,128.75,553.64,138.06,409.52,300.41,131.81,191.86,637.4,314.99,1009.52,63.21,184.45,411.79,210.24,191.11,40.66,615.59,539.93,418.3,67.61,205.68,552.41,167.76,166.15,270.55,319.87,342.08,178.41,414.64,257.71,445.43,458.86,109.97,617.59,701.33
2025-12-01,194.37,242.93,214.44,369.65,343.93,511.33,104.27,419.04,125.23,364.64,308.58,158.4,105.24,225.65,399.97,121.61,372.85,520.24,449.8,292.48,530.08,170.46,693.55,433.62,141.83,231.67,168.19,121.66,73.9,342.18,273.71,366.05,313.73,205.84,201.91,467.55,136.8,327.72,197.36,563.08,690.56,151.93,307.12,231.92,454.45,239.97,86.35,336.07,33.31,394.22,498.18,140.73,198.12,318.03,406.1,92.17,171.12,444.57,469.48,155.75,281.81,1242.46,343.4,426.54,757.52,276.97,133.4,541.89,142.86,416.6,316.96,132.34,186.79,640.76,321.99,1028.73,63.61,190.65,404.63,205.51,183.5,41.55,623.73,537.71,425.85,68.84,204.82,547.69,165.48,171.53,272.04,321.17,346.47,181.13,399.04,256.97,439.81,469.18,113.63,637.33,700.66
2025-12-02,196.02,246.37,217.07,358.64,354.09,503.22,105.02,431.67,123.65,358.8,308.08,153.77,105.23,229.65,391.58,120.63,367.95,513.18,451.96,297.77,532.64,173.53,697.79,426.19,139.94,225.65,165.32,120.75,75.43,334.03,275.06,370.04,313.27,200.33,207.46,473.05,136.46,327.46,193.1,584.63,693.68,147.63,307.14,227.86,441.79,238.98,85.33,333.42,32.32,394.94,515.95,134.55,195.05,325.77,408.06,95.81,167.99,447.92,475.33,160.26,280.79,1284.95,343.06,425.77,763.81,271.0,128.43,533.95,141.92,417.75,312.67,137.0,187.94,649.17,328.95,1037.98,63.57,188.32,413.57,202.21,185.6,39.99,644.67,546.33,421.61,68.57,210.9,551.3,164.37,168.33,274.52,313.61,345.24,179.67,396.52,258.29,435.26,478.36,114.45,635.55,681.59
2025-12-03,194.4,245.87,218.12,360.31,355.34,491.2,104.99,425.13,127.57,359.66,307.65,153.88,105.31,223.67,397.26,122.49,354.95,523.48,456.25,296.75,524.72,176.56,692.56,426.51,135.9,225.73,163.61,119.06,75.93,343.54,264.86,369.69,312.37,203.61,207.22,467.68,136.81,329.77,194.14,568.79,728.63,147.55,313.14,233.9,446.49,245.07,83.69,329.73,32.6,387.65,509.89,127.67,192.48,325.8,404.09,95.23,169.47,455.14,459.17,158.64,276.98,1234.6,342.24,425.94,775.2,261.52,129.03,524.2,141.92,420.75,310.84,133.53,190.49,650.8,328.36,1031.33,62.02,191.68,428.59,205.25,192.53,39.73,648.05,538.64,402.82,68.63,204.11,557.38,163.75,163.78,275.85,312.67,359.96,180.23,399.53,258.91,433.99,466.68,115.25,630.8,681.97
2025-12-04,197.29,245.91,210.62,366.7,358.35,488.45,103.81,405.18,123.13,355.42,307.21,153.16,102.31,221.34,387.15,122.8,364.18,514.29,440.05,298.51,508.8,173.27,696.68,412.12,133.16,229.72,164.12,118.72,74.88,353.28,277.52,377.35,311.89,207.08,209.05,475.78,134.18,328.6,187.93,561.21,714.59,156.18,317.59,233.47,426.68,246.97,85.27,327.4,32.07,380.98,510.43,128.73,196.66,331.68,411.8,96.75,171.6,468.09,454.2,160.58,264.36,1210.68,337.28,429.05,758.77,257.86,129.58,523.57,145.4,422.08,311.0,134.71,190.2,662.3,323.41,1082.14,61.91,187.83,415.49,204.97,198.51,38.95,672.52,546.32,388.33,68.75,204.79,556.61,162.97,161.33,281.08,307.5,354.36,182.37,398.79,260.96,434.69,460.38,112.01,615.08,693.29
2025-12-05,203.41,241.94,213.56,367.2,366.54,492.72,102.13,405.46,121.38,364.83,303.13,154.34,103.18,209.05,381.59,122.65,356.33,500.87,432.74,298.21,503.91,175.18,705.26,410.09,129.45,246.01,162.21,118.95,76.76,362.83,275.54,374.47,308.86,208.03,209.68,472.13,135.35,333.51,194.1,549.47,703.03,155.86,320.92,233.67,428.36,244.3,82.49,327.02,32.23,381.9,533.08,129.02,198.14,337.75,420.1,95.5,174.25,463.98,456.38,159.73,266.89,1200.11,357.77,432.23,794.8,257.87,127.23,529.09,146.63,421.13,319.89,134.37,183.39,660.99,325.72,1066.59,61.8,187.67,421.32,203.29,195.38,38.2,682.3,556.63,398.03,68.34,203.96,550.29,163.34,163.18,281.99,307.13,357.12,185.02,383.91,255.42,431.55,466.29,111.61,612.09,703.62
2025-12-08,204.17,242.83,212.39,373.01,365.2,487.53,103.12,399.71,117.79,361.66,312.46,155.14,101.93,206.64,379.36,121.23,349.41,497.54,426.73,305.44,518.38,182.82,714.65,404.1,131.4,236.66,156.55,119.21,76.4,353.29,286.21,386.94,306.73,209.67,211.32,478.41,135.0,324.94,196.11,529.97,708.69,155.03,325.18,231.56,432.91,249.47,82.91,325.76,32.24,379.71,533.29,132.55,203.42,334.75,434.21,91.67,173.15,449.0,448.16,161.41,274.6,1190.57,380.02,438.38,779.38,257.95,122.22,520.11,146.14,426.43,324.78,133.4,188.9,641.24,325.07,1091.22,62.88,189.96,408.97,207.32,200.19,37.66,703.38,572.81,406.76,68.74,202.99,544.23,164.69,159.71,282.19,306.63,351.17,183.91,393.1,260.67,430.81,457.25,113.8,617.19,659.79
2025-12-09,202.78,246.63,216.86,371.36,353.14,491.48,104.51,381.19,119.76,369.26,310.78,156.58,98.81,207.35,388.2,120.4,341.3,504.59,432.11,311.69,505.82,182.47,709.47,399.9,130.01,233.57,153.01,117.77,78.94,355.83,280.61,381.67,303.63,213.22,203.1,476.34,137.76,324.72,189.56,534.26,705.27,163.25,317.62,236.93,425.52,251.67,82.68,334.61,31.98,384.01,519.59,133.77,199.55,340.0,434.71,90.8,167.52,448.85,448.12,161.64,276.3,1233.16,380.55,436.82,759.06,262.94,123.19,512.46,145.47,418.98,321.57,131.62,184.71,641.39,325.44,1060.11,62.77,191.04,399.59,212.84,208.18,37.87,707.05,568.44,421.3,68.0,205.99,544.41,162.98,160.56,278.55,312.28,354.79,184.74,381.62,260.56,423.61,477.25,114.16,637.45,677.79
2025-12-10,202.91,247.16,215.88,369.95,336.21,491.6,104.59,386.16,124.87,371.32,311.07,158.9,99.67,206.93,375.96,118.73,339.24,518.62,441.5,316.53,518.22,176.6,741.31,394.39,128.74,229.41,152.92,117.34,77.9,338.38,286.43,383.71,305.42,213.45,204.45,435.73,138.64,316.71,192.34,529.81,682.09,168.16,322.33,243.05,410.38,254.89,81.49,332.55,32.95,394.76,520.16,130.45,205.71,329.3,434.23,88.79,169.21,436.31,450.96,157.51,277.61,1239.29,378.94,434.98,790.39,265.2,121.23,519.91,146.47,416.2,309.97,133.43,184.35,630.63,317.59,1048.2,63.24,193.97,390.3,219.99,199.67,37.51,731.14,566.03,404.25,67.41,206.43,548.49,164.34,158.94,282.15,318.94,359.69,188.59,379.9,265.4,424.87,462.65,121.07,642.31,689.94
2025-12-11,201.46,251.39,211.09,372.65,335.24,499.25,102.84,385.3,123.42,383.83,318.19,159.17,99.85,210.61,363.22,116.14,335.99,517.97,442.8,319.74,513.5,170.31,733.58,392.73,131.07,231.39,151.93,118.17,77.11,339.73,291.01,382.05,307.95,212.39,207.11,431.5,137.64,309.01,183.31,531.6,694.63,164.28,319.65,240.66,418.02,257.3,83.35,334.01,32.41,402.72,531.8,127.55,209.04,319.06,440.71,84.55,169.83,426.88,454.83,158.17,274.38,1235.83,372.85,414.69,812.74,261.29,121.97,537.03,147.7,424.5,307.49,132.34,185.53,633.09,312.99,1066.35,64.02,193.3,385.55,213.87,198.91,37.21,711.5,565.93,401.8,67.64,206.29,563.09,168.56,157.18,272.04,317.41,356.78,184.56,371.18,263.15,428.35,448.95,117.9,621.38,683.91
2025-12-12,204.11,249.0,203.41,375.24,349.0,503.12,101.73,405.32,134.24,387.45,315.72,162.19,98.51,206.88,360.53,118.4,348.23,541.43,442.55,308.55,522.8,169.32,740.31,390.91,131.35,237.29,150.29,120.57,77.49,318.17,276.57,379.52,315.07,216.79,209.67,438.81,139.55,308.81,179.81,535.25,679.75,157.49,315.17,243.52,429.66,255.65,82.86,336.5,31.87,409.68,525.36,127.73,208.56,304.38,447.13,84.87,166.78,430.59,442.04,159.7,270.78,1263.24,378.27,414.65,845.6,261.03,122.32,532.79,153.23,415.97,300.61,133.78,182.44,628.94,316.86,1037.2,64.59,197.79,382.52,211.37,199.34,37.61,738.98,556.52,392.37,67.71,200.13,556.56,167.11,161.75,269.3,315.8,365.29,185.93,372.1,257.98,430.82,479.61,120.88,624.89,666.95
2025-12-15,208.03,247.87,204.02,365.14,352.46,518.81,102.73,408.69,131.35,396.97,319.37,158.75,98.11,203.03,364.98,116.22,334.69,553.57,444.42,311.99,514.29,171.94,752.07,383.39,131.83,241.08,151.56,119.05,79.48,323.88,286.26,378.58,308.82,219.95,204.51,443.61,139.31,314.98,183.5,535.72,688.65,153.89,325.52,239.48,416.92,258.95,82.79,330.18,32.3,404.49,546.77,132.61,210.84,292.4,456.32,82.04,167.32,435.51,447.09,164.81,277.5,1324.72,384.58,425.05,828.98,256.27,124.39,521.04,152.55,416.52,295.14,135.67,187.17,629.58,326.61,1061.7,66.13,196.38,386.51,211.67,199.43,36.7,711.41,551.54,394.81,69.58,205.31,563.96,166.37,162.21,275.81,310.85,372.42,183.0,391.23,260.38,428.48,531.04,119.61,631.39,655.9
2025-12-16,203.77,239.2,205.32,360.29,359.56,525.5,99.56,413.43,126.43,401.61,327.93,163.87,100.15,199.59,364.35,115.63,333.52,548.89,450.75,317.13,532.42,167.47,722.22,386.71,131.28,241.35,153.92,118.56,78.59,315.93,283.84,374.39,304.1,224.18,200.54,432.35,139.59,313.05,180.39,533.56,681.75,153.21,326.47,240.98,412.84,256.59,82.34,329.21,31.87,412.58,546.67,136.2,212.67,293.51,444.88,79.95,164.99,450.97,435.01,166.42,268.61,1267.94,369.16,428.56,849.81,251.85,123.47,525.85,155.39,426.8,300.14,136.55,182.96,627.88,325.11,1048.81,66.65,194.8,381.47,213.43,192.3,37.76,704.46,552.32,393.98,69.28,208.26,572.75,163.65,161.56,283.23,306.55,366.87,180.01,401.67,260.42,425.01,524.85,120.33,636.9,682.04
2025-12-17,204.42,235.6,204.78,370.04,375.15,518.39,102.22,401.11,127.63,387.69,324.71,164.83,100.74,195.1,364.63,116.46,346.85,533.86,450.18,310.24,551.04,171.12,724.62,375.4,136.12,234.64,156.56,116.93,80.85,320.35,292.81,375.93,305.66,227.58,196.31,439.02,141.26,308.45,183.97,538.5,676.19,141.98,327.14,236.93,415.61,252.4,87.36,329.83,31.14,408.82,526.06,140.53,211.47,284.39,432.76,78.08,162.04,446.47,439.43,162.46,278.76,1275.53,368.41,431.4,891.9,254.13,120.83,535.65,155.94,429.91,298.79,135.67,180.84,635.73,317.07,1095.64,65.44,194.67,402.62,210.76,188.85,37.65,735.98,552.8,413.85,70.31,211.06,563.78,162.66,156.44,279.52,312.35,373.37,183.32,416.91,259.42,422.51,520.02,122.56,628.05,661.1
2025-12-18,207.46,244.55,203.58,382.84,368.21,522.98,102.23,395.28,121.05,390.47,328.24,162.14,102.0,203.35,366.28,116.33,347.63,524.15,450.63,309.87,566.85,169.01,724.61,367.01,135.31,234.23,155.4,115.91,84.13,324.89,294.3,373.12,301.74,224.7,185.64,429.15,140.83,297.54,181.29,526.64,692.29,133.79,316.34,236.44,406.79,253.37,87.16,329.08,31.02,400.56,498.61,136.62,202.56,279.2,436.94,80.19,160.79,459.04,421.2,165.47,278.42,1279.28,361.3,427.17,902.16,254.28,118.38,533.34,156.27,432.83,293.1,138.2,182.89,619.95,320.41,1115.99,65.83,192.42,401.99,211.45,178.8,37.02,733.99,556.37,393.29,71.06,212.68,564.69,162.28,161.2,288.27,315.86,380.32,183.37,409.52,263.93,421.63,523.38,125.5,639.33,671.49
2025-12-19,205.95,246.5,190.79,383.59,370.83,518.79,102.16,397.87,120.66,386.79,323.46,163.14,99.95,203.87,373.13,117.99,354.28,523.32,441.69,307.15,569.48,178.0,722.63,371.79,132.48,233.83,156.82,113.84,84.15,326.51,297.96,364.42,294.67,228.95,183.26,427.04,138.75,299.37,181.75,516.24,688.14,128.75,327.31,232.02,411.29,260.97,85.74,327.7,30.97,395.09,506.53,135.03,205.38,291.01,436.87,81.76,158.35,453.06,430.07,159.21,281.21,1257.64,371.62,439.15,900.33,253.31,117.43,528.33,158.83,439.78,285.4,138.56,177.76,623.09,317.01,1092.34,65.68,191.43,427.74,214.1,178.09,36.97,715.74,557.41,393.18,70.78,220.67,585.01,156.83,165.69,284.43,317.13,383.28,184.25,408.13,267.31,418.54,530.07,128.66,611.78,671.98
2025-12-22,204.8,248.02,192.33,390.92,368.23,521.86,104.18,387.15,116.91,364.95,321.63,167.21,97.52,200.73,376.47,116.78,349.08,525.98,446.69,303.45,554.22,169.16,686.61,360.78,131.88,235.34,157.42,113.99,82.88,346.26,306.59,368.58,294.65,227.54,189.45,414.69,141.18,298.19,189.09,505.86,709.87,139.31,329.23,233.92,416.82,261.92,84.13,325.53,31.5,409.87,520.57,137.48,198.4,283.74,428.81,82.48,156.17,452.37,426.88,159.55,291.36,1252.32,386.91,433.48,886.73,253.53,119.42,528.67,157.6,446.61,296.24,135.95,170.48,624.13,318.6,1059.8,65.45,194.35,455.8,211.05,179.32,37.38,713.93,542.77,390.18,70.74,219.17,580.67,157.45,168.62,286.77,327.33,384.24,183.66,420.63,272.23,415.06,545.4,131.27,611.54,674.7
2025-12-23,205.5,249.36,193.34,404.58,371.01,526.22,104.3,400.02,116.91,357.91,322.25,173.85,95.77,203.95,369.69,114.21,345.54,515.87,462.32,304.69,557.54,172.24,686.93,351.29,134.91,238.21,157.56,115.45,85.74,335.36,308.24,371.83,302.97,228.14,189.99,413.14,139.7,297.85,190.72,513.94,713.14,139.09,322.19,231.07,420.65,254.91,83.32,334.03,31.1,418.21,520.54,135.45,201.02,283.54,433.33,82.67,155.92,448.75,433.74,162.12,279.97,1284.79,405.85,435.47,900.89,251.17,115.94,535.74,154.76,431.6,302.33,136.3,169.85,616.25,323.84,1030.95,64.94,192.3,467.11,204.8,188.54,37.78,742.14,531.49,392.13,70.5,223.56,577.82,158.37,173.48,286.97,320.83,379.53,186.41,422.28,275.38,414.15,552.2,131.04,586.86,669.39
2025-12-24,208.88,246.45,198.91,387.97,374.49,516.82,105.43,402.29,114.64,352.58,325.15,173.32,94.56,206.07,379.74,116.3,345.99,515.59,440.95,305.01,554.73,169.35,692.13,340.24,132.76,230.28,155.59,114.25,89.08,345.61,303.63,373.14,306.86,220.8,187.1,411.74,139.81,305.83,186.08,514.43,687.21,139.27,331.87,226.61,426.99,257.81,83.73,338.0,31.35,419.21,508.67,134.24,198.24,273.51,434.34,80.9,160.34,449.82,436.86,163.66,276.93,1281.14,409.0,429.01,913.84,253.01,113.93,527.61,157.69,427.41,299.29,134.3,167.62,624.52,324.47,1044.23,64.78,193.64,464.99,199.46,187.97,38.56,750.92,525.9,398.01,71.47,224.24,580.47,161.83,176.46,280.25,325.18,384.45,184.9,423.2,274.81,412.64,532.62,133.25,610.29,638.75
2025-12-25,209.38,244.17,200.98,390.02,364.13,523.1,105.41,399.42,115.31,339.67,327.99,173.23,95.67,206.27,384.07,117.54,344.9,516.96,434.27,300.41,548.94,169.26,704.06,343.84,132.11,225.56,156.59,115.32,87.76,363.84,307.32,366.8,318.22,209.94,186.28,395.83,137.01,305.16,199.43,498.62,691.44,138.53,328.53,223.02,437.4,247.47,84.27,344.51,32.25,414.8,523.72,132.18,199.99,280.95,431.43,77.63,162.75,442.54,436.72,159.77,271.5,1288.38,389.74,423.43,872.02,250.08,119.64,532.13,158.59,420.94,293.62,133.04,167.28,622.01,332.47,1016.36,65.07,195.6,473.45,193.71,175.55,37.98,743.28,525.21,384.49,70.61,222.0,584.62,160.19,177.33,284.3,322.65,383.25,181.29,429.28,269.56,420.41,535.97,138.48,620.52,614.95
2025-12-26,204.37,244.8,201.63,403.07,379.6,515.74,103.87,405.28,112.51,341.27,330.24,174.53,96.28,206.93,379.06,117.93,343.69,519.3,438.62,307.35,565.23,171.72,727.73,356.02,131.07,224.93,158.42,113.27,89.27,361.55,299.73,366.89,318.63,209.87,185.39,433.03,136.75,298.82,193.74,496.95,697.88,145.28,324.29,230.4,441.9,255.1,86.02,344.5,31.84,412.42,553.48,132.28,196.23,283.37,432.15,77.12,164.4,439.66,438.77,159.24,262.31,1266.86,391.05,414.55,850.29,249.62,119.42,535.91,155.64,420.37,290.53,137.8,159.52,608.39,327.7,1019.93,65.89,192.47,471.05,198.22,180.78,38.0,748.85,518.61,386.19,70.21,220.4,572.24,161.3,181.27,284.79,327.58,397.76,180.85,424.23,268.75,423.78,530.82,139.78,619.71,628.56
2025-12-29,201.82,232.44,205.09,389.83,380.55,520.99,102.63,401.79,115.47,340.35,331.51,174.73,95.76,204.3,400.06,116.75,346.26,535.37,435.34,294.98,560.41,175.62,737.06,355.36,134.13,225.73,159.94,113.87,89.05,337.42,303.9,364.2,324.17,211.44,192.19,438.03,140.03,291.13,200.12,500.29,705.22,148.1,326.77,227.85,448.2,253.15,87.76,343.42,32.45,402.04,518.19,132.69,194.75,288.49,426.29,78.13,169.13,437.87,447.07,162.22,258.47,1308.71,398.63,414.83,812.04,246.14,119.17,538.3,158.01,416.37,280.17,142.84,154.17,606.42,318.21,1027.89,66.03,193.61,483.92,188.81,177.51,38.39,744.94,517.04,397.21,69.36,222.93,573.52,163.02,183.91,288.31,324.97,402.81,181.43,419.99,269.73,423.03,512.29,140.26,649.74,643.93
2025-12-30,200.08,238.99,207.79,391.7,390.41,519.47,102.66,409.9,119.06,342.13,336.27,177.32,98.03,206.02,394.47,117.41,357.78,558.08,435.8,302.97,556.74,180.17,739.2,350.46,136.43,225.42,157.78,114.63,89.52,332.67,310.96,363.63,330.92,211.55,197.19,429.61,139.31,289.94,197.86,500.25,712.07,147.23,318.27,224.09,457.75,260.48,89.25,348.53,31.31,417.87,522.97,132.06,199.28,288.48,427.63,81.36,166.31,437.56,446.02,164.46,250.56,1393.3,402.8,404.43,855.39,243.14,122.47,549.35,156.69,416.37,276.21,142.82,153.11,617.84,322.26,1042.16,64.34,197.99,463.44,193.76,176.94,38.25,762.55,516.86,404.17,69.34,221.58,563.19,160.82,181.9,290.35,324.11,383.85,175.84,402.6,268.28,422.95,525.22,142.9,642.87,630.77
2025-12-31,195.98,239.95,207.67,407.1,388.02,520.48,103.13,419.35,118.44,352.55,346.94,179.69,94.82,204.15,388.81,116.53,362.1,552.96,429.4,304.17,565.69,195.49,711.38,348.2,133.67,227.09,158.4,114.04,88.62,335.09,306.73,366.55,330.07,208.77,190.57,418.35,137.35,280.39,193.94,511.97,691.39,142.54,324.5,220.89,468.37,263.02,90.31,344.49,30.53,421.93,521.07,130.51,200.4,291.98,416.89,79.61,166.39,441.57,451.62,161.64,253.96,1379.44,403.88,392.86,860.56,240.51,122.16,549.4,154.08,423.41,285.39,141.74,148.04,619.8,328.0,1056.59,63.07,197.37,469.52,197.91,177.7,37.19,752.65,527.94,416.51,69.65,229.25,567.86,161.61,185.83,299.83,319.56,394.14,170.12,408.33,269.6,416.82,511.21,141.85,641.84,648.51
2026-01-01,195.71,230.49,207.59,413.07,377.72,534.39,101.99,422.47,118.5,349.78,358.33,185.7,91.5,202.14,396.47,114.48,361.29,547.41,424.09,301.4,537.7,188.47,691.4,364.64,127.93,226.8,156.78,114.08,85.22,338.25,302.94,360.93,335.47,212.36,191.51,420.68,134.18,291.62,193.76,522.55,682.01,138.35,332.69,216.36,479.83,258.84,90.78,339.75,30.75,427.32,542.42,130.51,201.07,289.41,414.34,78.67,163.75,435.24,441.68,163.1,256.48,1376.89,415.0,384.9,833.84,238.16,118.14,548.3,153.97,435.36,280.9,145.73,146.65,607.87,330.62,1051.75,63.59,191.64,475.76,195.75,186.06,37.97,772.06,541.7,399.52,69.46,228.91,588.4,162.62,189.75,295.63,317.33,386.21,168.42,401.99,269.11,415.83,516.31,139.5,649.29,611.0
2026-01-02,194.18,228.68,215.74,400.12,376.93,538.76,102.05,413.89,116.99,354.15,361.94,184.29,92.2,203.31,399.76,114.89,362.36,535.07,418.82,298.81,527.61,194.3,678.12,354.23,128.02,221.18,159.61,114.07,82.76,342.67,299.67,361.06,334.5,209.04,194.02,399.29,134.44,295.17,192.85,518.96,701.58,136.81,341.15,218.58,479.13,266.54,88.77,342.32,31.03,437.04,550.04,133.43,196.12,292.47,412.18,76.76,159.77,423.01,436.19,165.56,260.64,1422.54,425.2,386.52,832.27,239.91,110.33,563.73,157.83,441.59,285.53,146.34,148.54,591.4,325.69,1028.35,64.21,190.57,470.43,194.5,180.22,36.89,753.93,524.37,396.42,70.3,226.29,590.05,162.51,191.12,294.35,316.31,382.95,169.25,399.92,271.19,420.2,507.39,141.31,612.17,618.68
2026-01-05,191.96,235.67,221.28,396.91,386.99,546.48,102.34,432.38,119.37,345.1,358.89,183.65,92.18,195.14,409.09,111.63,354.5,549.77,410.24,298.73,546.96,199.06,667.17,358.76,126.76,213.94,158.48,114.8,83.22,347.09,316.18,361.69,337.21,210.15,186.47,395.3,133.14,287.13,191.45,507.31,737.77,139.71,344.23,215.8,491.57,266.35,88.16,338.01,31.44,433.9,531.25,131.46,197.91,292.0,414.74,78.33,159.32,408.0,430.92,163.14,271.65,1459.08,451.42,379.93,799.84,233.56,109.57,584.12,160.16,436.88,275.05,145.35,150.33,586.23,317.17,1028.47,64.8,197.67,484.38,193.13,180.73,36.34,767.21,522.71,395.78,70.36,224.75,592.0,165.81,189.75,296.69,321.65,382.61,166.89,399.98,274.41,425.9,495.41,142.74,584.55,610.84
2026-01-06,192.26,226.35,228.12,390.27,393.01,539.77,100.85,425.86,120.81,350.64,350.62,189.53,90.5,190.96,417.55,111.8,348.87,558.21,406.05,301.65,543.73,192.64,684.33,350.99,128.01,209.28,155.3,114.99,82.61,373.3,304.11,356.37,331.38,207.61,184.51,391.3,132.37,287.86,181.63,496.86,748.95,136.8,337.41,216.59,491.74,265.65,88.03,332.34,30.8,440.08,512.8,128.55,195.33,290.01,407.26,78.32,156.78,407.64,427.74,162.16,256.95,1458.12,455.83,379.89,835.45,228.14,108.11,571.11,155.73,431.13,261.49,147.03,151.73,584.11,306.76,1021.89,65.46,198.96,513.3,198.0,181.71,36.02,765.27,526.08,390.51,69.71,222.89,579.61,170.82,187.84,295.15,325.06,386.2,164.67,405.56,278.89,428.64,476.75,142.67,619.74,624.05
2026-01-07,190.1,233.08,230.3,390.18,387.12,554.46,99.15,420.45,118.95,346.14,352.49,187.67,91.41,193.23,427.56,113.49,352.94,558.19,423.15,300.41,556.1,192.62,691.68,335.53,125.53,204.13,155.89,112.8,79.31,361.63,301.09,357.72,340.5,208.96,182.02,401.53,132.55,287.95,172.91,498.31,727.71,137.77,344.15,222.69,478.59,265.79,88.97,332.25,29.89,449.49,488.34,127.9,192.06,290.48,410.02,77.37,158.11,402.4,426.55,156.49,259.36,1477.06,445.51,371.35,824.73,222.4,108.87,562.59,158.63,441.68,265.14,145.08,152.33,591.52,307.65,1029.83,65.86,199.5,508.91,201.16,189.58,36.57,808.55,535.77,399.0,69.3,224.25,569.54,171.51,190.61,297.89,313.18,380.4,168.52,411.65,278.25,432.82,484.56,143.86,616.58,601.4
2026-01-08,189.68,235.52,238.71,370.83,384.51,544.71,98.17,417.01,124.65,337.51,355.1,191.39,92.26,190.13,428.42,115.1,354.64,563.54,435.76,303.15,566.14,185.96,705.87,326.28,125.3,198.0,154.58,111.08,78.15,363.97,308.42,350.37,340.53,207.01,188.72,410.6,133.78,300.45,180.33,494.21,726.3,140.32,342.47,226.91,476.47,269.98,87.03,331.93,29.69,447.81,474.32,128.76,190.4,288.78,401.1,77.14,162.21,402.5,429.34,156.56,259.98,1449.07,443.22,376.56,843.86,223.48,104.89,552.53,158.75,437.48,266.09,145.46,147.31,583.78,308.67,1052.23,66.32,199.73,535.85,203.89,182.43,36.51,790.74,531.62,385.41,68.98,221.76,581.1,172.01,195.17,295.83,310.7,373.75,171.75,387.14,277.99,439.07,494.19,140.75,630.5,602.84
2026-01-09,186.92,247.58,237.07,389.51,380.09,545.89,97.35,410.57,121.55,333.04,352.96,187.08,91.53,188.97,427.12,113.94,357.78,570.31,432.36,303.99,577.0,186.19,662.09,309.48,127.29,200.22,154.14,110.98,77.06,356.11,316.62,352.27,332.14,209.05,186.91,399.78,131.08,299.13,175.44,508.79,705.62,139.38,329.59,230.73,481.19,267.35,89.75,333.78,29.45,432.25,476.59,132.58,187.98,288.68,399.33,78.72,166.55,406.11,418.06,153.33,271.67,1479.19,452.85,358.58,842.42,222.25,102.11,552.1,152.9,451.6,272.11,146.1,146.43,577.96,308.07,1055.92,65.88,200.77,519.18,206.42,180.25,36.5,758.78,538.43,382.24,68.84,223.84,576.41,174.74,190.61,301.18,307.21,372.6,174.47,389.22,277.7,433.81,490.75,141.22,611.09,600.77
2026-01-12,189.71,252.39,243.86,381.97,374.35,545.79,98.41,410.13,125.31,335.86,360.66,179.8,91.88,187.98,424.36,111.07,347.03,577.32,435.98,305.94,571.94,186.43,653.22,314.28,123.6,199.67,152.79,113.05,73.92,348.67,314.11,353.47,337.91,214.54,187.73,392.31,133.09,299.55,165.4,509.67,718.71,151.36,322.77,230.32,472.6,264.43,88.24,329.88,29.88,430.82,444.91,134.35,189.88,292.98,404.31,78.28,173.0,406.53,426.16,153.22,276.23,1524.95,450.92,367.64,856.0,218.89,100.67,547.5,153.88,443.5,271.37,147.25,144.42,572.53,309.12,1025.01,65.72,199.59,498.86,204.55,178.04,36.71,780.81,540.03,369.99,67.91,220.58,565.61,176.56,192.41,298.92,301.93,361.57,167.83,401.77,278.33,434.1,498.72,138.75,620.85,614.8
2026-01-13,187.52,252.0,239.53,401.13,371.56,552.05,98.89,414.58,128.82,335.96,355.4,183.17,90.4,182.99,426.79,107.59,356.36,578.7,458.73,305.27,555.63,189.17,644.13,307.63,127.8,195.86,151.3,115.09,76.61,356.83,330.8,358.88,340.71,218.06,184.29,393.82,134.77,303.58,164.34,524.68,731.08,148.81,317.9,236.43,459.87,263.88,91.24,328.92,28.49,425.44,440.95,136.2,192.33,299.36,402.32,76.2,174.18,419.62,421.27,152.07,284.82,1519.69,447.82,371.55,865.41,214.23,102.69,558.55,153.42,441.42,267.94,149.67,145.19,569.7,307.24,1016.53,63.75,199.58,491.1,201.31,174.9,37.39,778.55,541.25,381.55,69.8,223.63,579.36,177.73,193.61,305.57,306.86,358.62,166.93,423.82,280.36,425.63,494.43,139.11,637.81,616.66
2026-01-14,188.02,256.04,237.22,390.87,369.0,557.18,97.96,408.38,127.49,333.57,350.79,190.77,91.37,184.04,418.15,109.33,344.63,588.51,468.55,304.71,559.77,184.8,671.08,318.88,128.96,200.29,150.85,112.29,74.16,366.72,330.25,359.29,336.08,217.19,175.53,419.57,139.02,301.99,164.02,523.17,712.02,151.89,308.59,232.29,455.58,256.47,90.81,331.03,28.93,424.72,421.99,138.56,196.63,292.28,407.71,76.36,173.71,425.74,417.66,151.55,279.26,1526.17,477.07,362.6,853.73,219.5,98.22,561.88,152.69,447.3,266.77,154.01,144.41,579.81,306.17,1019.41,64.64,199.38,513.85,203.01,181.68,35.83,833.77,553.49,377.43,70.5,217.58,587.31,177.6,196.4,303.42,300.23,357.53,169.16,409.59,280.81,424.09,491.23,143.32,640.74,580.24
2026-01-15,188.61,250.6,237.51,391.46,356.63,564.62,97.05,417.66,129.03,315.91,347.28,193.67,90.9,180.05,411.38,106.45,333.18,597.69,447.71,305.73,542.26,193.41,674.75,321.22,126.58,200.47,149.62,113.55,72.38,363.0,324.95,365.79,349.31,225.17,171.28,402.09,144.41,303.39,163.97,530.99,737.65,151.05,311.94,228.28,455.11,250.49,90.82,328.97,28.04,432.58,406.74,136.38,196.77,281.85,401.51,78.09,171.99,435.35,412.43,158.15,279.15,1583.0,493.85,380.0,843.8,213.05,100.0,566.9,153.68,450.97,253.45,151.15,144.66,587.41,306.94,1035.79,64.91,201.87,552.76,197.07,185.44,36.98,887.5,548.15,378.74,70.53,217.92,600.48,175.52,195.19,308.07,305.08,355.45,171.79,427.36,282.75,427.31,484.22,149.09,610.41,603.86
2026-01-16,186.52,248.72,238.87,401.17,348.53,563.28,98.73,412.71,125.22,326.0,349.91,199.65,90.98,181.7,415.21,108.92,325.78,616.85,445.22,296.7,520.27,188.47,664.27,315.64,131.14,198.23,149.78,116.08,72.25,389.75,325.32,366.55,355.28,229.26,171.08,393.73,143.25,301.56,162.73,530.04,732.38,143.9,303.74,224.6,460.91,244.99,89.18,327.98,27.7,431.15,386.84,133.16,198.91,281.74,409.81,76.11,172.99,420.19,410.99,154.06,270.0,1607.93,504.93,395.7,830.62,208.33,100.99,569.33,156.23,455.32,246.49,157.11,143.72,583.85,304.28,1043.3,65.56,202.96,544.08,195.89,180.31,37.61,888.74,563.36,376.84,70.9,207.38,604.45,176.33,194.07,297.26,304.32,356.29,167.94,420.89,287.82,424.76,472.7,147.32,606.55,579.54
2026-01-19,191.31,258.17,239.47,400.76,338.54,567.26,98.62,400.81,122.72,329.41,350.06,201.64,90.59,186.45,395.19,108.73,326.74,628.9,413.3,302.04,505.48,185.49,641.38,305.61,126.98,201.55,151.27,115.77,72.35,388.24,332.09,367.33,358.5,232.33,172.23,388.42,143.1,307.21,162.24,538.56,751.66,144.21,306.18,223.62,459.86,245.43,89.75,326.13,27.1,441.02,374.24,131.98,201.32,279.05,408.08,74.76,174.71,417.8,420.66,158.71,278.84,1561.4,510.05,396.68,828.85,215.23,99.13,570.96,160.83,471.37,245.44,152.94,144.3,585.29,315.9,1003.9,64.33,196.08,536.63,192.77,178.57,39.82,892.86,569.22,375.53,71.92,200.02,608.06,175.59,191.37,289.24,300.72,350.93,165.78,426.17,290.78,430.09,478.11,145.1,639.97,608.65
2026-01-20,190.43,254.08,238.74,391.11,333.55,574.16,96.71,416.64,115.71,324.95,357.57,209.1,88.94,178.27,386.16,111.04,319.97,638.31,407.77,302.81,508.8,182.16,653.9,317.81,130.79,196.87,151.78,114.29,71.79,385.96,333.25,367.79,348.76,229.4,174.34,393.44,143.41,299.89,160.05,545.15,755.81,147.73,300.26,223.85,463.37,243.27,90.7,330.5,26.86,443.23,374.03,132.18,197.37,267.5,404.07,74.61,176.77,429.86,423.34,158.88,273.67,1562.33,512.87,385.44,829.03,216.59,96.99,577.97,155.15,458.61,248.03,153.22,143.88,595.14,319.01,1000.52,64.95,192.73,536.82,192.02,179.41,40.68,891.24,580.52,376.64,71.68,202.16,602.85,174.37,192.04,289.13,290.94,358.8,167.38,411.56,294.0,424.21,465.89,145.77,616.44,611.16
2026-01-21,191.92,258.88,240.16,385.48,324.63,565.62,98.28,420.04,111.15,336.89,357.06,206.45,86.79,182.28,399.49,111.52,307.73,649.46,402.88,304.26,512.67,186.53,651.36,322.18,131.52,206.35,146.91,115.32,72.99,387.78,342.0,363.38,343.61,225.86,169.95,420.69,142.58,288.21,166.86,531.74,781.69,150.15,306.29,223.26,467.39,246.52,92.19,334.9,25.02,451.85,364.43,135.22,197.79,265.55,405.01,76.68,177.81,437.97,419.2,159.34,272.13,1497.26,515.0,382.18,842.06,214.6,94.53,572.88,156.86,469.77,234.2,155.58,141.79,602.3,318.03,1022.8,65.53,185.76,527.7,188.76,175.4,42.58,876.26,567.89,365.69,71.92,202.28,613.11,173.0,193.62,293.49,298.39,361.13,164.88,410.62,301.96,433.98,451.89,143.01,618.33,577.61
2026-01-22,193.2,256.22,229.17,383.0,312.98,560.69,98.25,426.95,111.0,340.19,361.12,204.71,88.16,174.8,407.26,114.15,316.24,649.87,404.94,300.05,518.96,190.42,633.64,322.25,130.66,208.51,147.05,114.65,75.57,378.1,340.39,369.13,338.07,225.89,168.29,414.1,142.01,280.31,158.9,518.42,761.43,142.7,301.11,228.64,455.8,235.85,91.91,338.47,26.01,462.29,362.34,131.7,201.71,263.97,398.37,75.95,180.32,446.43,419.52,156.68,283.95,1499.39,531.44,384.58,857.66,217.58,92.4,578.79,157.24,460.87,235.86,150.9,143.79,613.18,322.59,1000.88,65.94,180.83,535.32,183.29,176.62,41.77,867.51,574.35,372.36,71.42,201.79,611.61,172.16,198.74,292.11,298.58,350.12,165.1,429.22,301.82,428.45,429.45,146.76,638.47,582.23
2026-01-23,193.06,252.37,227.86,389.28,309.3,553.86,97.24,445.83,110.44,348.64,358.76,204.1,86.32,169.98,428.88,114.73,305.54,658.11,404.98,299.97,514.69,187.57,620.37,331.51,128.3,208.47,145.96,116.31,74.05,375.92,333.73,376.21,351.44,220.38,165.21,401.65,139.78,286.08,166.59,521.34,783.87,145.26,295.1,223.01,473.75,233.84,91.11,344.26,26.33,475.76,355.52,129.47,205.9,259.37,406.15,75.91,183.87,434.71,422.47,154.87,292.22,1565.98,524.38,390.53,821.04,215.85,90.67,581.92,160.41,467.53,235.19,148.08,147.61,606.03,330.73,1013.42,64.87,179.63,520.46,188.56,173.83,42.04,906.4,563.77,378.99,70.62,199.08,622.15,172.43,196.69,294.71,297.18,349.62,166.23,423.39,300.84,424.71,420.59,148.05,641.51,595.73
2026-01-26,194.46,257.78,224.41,396.21,303.29,558.75,97.44,455.94,114.3,358.31,369.5,203.04,87.03,171.82,425.7,114.22,306.3,658.81,419.22,295.28,500.31,183.48,613.38,337.1,128.82,202.3,146.22,116.41,73.6,385.48,326.6,375.42,352.01,222.46,165.83,393.99,139.14,293.0,175.09,544.74,755.02,140.4,289.32,220.48,459.56,230.64,90.97,344.65,26.94,483.37,340.75,129.58,204.49,258.67,411.85,78.9,186.08,432.26,430.14,157.08,281.7,1569.24,521.01,394.71,823.36,214.0,91.1,576.12,160.59,472.72,220.24,146.91,145.72,600.67,338.43,1055.46,65.15,182.72,506.96,193.34,180.25,44.44,909.11,559.01,373.33,68.92,197.19,602.73,174.38,196.77,294.32,307.75,351.84,165.28,413.7,299.74,421.44,430.39,146.98,641.18,601.55
2026-01-27,194.64,262.15,228.97,403.2,300.83,565.91,96.45,453.53,116.74,372.23,374.87,203.6,86.9,164.06,425.18,117.14,310.15,653.16,408.14,285.73,514.23,184.36,665.17,337.32,131.4,209.84,146.29,114.87,76.83,366.33,332.16,374.84,346.54,225.75,169.48,384.8,136.07,296.01,171.72,532.02,811.7,137.02,297.76,222.81,467.75,233.48,91.53,342.49,26.16,490.09,321.93,132.5,207.05,257.59,405.99,78.26,188.43,431.74,434.79,154.72,278.09,1566.51,526.13,397.72,776.2,211.16,91.87,572.31,160.05,479.15,218.45,148.38,142.52,614.03,328.61,1018.42,65.18,181.28,508.29,192.15,174.9,44.82,932.97,548.97,397.25,69.58,203.97,607.93,176.65,187.94,292.65,300.53,338.61,169.27,419.21,306.72,420.73,410.83,146.4,621.62,577.12
2026-01-28,196.73,265.66,227.18,408.77,305.95,564.69,97.02,432.47,111.51,366.93,379.69,212.9,86.38,160.79,418.24,116.7,315.04,667.03,400.43,286.85,497.3,181.72,658.68,332.83,126.91,207.32,148.81,113.04,79.27,362.96,334.97,373.4,341.29,222.65,166.15,395.18,134.13,303.87,177.65,535.84,792.37,131.01,298.34,222.87,473.59,228.87,93.25,348.99,26.38,497.22,319.09,131.0,207.27,260.7,405.95,78.79,188.91,431.15,425.01,155.97,269.38,1515.65,499.98,390.9,777.97,209.07,94.32,570.28,160.58,475.35,218.28,146.23,141.77,605.45,341.82,1047.96,64.78,186.95,492.16,193.19,174.39,44.01,958.0,557.03,397.48,69.52,205.48,620.24,173.37,190.4,300.1,304.82,346.45,166.74,409.47,305.43,425.79,397.03,149.52,618.43,575.6
2026-01-29,196.57,280.11,230.6,395.26,302.99,563.71,99.18,444.23,112.19,370.04,375.73,214.91,87.06,157.3,418.51,114.97,322.61,692.69,401.75,281.97,501.28,174.71,669.72,339.75,122.86,204.01,147.92,112.79,81.92,373.66,347.89,381.51,336.89,223.01,164.49,401.51,132.23,309.29,182.48,524.08,747.58,130.3,299.22,227.27,471.51,231.67,93.84,348.95,25.38,516.42,325.21,129.45,199.49,262.19,408.6,80.16,190.66,427.72,422.68,155.37,256.81,1475.48,509.39,384.14,760.52,210.64,91.66,557.15,154.43,472.54,222.92,150.07,144.98,611.12,346.14,1086.87,64.01,183.61,471.87,194.72,180.78,44.08,973.64,553.53,388.65,68.42,204.21,628.53,176.14,188.96,301.18,299.27,335.96,168.4,396.36,304.68,428.25,396.45,151.19,619.48,557.5
2026-01-30,198.18,282.55,226.51,399.93,297.36,530.52,98.45,433.91,116.2,369.5,375.97,217.44,88.29,160.4,424.29,111.56,327.02,695.32,399.0,281.46,500.26,180.84,684.41,326.29,123.49,206.39,147.31,113.48,81.97,380.05,347.89,389.61,344.52,223.22,162.53,417.62,135.13,308.46,184.61,521.42,732.42,130.11,292.16,223.97,466.0,226.9,96.34,352.6,25.48,514.22,348.87,126.69,196.63,258.82,414.42,81.25,196.67,425.18,421.31,154.35,252.95,1434.92,503.77,383.02,723.34,212.0,91.66,552.85,156.6,489.2,221.97,148.57,149.23,622.49,346.35,1053.79,63.46,181.8,474.66,193.65,176.55,44.87,1001.14,569.2,385.91,68.21,207.89,638.36,177.99,182.96,305.04,296.48,330.64,170.23,384.87,308.43,432.15,386.81,153.09,597.46,568.27
2026-02-02,192.59,274.65,228.11,404.59,310.23,554.96,96.43,422.63,122.1,372.98,378.07,214.97,84.77,163.89,432.3,107.28,335.66,690.48,389.37,279.68,488.37,179.47,665.33,330.18,121.45,207.1,150.08,113.87,84.52,382.75,358.52,390.54,346.66,220.93,162.08,416.07,138.54,307.83,186.24,506.84,735.34,127.79,300.26,219.38,467.95,222.92,97.67,357.18,24.59,524.77,354.56,130.22,197.59,264.07,413.54,79.34,199.49,414.52,428.04,152.72,255.05,1470.76,513.52,401.02,716.45,207.21,94.46,549.43,153.74,480.41,221.05,149.22,154.06,624.49,343.92,1093.89,62.62,174.94,492.08,196.97,181.28,44.76,1024.49,581.37,381.09,67.96,215.98,620.54,178.17,179.43,305.32,301.2,338.28,173.26,378.86,304.17,424.31,388.68,156.73,589.22,575.87
2026-02-03,191.51,270.09,224.06,426.11,304.63,567.07,96.4,425.82,121.02,376.34,377.37,211.66,83.57,168.84,424.71,109.99,319.82,677.72,400.08,277.25,487.15,180.2,668.19,326.55,118.35,211.37,148.71,112.01,86.54,379.5,372.62,387.42,349.13,219.92,166.38,416.88,139.11,310.29,183.98,510.55,720.2,131.33,302.24,214.86,465.3,227.4,99.78,352.26,24.55,526.75,349.15,131.79,196.75,265.15,410.66,79.81,199.95,414.24,424.99,151.4,254.93,1446.48,522.14,402.19,730.32,210.44,93.2,548.28,150.45,476.32,223.8,148.28,157.46,622.74,342.51,1105.61,63.47,170.75,511.3,194.79,192.0,44.79,1041.85,589.45,382.9,68.93,214.48,612.76,177.92,182.82,304.81,299.49,336.7,173.76,375.98,301.31,424.77,377.03,152.23,594.54,585.12
2026-02-04,194.18,259.11,220.24,429.19,297.28,562.0,95.17,417.94,121.32,370.14,375.76,206.58,84.71,165.18,423.27,110.5,306.7,694.63,405.49,277.71,498.98,173.03,660.97,321.13,115.71,212.92,149.7,112.98,84.8,372.4,373.61,392.21,350.67,219.01,164.53,417.19,135.73,315.52,180.61,501.29,734.47,129.62,309.07,214.83,479.01,223.84,101.46,340.02,25.1,530.6,356.65,130.64,190.45,259.56,410.64,79.6,195.68,414.68,435.29,148.7,249.94,1429.74,498.96,411.73,730.87,210.36,95.12,562.13,151.33,482.75,226.67,152.26,154.28,633.5,343.59,1126.36,63.25,167.72,526.29,196.31,189.81,45.52,1030.34,581.52,388.91,68.76,221.53,616.72,174.95,181.15,293.24,297.84,334.39,171.75,360.93,301.96,427.37,363.11,148.34,577.31,550.52
2026-02-05,191.47,250.42,225.6,428.35,300.36,565.84,95.04,404.41,121.67,385.52,370.81,208.35,83.55,165.84,407.74,110.32,307.33,694.67,402.89,276.31,487.53,166.72,651.87,328.8,114.81,216.84,149.54,112.74,84.84,356.85,376.73,388.03,352.3,222.09,162.52,430.05,131.67,314.73,179.95,485.21,741.3,131.6,305.93,217.95,471.41,218.97,101.17,334.89,24.93,527.35,351.46,130.39,185.78,254.39,404.0,80.84,195.71,417.57,435.73,149.51,247.12,1456.08,498.91,422.33,751.16,212.61,94.61,554.98,155.36,474.56,235.51,157.6,156.47,630.21,335.02,1158.99,63.07,167.19,523.0,193.1,201.6,46.09,989.52,572.55,383.66,68.12,216.95,630.57,170.48,175.0,292.87,303.78,332.29,173.77,370.09,300.65,420.73,361.03,149.19,568.71,528.7
2026-02-06,191.44,239.76,223.1,434.37,299.32,575.75,94.81,416.6,119.02,376.24,371.85,208.66,83.1,159.62,416.85,114.78,319.0,675.95,401.26,281.33,482.5,165.02,657.42,331.52,115.57,213.7,148.72,108.45,85.1,345.18,394.67,388.2,342.78,220.79,158.03,395.3,132.33,309.22,179.85,481.08,729.72,129.08,313.98,212.96,479.84,217.75,99.3,330.21,24.0,533.9,346.58,125.26,181.33,251.45,407.08,83.55,193.26,419.7,443.15,154.71,238.53,1429.66,503.4,403.42,762.36,211.35,92.48,552.16,157.53,480.15,234.79,160.44,158.49,629.88,340.86,1119.15,62.87,168.62,520.32,194.73,209.78,45.77,972.37,578.51,373.68,67.33,213.96,646.69,170.55,172.06,281.63,297.25,330.26,174.86,380.79,300.35,417.7,362.15,144.05,555.99,518.92
2026-02-09,191.64,244.18,220.35,424.83,309.6,568.63,93.7,403.27,121.17,375.45,369.75,213.01,82.07,161.36,402.66,111.76,305.62,644.97,403.16,278.5,486.7,169.09,650.85,326.36,115.47,218.03,147.9,108.15,84.44,334.96,396.3,389.55,350.26,222.59,154.58,389.93,131.34,303.39,172.41,483.62,738.02,132.56,315.32,211.85,456.88,219.03,97.2,333.65,24.66,522.64,342.17,122.75,183.06,252.8,412.78,83.03,192.18,425.78,438.27,157.28,244.76,1478.34,515.16,401.43,803.13,208.7,90.82,549.01,159.98,481.7,235.29,155.84,158.02,633.77,342.32,1118.17,62.81,164.17,504.78,192.47,204.01,46.52,1024.36,577.73,387.89,66.42,211.78,656.44,170.2,166.93,285.48,293.74,330.81,173.27,380.29,305.72,415.46,380.58,146.73,571.55,520.31
2026-02-10,197.64,239.64,214.49,415.48,318.35,567.05,94.13,408.93,127.18,367.53,367.06,213.57,79.56,165.63,416.83,114.21,298.78,623.99,406.47,277.65,498.38,171.43,638.47,323.27,112.33,220.2,147.41,108.48,79.89,316.06,395.66,387.87,356.58,218.21,146.12,380.19,130.41,299.97,171.02,492.6,744.7,135.61,305.18,216.73,465.42,215.89,99.48,335.17,24.39,528.19,349.23,128.26,177.63,261.14,407.85,79.88,190.07,431.54,447.62,155.63,238.62,1453.16,521.94,404.79,825.62,206.08,93.15,536.33,156.1,499.49,237.55,152.31,158.7,639.86,340.19,1082.56,62.64,159.05,526.05,192.84,203.53,46.86,1037.13,572.39,406.27,68.11,207.24,663.9,171.43,170.06,286.84,293.2,333.83,172.49,384.39,302.27,411.6,382.04,147.46,575.62,524.08
2026-02-11,199.17,249.57,214.23,433.64,313.18,567.46,95.01,401.7,120.95,383.32,368.07,213.54,79.76,166.4,401.4,114.86,298.95,625.58,411.5,276.33,496.95,168.14,645.85,336.21,111.81,216.0,145.09,108.8,83.16,313.99,396.03,390.0,355.25,220.36,144.3,394.63,127.75,303.5,181.09,501.18,744.18,139.98,300.94,214.95,452.41,213.84,99.22,334.59,24.81,517.18,341.79,128.84,179.06,266.08,405.48,78.9,188.79,427.64,433.33,152.51,239.34,1427.95,519.67,398.07,859.36,210.11,93.37,528.34,153.25,493.81,229.94,156.25,159.11,656.14,331.15,1088.8,62.1,159.51,521.62,191.31,189.49,47.39,1020.0,573.21,406.21,69.47,198.5,665.28,171.95,168.77,290.11,302.82,339.94,177.71,395.76,296.52,405.83,371.22,145.18,576.88,546.24
2026-02-12,200.28,260.26,215.8,435.95,299.03,559.14,94.46,386.26,129.27,379.97,367.18,209.53,77.14,170.09,405.55,113.92,305.13,602.93,418.07,282.66,486.61,163.81,678.44,341.94,113.96,217.5,145.86,108.62,81.41,319.33,395.49,382.32,355.03,225.96,143.21,398.21,127.73,297.88,181.38,497.67,746.71,138.34,308.92,217.62,432.09,213.98,99.44,337.79,24.24,527.5,341.58,130.92,184.72,259.47,404.76,77.74,186.27,420.47,425.04,149.88,236.11,1443.73,524.35,395.53,825.51,209.02,91.58,534.51,152.81,491.57,241.4,151.78,160.18,682.41,339.38,1106.99,63.23,161.56,512.01,190.83,197.74,47.05,953.43,550.61,401.79,68.23,193.82,654.01,170.82,164.87,289.15,305.31,346.17,172.54,399.43,296.79,403.67,379.07,146.86,574.48,547.9
2026-02-13,199.89,253.39,213.53,420.57,296.38,557.03,94.95,379.82,134.53,383.35,367.04,210.18,77.56,168.06,397.25,113.81,300.19,602.88,422.43,287.42,489.07,168.88,670.98,349.88,114.63,213.63,145.97,110.88,80.62,320.69,408.96,380.55,376.82,232.29,136.4,387.49,126.39,313.32,171.23,502.57,759.39,138.82,310.33,219.49,412.0,217.77,100.39,337.45,24.71,503.5,349.98,130.57,182.93,265.25,409.82,76.23,181.29,413.65,422.84,148.34,235.7,1449.32,519.35,395.03,814.35,208.14,93.08,540.78,157.07,500.58,247.49,153.06,165.3,676.0,340.51,1165.41,61.48,162.69,492.87,193.6,208.72,45.94,918.14,542.09,410.85,68.65,195.07,647.58,174.24,166.7,290.33,305.35,333.79,173.27,415.57,288.62,399.15,399.85,143.37,567.21,543.96
2026-02-16,198.64,257.97,215.0,424.57,303.53,570.14,94.37,377.18,131.27,387.75,373.29,211.69,79.59,170.2,396.28,113.0,292.74,598.68,421.96,293.67,487.37,171.56,675.71,359.34,113.33,219.02,148.8,112.49,78.69,326.15,392.38,384.4,379.21,237.0,138.21,381.79,126.04,327.51,172.04,503.73,786.24,145.07,304.77,216.79,428.81,214.08,99.46,334.15,24.4,492.84,361.46,132.97,186.82,268.24,404.71,74.57,182.83,413.9,435.58,152.74,243.01,1446.93,501.16,405.07,767.4,211.44,94.94,530.68,156.74,501.87,253.46,153.13,164.46,687.05,347.52,1175.75,61.34,159.92,509.04,196.07,214.15,46.07,870.68,532.15,400.73,69.96,188.4,629.32,174.46,168.7,272.82,308.33,326.21,177.04,413.47,290.06,397.08,395.37,141.58,570.01,552.63
2026-02-17,198.64,251.48,210.9,402.5,307.49,567.38,92.02,380.98,128.17,397.05,373.96,215.19,81.5,163.85,384.5,116.9,297.19,589.62,438.34,289.95,476.45,172.52,708.09,368.46,114.88,216.78,148.65,113.24,81.31,325.23,400.93,373.42,381.33,233.97,139.98,402.13,125.32,325.09,172.74,502.84,757.4,139.97,304.83,216.07,432.37,214.94,98.87,334.09,24.65,486.06,369.31,135.18,191.63,266.19,399.51,75.51,182.1,408.21,427.53,156.85,238.75,1466.87,507.89,398.01,737.05,215.09,92.69,538.37,154.54,503.9,256.72,154.57,170.9,697.66,343.0,1190.68,58.7,161.06,527.14,194.61,221.73,47.23,885.31,538.8,397.57,71.99,188.91,626.52,176.19,171.05,275.27,299.66,313.69,175.37,425.44,290.43,390.31,381.6,135.51,590.1,557.2
2026-02-18,197.92,248.79,203.69,396.07,315.36,552.3,91.85,388.26,125.5,390.61,372.2,216.67,81.53,168.24,393.53,114.81,306.62,592.46,424.94,293.67,473.03,174.37,660.31,362.15,112.59,219.04,149.9,117.91,80.46,325.14,407.08,367.68,383.32,233.99,140.8,394.33,123.91,322.12,172.31,496.61,764.66,137.95,303.68,215.69,421.25,215.32,99.54,339.57,23.89,487.14,374.41,135.46,196.86,265.23,401.65,76.23,182.72,403.19,431.78,155.71,236.95,1485.26,504.03,389.06,744.99,211.4,93.37,532.44,155.97,499.92,255.62,156.6,172.75,702.86,343.44,1174.46,59.56,165.63,540.4,194.73,219.31,47.18,918.73,521.0,389.78,69.38,194.26,623.05,179.88,171.98,274.8,298.28,319.41,176.05,419.75,287.95,383.97,396.41,137.34,604.13,563.59
2026-02-19,199.26,252.55,200.32,374.65,322.73,521.21,91.23,391.57,123.73,393.4,376.98,215.59,81.24,174.93,396.57,114.65,317.21,588.85,429.28,295.67,463.6,184.72,660.63,364.7,116.35,220.44,150.06,116.46,78.53,315.66,412.72,370.11,384.01,234.3,142.87,390.13,122.98,320.73,171.7,508.39,777.61,137.28,305.65,218.61,435.52,214.18,99.22,344.93,23.16,494.72,371.05,131.87,199.4,267.92,397.6,77.13,181.3,406.69,432.35,156.26,245.28,1469.49,494.15,394.86,747.74,212.76,91.79,534.12,155.95,509.99,253.86,156.94,176.45,714.2,350.59,1157.75,59.02,161.93,530.65,196.0,215.18,49.86,894.04,516.24,382.17,69.17,193.52,614.94,181.99,166.1,275.0,296.46,317.81,174.7,407.4,289.38,391.33,397.08,140.57,628.1,562.95
2026-02-20,198.26,266.75,197.85,384.93,320.79,509.37,92.84,405.1,124.37,398.62,376.44,216.91,78.64,176.55,401.69,116.52,327.71,604.85,435.7,294.95,457.55,181.24,659.76,368.73,115.67,225.27,146.22,116.78,78.84,328.59,401.04,372.53,389.56,230.11,139.21,404.04,122.62,330.71,172.87,494.0,807.2,134.7,302.16,220.18,417.1,206.77,99.5,345.39,22.72,500.91,370.52,126.05,208.86,279.26,404.54,78.89,182.53,406.37,425.68,161.71,238.32,1477.14,523.95,385.98,746.88,217.89,89.64,539.08,157.39,539.64,263.4,157.91,171.67,724.94,342.64,1186.16,59.29,160.89,524.42,193.14,226.16,49.68,892.35,525.99,371.17,69.13,197.43,616.01,183.21,161.61,269.16,291.17,310.17,173.88,401.31,292.0,391.2,396.96,142.39,610.91,553.9
2026-02-23,199.62,277.21,200.44,396.27,325.9,515.26,94.69,400.4,118.84,398.45,373.52,212.44,78.11,176.76,402.52,116.13,334.36,597.16,462.19,300.83,433.72,179.16,671.93,359.6,115.18,229.9,146.48,116.69,80.61,338.68,396.07,379.02,389.74,232.14,139.61,408.96,124.08,325.71,170.69,477.68,803.15,135.56,313.39,217.78,424.91,206.2,102.58,345.17,22.95,515.17,372.37,122.44,207.15,277.29,392.4,83.09,187.94,408.33,420.64,162.7,231.81,1442.05,527.94,393.7,778.49,219.67,92.25,536.22,154.05,535.41,270.24,159.26,168.94,717.85,328.62,1221.63,59.03,156.64,508.02,196.34,231.48,49.81,876.58,519.47,368.77,67.87,197.34,625.42,186.92,161.99,274.21,290.55,312.66,177.53,398.27,292.75,384.92,407.98,138.09,594.16,533.19
2026-02-24,198.58,281.49,200.44,386.13,323.75,485.56,94.27,399.46,122.19,396.93,371.51,209.45,79.12,172.95,400.3,115.87,336.63,583.06,473.45,297.17,428.19,173.83,668.99,363.55,116.06,227.6,145.49,115.39,81.49,357.76,408.15,383.76,385.81,228.13,141.73,404.22,124.47,314.95,174.8,480.0,823.62,137.89,320.09,216.04,430.07,199.99,100.8,348.79,23.26,512.48,381.37,127.82,212.64,278.92,398.82,87.29,186.79,414.61,423.44,163.27,226.85,1468.25,498.6,374.63,753.43,217.94,91.01,532.66,150.25,534.89,267.79,158.49,172.14,707.76,325.4,1207.26,60.24,154.89,522.33,200.74,228.24,51.03,853.63,523.98,367.47,67.24,193.01,623.48,185.38,160.14,272.03,286.49,307.63,177.13,401.81,289.99,378.39,383.18,136.79,597.08,558.39
2026-02-25,200.01,281.88,193.26,384.65,328.26,495.47,96.0,412.64,129.91,394.04,368.48,208.4,76.32,171.96,393.14,118.75,321.93,602.28,480.13,303.09,410.3,166.1,695.77,373.21,117.48,232.41,142.7,117.73,81.74,362.49,414.57,381.37,384.02,224.41,137.19,395.44,124.97,312.47,178.63,477.97,841.97,134.49,318.29,218.06,421.55,201.78,101.11,345.82,23.54,503.69,373.4,123.71,218.89,281.26,408.38,87.63,187.02,403.34,419.16,168.67,225.9,1388.83,482.79,369.91,733.4,218.15,89.35,531.76,150.31,533.95,274.12,159.27,168.79,710.17,322.5,1217.57,59.38,158.45,543.3,202.98,224.34,51.87,870.95,546.04,369.97,69.24,189.31,622.15,188.78,156.25,269.45,278.65,309.98,174.68,411.16,287.68,375.49,377.43,137.68,603.25,535.11
2026-02-26,198.63,291.18,189.98,391.83,327.38,511.04,96.54,392.54,130.03,376.95,369.31,208.85,78.17,169.34,394.71,117.3,325.38,612.02,465.83,303.15,397.58,166.91,683.32,385.67,119.03,241.33,145.68,115.25,82.52,372.2,414.01,379.47,387.38,220.17,136.65,394.7,125.2,323.27,178.13,467.75,855.23,134.71,326.57,218.08,420.09,211.84,101.34,340.38,24.31,514.1,392.46,121.64,217.07,282.15,406.39,87.68,186.06,400.91,416.8,163.53,222.27,1406.43,484.38,360.88,766.61,218.74,90.97,521.21,153.5,531.24,275.86,163.02,172.44,698.08,312.69,1261.16,59.39,157.53,542.42,206.24,221.27,51.67,901.14,544.47,376.08,71.26,196.65,617.52,186.21,156.75,277.6,278.25,310.52,176.99,397.48,293.01,388.99,374.64,131.58,604.95,558.44
2026-02-27,203.75,291.38,188.84,405.75,336.89,525.96,94.34,411.96,134.55,377.72,369.68,208.6,79.39,169.4,402.21,119.95,330.37,620.98,461.63,299.86,396.3,162.06,657.46,395.13,121.62,238.25,145.92,116.42,81.88,359.04,427.05,374.56,394.87,217.52,142.38,389.57,125.96,328.74,173.93,476.15,821.99,129.99,322.82,218.09,407.0,208.1,102.79,343.26,23.71,502.14,389.26,125.51,216.32,285.17,423.35,88.16,184.47,399.68,415.34,165.26,225.15,1398.27,477.27,357.09,776.69,221.55,92.05,550.16,151.24,524.82,281.55,162.51,169.37,683.64,312.38,1233.01,61.21,156.13,551.45,206.66,226.03,52.24,933.08,532.53,391.14,71.96,200.85,612.49,184.08,159.95,278.7,279.0,299.34,178.11,412.4,293.71,390.76,390.23,130.16,614.31,548.86
2026-03-02,203.45,286.09,190.02,411.65,335.66,527.74,94.49,408.24,133.52,365.36,375.3,207.67,77.82,166.51,401.6,125.34,327.52,625.81,479.37,305.81,392.57,157.07,637.77,410.52,121.97,242.55,145.24,117.77,82.02,368.67,419.42,371.52,395.47,216.24,137.5,381.31,127.71,324.04,187.66,484.81,812.63,135.18,327.02,222.28,413.66,216.42,101.25,342.36,24.69,497.1,376.15,120.54,217.85,283.99,418.17,86.87,184.93,390.75,410.84,165.14,222.82,1401.15,478.29,360.89,774.9,221.28,93.86,544.69,152.07,522.95,283.13,162.15,172.33,659.36,309.41,1268.9,60.16,160.46,527.49,202.14,226.48,52.34,930.37,527.94,408.4,72.36,197.74,639.69,183.85,160.92,280.62,280.93,299.57,176.07,416.26,300.4,389.83,406.95,130.0,631.2,550.88
2026-03-03,205.73,290.24,191.33,427.78,331.08,524.53,93.75,427.99,123.18,372.07,380.41,207.25,79.28,170.86,399.93,121.46,327.45,647.43,467.29,304.43,388.25,159.99,619.1,406.54,125.29,238.9,145.98,116.21,81.39,363.74,437.57,371.41,400.72,213.71,137.17,401.26,126.6,322.19,192.56,498.28,772.06,136.44,327.06,223.27,402.5,215.64,100.15,339.64,24.53,480.49,368.78,119.17,215.48,280.54,421.49,91.96,183.21,386.2,407.1,172.49,224.19,1402.7,474.67,342.47,746.52,224.24,95.67,543.33,153.77,517.73,292.08,158.18,172.22,658.56,308.25,1304.83,60.97,161.75,521.0,200.13,225.06,52.88,918.77,522.81,413.52,71.62,192.04,657.95,179.13,161.99,274.33,274.5,314.64,175.01,419.17,298.91,380.24,401.46,130.16,612.15,526.71
2026-03-04,204.45,294.09,191.43,421.45,339.76,535.28,91.18,439.0,124.27,394.56,378.58,209.25,81.1,170.82,401.71,120.67,317.76,669.82,471.1,307.89,395.11,153.92,596.06,426.24,124.95,251.4,145.91,115.13,83.94,359.01,428.55,369.88,404.9,209.68,139.81,395.33,126.66,326.65,196.14,508.93,776.09,136.07,330.53,221.77,409.63,213.91,100.45,342.95,24.09,474.17,364.77,121.23,215.68,281.53,428.06,91.01,182.86,383.35,412.21,168.54,219.98,1408.92,462.07,351.43,722.65,225.36,100.6,545.85,154.32,532.38,297.36,152.85,171.05,663.15,300.48,1276.17,60.81,156.39,510.16,194.43,240.43,52.04,909.37,529.8,407.42,70.68,189.36,669.13,183.48,161.59,275.09,270.9,323.5,170.66,418.17,294.91,375.7,398.12,130.07,602.91,503.73
2026-03-05,202.28,281.03,196.31,420.92,358.86,532.38,90.92,469.27,122.54,405.75,377.74,204.21,81.51,169.39,394.83,121.27,312.34,653.24,477.49,308.76,391.15,150.41,603.88,437.09,123.75,259.59,148.33,116.28,80.36,391.34,432.67,377.36,394.22,219.33,134.64,394.0,127.41,319.13,189.36,513.7,789.71,129.23,335.43,217.86,406.29,215.51,99.75,337.37,23.89,466.68,350.38,123.39,208.58,281.19,434.95,89.71,182.12,383.98,408.28,167.68,209.14,1434.82,466.53,340.11,705.91,228.04,101.52,555.29,150.24,548.28,305.84,150.3,171.02,648.63,296.14,1335.14,61.92,162.6,503.6,200.01,252.12,53.15,887.59,550.6,407.56,70.65,190.91,656.89,179.5,160.14,281.22,270.6,331.9,169.97,419.42,300.96,371.44,384.97,134.56,615.81,500.73
2026-03-06,201.42,268.78,196.22,432.77,358.12,524.51,90.75,462.15,124.61,402.2,375.99,201.99,79.56,162.82,403.08,127.03,311.09,666.5,478.61,316.48,387.12,144.28,628.23,419.15,122.12,256.13,146.79,116.52,80.13,380.3,418.45,377.57,405.92,219.66,138.01,387.49,126.6,316.31,192.72,524.22,784.12,129.35,343.47,217.25,415.31,222.02,101.9,345.83,24.08,469.58,344.31,119.94,210.13,282.46,447.16,86.79,185.62,381.7,408.02,172.12,208.89,1406.78,456.81,348.83,695.77,217.59,100.73,559.61,149.12,543.38,307.44,147.35,171.28,652.56,308.42,1320.02,60.88,162.62,506.64,198.89,246.13,53.75,905.53,548.93,415.95,70.98,187.92,668.15,177.62,161.32,288.74,273.33,338.45,171.53,424.69,303.28,377.7,368.93,134.5,635.82,495.27
2026-03-09,199.44,272.62,201.35,422.82,361.72,524.21,91.57,477.65,121.25,387.01,379.13,205.51,77.7,168.64,406.49,127.09,317.78,672.66,463.15,314.82,397.52,145.17,634.42,429.47,123.06,250.09,145.31,114.18,78.14,387.94,411.96,382.02,402.5,219.26,140.34,412.6,126.68,330.13,192.53,513.15,773.77,124.42,341.66,218.22,422.07,224.89,102.56,349.49,24.87,465.1,343.71,119.03,201.66,274.79,447.87,88.08,187.09,377.04,402.82,175.26,212.91,1323.22,461.01,350.45,667.15,212.79,96.2,558.43,150.03,555.41,315.05,149.56,169.87,638.92,312.58,1368.99,61.87,158.67,522.7,198.18,251.6,53.31,916.4,548.51,425.26,72.42,187.43,659.32,177.14,162.34,286.61,278.69,349.31,172.61,430.88,301.93,374.37,374.96,129.31,629.07,486.98
2026-03-10,200.65,286.58,200.98,416.08,360.16,534.81,93.31,465.05,119.38,376.51,373.56,205.65,76.28,165.55,416.98,129.89,321.8,698.93,452.58,314.96,382.99,145.06,635.45,420.91,124.05,263.94,144.72,115.11,77.74,405.93,408.7,389.82,396.05,216.65,136.08,415.49,128.36,327.36,185.03,521.81,798.03,125.56,362.23,216.95,428.9,222.92,102.74,350.83,24.33,452.68,356.2,121.69,203.48,279.19,447.74,87.93,187.46,369.61,409.87,177.19,214.55,1336.97,448.33,350.4,705.71,212.46,95.75,558.0,148.07,560.99,324.06,150.61,168.17,633.58,307.9,1478.54,62.53,155.83,537.71,198.09,250.23,50.54,945.09,548.85,430.11,71.4,189.73,653.6,178.73,161.42,284.69,280.78,349.93,166.93,439.91,303.96,370.28,379.85,128.56,633.14,492.23
2026-03-11,198.94,285.41,211.27,411.01,357.2,527.27,92.84,452.19,120.79,363.8,374.91,201.73,76.15,164.0,410.21,126.27,318.08,700.64,446.38,325.13,381.09,153.35,638.41,411.24,121.89,259.95,148.4,113.7,78.79,411.5,398.71,396.36,402.64,218.36,137.78,417.08,125.23,319.26,185.29,531.82,812.61,128.93,361.94,212.21,426.61,225.31,103.39,349.43,24.45,443.26,351.46,119.52,204.69,278.69,440.13,86.25,186.06,360.98,415.78,179.59,218.03,1359.08,446.51,354.34,724.88,216.3,93.84,559.71,149.01,576.59,322.02,150.17,166.09,634.8,307.64,1473.78,61.67,157.77,547.03,196.24,257.76,51.69,928.82,543.84,414.75,67.9,193.51,634.52,177.54,164.04,285.0,276.63,350.0,169.74,435.39,303.31,364.64,386.53,128.04,630.02,496.26
2026-03-12,198.62,289.25,217.75,416.27,349.86,520.95,92.92,459.51,122.0,384.51,376.46,197.12,75.97,165.78,418.34,128.03,309.05,679.28,441.17,330.53,385.0,157.03,622.01,439.87,122.66,274.66,149.32,114.7,77.91,392.35,396.8,385.18,388.91,217.34,137.99,396.96,124.25,315.2,181.87,526.96,787.89,123.79,354.51,214.67,433.89,217.47,105.75,346.02,23.88,427.77,345.22,123.19,204.86,283.46,435.47,90.83,186.86,357.59,421.8,175.32,217.24,1403.48,455.03,363.73,704.0,223.1,92.08,555.71,147.31,589.7,336.96,152.36,159.13,618.27,303.18,1474.63,61.7,157.2,542.97,197.65,263.47,52.06,896.34,546.38,424.05,68.25,189.19,644.91,174.95,162.16,286.21,278.22,356.56,171.99,426.96,302.77,370.44,374.1,124.09,646.73,508.1
2026-03-13,200.72,285.83,221.27,421.59,346.71,522.22,94.55,438.92,120.87,378.87,372.29,193.86,78.07,172.15,423.23,126.84,312.09,683.47,426.69,340.9,389.04,154.71,645.92,436.45,125.02,282.95,152.29,114.97,82.0,396.45,400.78,380.91,390.04,215.91,138.68,384.6,125.26,304.66,181.12,523.77,799.53,120.42,351.9,213.0,439.87,220.37,107.77,341.62,22.89,424.56,341.11,122.0,201.48,285.82,433.19,89.73,185.05,351.55,428.53,175.04,222.38,1435.27,447.28,363.94,714.12,223.79,94.96,560.26,149.38,583.01,339.67,158.37,160.03,616.82,301.99,1466.12,63.25,158.82,508.27,206.12,258.69,51.5,876.69,545.95,411.82,68.5,191.66,646.7,174.15,165.65,286.09,277.49,355.06,174.48,428.8,301.57,369.87,393.3,127.48,654.63,502.62
2026-03-16,199.42,307.82,219.97,417.94,356.63,528.57,95.59,446.27,122.99,378.95,379.74,191.21,76.66,174.19,416.7,125.36,309.94,672.02,421.08,349.15,393.15,157.76,639.96,446.7,123.1,278.73,149.82,113.36,80.18,408.83,409.66,372.55,380.02,215.24,142.73,368.35,126.36,293.92,178.96,530.2,775.47,121.17,345.27,215.64,436.19,223.55,109.58,340.62,23.7,429.56,337.9,120.94,200.85,289.91,432.57,89.49,188.48,356.13,431.56,174.44,228.98,1470.5,451.55,381.5,726.57,221.18,96.79,563.96,148.69,590.28,350.23,163.16,164.44,616.16,308.47,1438.81,63.43,162.53,504.03,203.76,259.9,51.3,879.49,565.49,406.63,69.76,192.31,648.04,175.82,162.13,286.43,275.75,351.73,173.69,445.83,305.27,368.51,389.6,133.68,673.23,511.58
2026-03-17,201.93,307.86,219.37,420.75,350.65,536.17,95.94,439.8,125.42,375.19,379.8,196.0,77.87,169.77,418.94,124.35,302.0,670.8,408.44,343.08,405.03,154.6,649.46,412.22,125.15,283.8,151.53,112.95,81.0,418.59,427.56,365.74,379.61,220.52,145.13,371.26,127.01,310.15,177.75,523.65,760.15,115.19,340.66,216.18,422.68,220.92,110.39,340.49,23.11,434.0,355.43,125.66,196.56,284.08,440.83,90.91,187.1,345.94,422.78,173.88,225.98,1438.01,447.28,409.01,744.77,228.48,97.2,565.32,147.09,594.66,354.59,164.0,163.15,608.43,302.94,1425.02,62.67,163.45,496.33,205.09,258.07,49.46,873.88,576.42,392.42,70.4,196.94,645.35,171.23,164.77,281.95,276.71,345.91,170.83,435.37,305.07,367.98,399.02,135.13,670.78,518.46
2026-03-18,200.46,281.59,218.95,414.2,341.73,534.86,96.28,442.69,126.66,382.07,385.75,203.02,77.46,169.86,425.84,124.99,301.0,668.72,407.09,342.18,401.24,145.5,644.0,425.21,126.3,285.31,149.58,114.13,82.02,412.53,428.46,361.2,388.93,221.22,147.66,360.31,126.35,310.54,174.24,516.41,765.28,115.6,323.1,219.69,427.97,218.36,112.46,337.06,23.05,452.65,368.83,121.15,191.14,281.48,442.9,90.41,187.18,347.39,416.46,174.39,217.82,1436.79,468.33,398.83,740.46,232.78,97.17,577.88,142.57,618.65,374.0,162.0,167.1,601.99,304.04,1450.93,64.01,158.72,518.19,201.7,261.28,50.34,874.67,577.82,413.73,69.37,206.31,634.87,171.53,168.09,288.65,272.89,336.21,169.67,426.1,302.3,364.82,394.28,130.91,670.08,526.43
2026-03-19,199.65,272.14,219.62,397.01,353.01,548.95,96.7,427.36,128.35,382.29,384.79,194.79,77.27,165.83,419.72,124.63,290.41,660.07,417.77,345.34,421.47,145.68,651.31,398.6,122.65,285.29,150.31,113.48,79.42,419.17,433.53,361.01,386.07,223.02,149.21,351.74,126.64,305.52,165.82,524.8,777.96,114.5,325.14,222.78,433.87,218.43,111.07,341.58,23.65,452.52,373.15,122.39,193.01,279.16,452.2,92.27,188.51,355.51,415.84,174.03,210.5,1392.04,453.45,396.55,749.58,237.26,95.85,576.72,145.63,593.19,385.78,163.56,162.93,593.88,312.14,1553.61,65.26,160.17,532.3,200.75,258.95,50.39,863.78,557.69,416.13,69.88,200.2,631.3,170.01,162.65,297.76,278.73,337.23,170.85,452.66,296.72,368.16,413.9,132.65,719.97,518.4
2026-03-20,206.08,271.05,219.43,408.78,352.27,551.0,95.84,409.01,129.7,383.54,380.1,191.69,77.75,163.23,421.42,121.25,296.47,670.38,407.43,335.61,416.31,147.48,651.35,410.81,121.2,296.19,150.33,113.65,78.8,429.88,446.43,357.44,391.71,220.88,151.53,348.98,126.43,299.71,170.78,537.78,763.94,111.77,343.42,215.95,425.93,222.77,114.77,352.02,24.93,464.65,371.63,122.52,197.84,273.32,453.24,90.92,189.72,356.77,418.75,177.95,201.42,1445.8,450.49,393.93,753.57,238.91,96.05,573.54,143.21,578.89,356.0,168.92,163.69,579.76,311.61,1605.58,65.68,156.59,531.92,199.82,258.28,52.34,810.08,566.74,410.47,70.32,212.6,627.11,171.76,157.19,299.74,284.65,336.85,173.81,452.74,299.04,363.77,431.04,128.11,738.98,507.4
2026-03-23,206.63,274.04,215.82,420.53,343.97,565.79,96.47,400.12,127.44,383.57,373.93,188.26,77.66,162.91,417.65,121.67,291.67,672.02,406.33,338.94,412.96,145.95,643.14,420.29,118.84,303.52,148.38,115.42,77.29,445.43,433.85,359.78,393.66,221.42,147.16,340.82,126.99,304.84,168.67,535.21,769.56,110.82,348.42,214.28,420.32,216.67,113.27,354.48,24.08,463.15,366.31,116.22,194.23,276.78,458.31,87.75,191.97,357.33,410.81,179.69,208.92,1448.46,459.04,393.65,722.18,239.73,95.25,569.45,149.07,590.57,341.48,166.67,169.51,577.62,316.46,1612.18,65.15,154.84,528.57,197.9,262.91,50.13,837.12,573.3,421.72,69.36,220.32,624.75,173.74,159.12,302.9,282.69,347.89,172.76,453.2,298.49,368.71,402.63,127.31,743.24,538.05
2026-03-24,205.15,278.42,223.3,439.35,336.97,569.78,98.07,400.76,126.57,362.84,375.95,189.29,80.07,157.01,416.74,120.23,282.1,666.27,417.38,341.23,414.53,144.21,648.49,426.17,119.18,298.22,150.51,114.67,74.43,446.07,426.39,356.15,402.14,223.43,150.43,350.74,126.15,303.72,166.05,548.38,737.98,112.32,351.71,210.19,408.23,211.92,113.55,353.16,23.6,461.01,389.39,112.52,189.35,281.43,452.41,85.94,193.67,339.87,410.49,180.98,210.38,1456.07,460.15,401.99,709.05,238.37,93.75,586.38,154.45,595.77,342.65,167.06,167.17,578.52,313.54,1553.84,64.8,152.83,550.93,198.82,259.04,50.0,820.03,586.78,428.51,68.12,218.86,627.19,173.94,156.75,300.69,280.91,356.91,174.78,455.01,300.37,371.0,411.91,130.67,738.93,526.93
2026-03-25,201.09,276.78,224.92,448.68,328.92,568.73,97.53,422.85,130.0,360.17,381.15,186.11,80.56,152.9,412.61,117.46,274.65,698.69,416.37,346.62,403.27,154.26,648.25,436.9,121.45,308.41,148.15,115.09,72.83,421.24,419.43,349.74,399.0,211.9,153.74,347.64,124.47,308.68,171.3,533.82,751.95,114.38,357.32,208.44,415.73,212.09,115.68,368.41,23.83,446.41,387.96,114.3,194.64,274.61,453.03,85.56,197.07,339.45,408.25,179.4,208.25,1437.69,467.18,396.92,717.56,238.51,89.51,591.8,155.76,596.92,350.92,165.84,165.3,588.15,317.24,1503.04,63.41,154.02,567.5,200.37,255.09,49.81,851.13,576.49,444.4,68.17,217.52,638.15,172.27,160.9,296.56,272.36,355.52,172.7,457.91,305.04,379.55,419.3,129.62,735.56,525.54
2026-03-26,205.31,265.18,216.72,435.53,332.79,547.05,97.95,419.71,130.14,350.31,389.78,194.97,80.73,151.57,402.56,119.79,270.37,680.5,436.78,342.45,402.79,154.23,659.92,419.86,123.06,307.86,147.28,116.62,72.11,431.83,439.61,353.06,401.02,220.22,153.5,324.5,124.6,311.23,179.38,533.24,757.56,119.6,348.81,200.98,413.44,218.48,114.86,364.82,23.53,440.74,384.15,118.52,194.16,272.98,467.12,86.68,195.59,349.2,414.71,171.9,212.52,1473.8,469.11,398.98,715.31,245.1,89.13,596.59,154.48,609.65,346.17,168.36,166.43,590.05,313.96,1407.75,63.56,157.45,574.0,201.58,252.56,49.34,834.81,577.47,432.12,67.74,219.24,637.31,170.45,157.52,294.58,266.93,351.34,173.16,456.2,308.67,376.91,427.41,131.46,718.39,545.96
2026-03-27,206.43,266.55,219.38,430.57,338.03,541.84,97.12,407.17,125.24,344.35,392.65,196.99,79.36,152.71,401.31,119.45,276.47,686.16,444.99,339.96,403.62,157.06,683.57,419.13,123.18,312.72,147.69,114.2,71.15,442.2,451.01,353.91,398.76,218.87,152.23,339.36,125.04,318.37,185.9,543.77,771.29,116.35,335.76,202.34,403.4,220.08,113.31,361.65,22.29,425.53,375.8,117.82,195.46,284.39,473.08,90.32,197.16,353.8,423.41,174.91,210.08,1403.57,479.48,405.58,694.95,247.32,88.2,591.04,155.62,609.6,360.14,168.79,169.94,603.88,314.69,1384.68,62.19,154.15,576.75,200.76,259.23,49.06,841.83,570.33,427.8,65.78,222.68,655.8,169.67,154.28,292.06,273.54,368.33,175.15,442.45,313.01,366.19,432.17,124.55,707.96,560.63
2026-03-30,209.41,258.39,214.14,438.72,340.83,539.63,94.79,399.24,119.49,346.05,392.46,205.05,80.55,150.77,411.77,120.55,276.83,669.92,437.94,336.95,407.41,159.29,716.06,432.67,122.43,326.3,145.64,114.83,70.46,450.65,483.59,349.52,393.52,217.01,144.88,331.08,124.86,316.4,187.93,556.15,775.7,120.84,334.05,199.0,414.23,216.27,110.8,365.52,22.0,417.53,362.03,118.18,201.07,285.72,469.24,89.68,194.56,352.74,433.65,182.95,216.78,1411.8,480.72,404.68,666.98,242.92,88.5,599.54,156.03,616.09,370.23,166.83,165.54,602.14,318.98,1383.62,61.1,156.81,580.8,205.83,268.29,49.93,854.89,584.43,440.98,66.52,219.15,666.57,169.31,155.92,290.3,270.23,366.3,176.18,461.07,310.84,365.62,443.07,124.45,707.35,581.75
2026-03-31,206.61,265.14,207.74,442.0,336.12,536.84,95.79,403.33,117.36,341.18,396.03,207.3,79.09,154.82,413.47,120.22,284.05,676.83,412.11,342.03,418.99,155.15,737.95,434.81,119.94,316.56,145.47,114.43,74.37,434.76,484.53,348.77,387.34,212.09,141.51,331.6,125.63,310.46,192.91,568.48,787.11,121.86,333.92,200.35,422.45,210.64,111.15,354.31,22.74,410.22,351.63,112.01,204.23,289.86,464.02,88.24,194.46,357.88,434.11,181.72,224.73,1341.48,468.49,399.74,664.42,244.86,84.99,620.07,156.05,605.27,362.99,162.19,166.06,591.64,319.45,1352.05,62.38,159.77,585.4,204.44,266.68,50.4,881.5,588.61,446.94,66.64,213.28,678.11,169.51,154.65,292.28,273.33,371.6,179.19,466.6,303.96,364.96,441.67,125.59,702.4,549.34
2026-04-01,203.94,258.73,205.69,455.0,330.01,534.02,98.56,408.24,117.83,347.05,399.91,208.44,78.09,153.51,415.76,120.47,282.89,724.77,411.01,344.43,421.26,158.29,741.38,417.72,118.3,321.2,146.67,113.1,72.84,443.93,489.01,345.8,388.17,213.27,137.8,338.33,126.04,309.1,194.64,566.59,764.3,125.79,342.76,201.45,424.05,212.09,113.38,352.44,22.9,420.8,350.88,115.18,202.26,298.78,452.63,88.06,193.49,358.65,433.54,179.66,225.9,1300.08,465.28,401.19,669.96,244.73,83.69,620.41,156.28,614.59,350.57,161.27,162.87,596.59,322.48,1333.14,62.23,159.2,578.86,200.94,273.42,51.44,875.55,610.55,443.64,66.21,213.87,682.78,171.37,155.79,286.34,277.29,370.5,179.77,472.73,299.94,358.68,421.6,129.46,709.36,536.24
2026-04-02,198.82,249.25,200.58,447.78,325.39,525.48,99.53,398.09,121.43,338.13,405.48,203.34,78.39,161.13,424.72,118.57,288.21,728.86,419.12,344.49,429.39,158.34,734.14,407.72,116.83,314.19,146.74,113.06,71.29,442.17,466.28,342.64,385.73,216.56,137.14,331.86,125.97,310.61,194.87,569.27,772.34,129.19,347.48,195.92,413.07,208.38,110.07,355.87,23.11,418.69,348.2,112.26,203.5,304.39,441.4,87.78,196.14,364.6,436.44,176.6,224.26,1307.77,484.72,421.68,651.7,238.29,84.39,621.26,159.07,618.85,350.77,158.45,162.46,602.71,325.68,1311.11,60.97,163.04,613.66,203.23,264.91,49.3,853.21,599.6,438.33,66.77,207.83,667.16,173.83,157.56,274.95,275.04,383.55,182.38,482.92,301.03,361.68,413.5,128.08,681.38,499.14
2026-04-03,203.62,255.57,193.15,446.3,326.01,532.32,99.73,392.62,117.34,339.54,398.92,205.88,78.56,164.22,414.34,119.68,284.94,739.06,396.34,342.76,411.97,157.5,719.94,405.32,115.28,303.37,146.94,112.41,70.84,439.03,477.43,351.96,386.18,215.92,132.56,324.02,125.81,309.21,192.44,572.16,793.5,129.44,352.9,196.98,416.83,215.52,105.68,355.77,22.82,412.64,345.6,110.54,195.04,307.14,450.5,87.52,192.26,362.24,446.45,183.84,211.12,1287.76,473.93,411.82,636.74,235.42,83.48,629.79,158.28,632.89,358.76,161.09,160.54,585.07,325.88,1299.29,60.42,166.44,622.21,199.86,250.94,50.54,852.98,607.4,445.35,66.59,207.99,673.09,172.69,153.85,281.38,269.5,389.25,182.76,490.15,308.44,356.24,403.8,132.89,688.51,490.76
2026-04-06,204.99,249.13,196.28,442.1,320.12,555.21,99.08,389.67,116.2,335.09,394.22,205.87,77.72,159.93,403.36,120.25,280.16,754.46,394.07,332.06,402.0,155.65,749.57,407.61,113.41,294.59,146.9,113.86,73.84,438.73,501.33,355.73,380.4,214.09,127.02,332.2,124.92,307.12,193.79,566.4,834.54,129.29,360.98,191.75,416.26,220.03,104.98,347.04,22.47,433.29,342.54,110.18,191.0,311.69,445.26,85.8,191.77,362.42,454.9,181.48,214.74,1327.82,447.37,433.96,646.77,236.97,81.08,638.85,160.54,616.26,357.93,167.07,157.58,587.82,323.69,1279.6,60.35,164.79,629.02,198.72,247.84,51.12,837.19,595.66,430.26,66.4,211.81,694.67,171.8,151.8,282.48,272.95,386.37,181.03,500.41,309.67,352.08,422.84,133.68,666.12,487.03
2026-04-07,207.38,241.96,192.31,440.71,322.69,541.91,98.16,390.81,121.85,343.91,386.22,204.5,78.79,162.07,399.06,124.75,289.4,747.12,390.8,327.19,392.04,154.39,729.36,409.58,110.74,305.27,145.89,114.08,73.37,443.52,493.91,352.15,388.79,210.76,126.5,339.93,127.12,311.93,201.88,557.48,850.55,130.33,381.26,194.33,418.46,214.38,107.38,346.06,22.57,430.2,328.51,110.67,192.07,315.77,447.04,86.03,193.95,365.91,447.98,177.76,206.29,1297.47,430.85,421.49,658.98,243.64,78.44,640.91,158.77,649.0,343.9,161.6,154.49,589.52,328.2,1254.89,60.73,166.37,638.03,202.09,240.97,50.71,833.1,593.91,438.75,66.34,217.38,689.55,175.09,154.15,278.11,273.02,389.21,181.83,511.88,306.73,361.68,416.85,132.13,659.09,491.96
2026-04-08,208.74,246.24,190.9,441.75,323.47,552.61,99.94,396.84,119.64,340.54,388.69,204.34,77.24,157.0,410.63,127.52,288.56,740.78,376.19,324.84,374.94,158.51,696.25,410.89,107.6,297.74,148.82,115.25,71.13,436.4,520.47,352.11,403.03,213.82,128.82,332.66,128.15,319.3,199.84,559.23,855.54,123.52,382.67,197.91,404.72,207.55,106.92,351.88,23.68,407.75,313.29,111.2,195.86,326.55,451.42,84.57,194.19,368.97,441.4,169.94,200.75,1291.43,424.41,401.3,657.28,245.84,77.41,656.24,158.62,651.52,356.47,157.45,155.1,581.03,320.82,1247.59,60.32,163.63,635.44,205.27,253.0,49.38,854.66,599.59,437.06,65.36,219.0,702.53,176.8,157.4,280.61,268.76,392.79,188.08,507.7,305.05,358.43,437.03,136.11,643.79,503.99
2026-04-09,212.33,242.87,196.08,467.39,335.26,540.45,100.49,404.0,128.49,325.31,385.11,199.9,81.08,156.69,404.94,128.89,289.34,744.09,354.49,326.71,391.66,159.28,658.91,396.66,108.5,302.86,150.2,113.97,71.97,446.92,509.07,351.5,407.59,209.88,127.72,337.97,126.18,309.09,198.98,547.49,858.2,124.07,366.52,197.92,417.0,206.73,110.24,349.73,23.11,411.58,317.17,106.86,191.94,326.16,454.07,86.46,193.6,369.36,434.04,165.62,197.07,1344.33,432.28,428.54,653.53,247.54,76.95,664.05,156.69,641.54,365.62,161.08,157.05,587.15,324.35,1340.98,59.61,163.77,618.4,203.93,257.88,48.59,813.92,615.98,414.98,65.13,219.01,690.94,173.96,156.2,276.79,265.21,408.75,183.68,495.41,300.94,361.62,436.65,132.43,652.94,503.11
2026-04-10,213.48,243.49,197.91,488.3,346.02,529.2,99.75,413.26,123.96,342.12,394.66,201.86,80.69,154.78,395.54,131.13,289.26,750.3,355.47,329.75,398.29,160.33,645.05,402.79,107.15,302.99,148.82,115.09,73.01,462.76,510.5,342.65,403.48,208.49,124.3,352.35,125.33,302.38,193.33,552.2,881.0,127.01,371.1,195.7,397.24,212.4,111.96,345.86,23.68,409.16,325.25,106.45,194.4,317.99,457.76,87.07,197.28,372.31,438.59,160.72,192.23,1340.3,433.56,429.55,648.37,243.1,78.05,654.99,155.33,648.51,365.85,158.98,158.36,595.75,326.17,1350.88,57.91,169.29,609.7,195.84,254.87,48.04,835.25,615.52,411.9,66.77,224.88,681.67,177.9,155.47,278.58,263.8,406.5,186.25,491.33,294.71,364.0,456.06,130.11,636.87,490.54
2026-04-13,215.58,248.0,198.65,470.42,346.97,569.03,99.61,418.28,129.94,339.61,394.28,194.95,81.14,152.66,393.23,131.13,290.47,759.68,356.11,323.94,413.91,153.28,621.94,426.97,105.33,301.7,145.96,113.83,74.22,459.04,498.53,341.81,398.7,204.95,120.23,352.05,121.33,303.66,184.55,534.82,883.34,125.89,359.61,192.45,421.6,213.33,110.7,342.69,22.58,401.93,329.2,103.53,196.75,315.08,457.47,85.97,200.23,377.81,449.35,161.6,188.67,1329.86,441.71,428.69,652.16,246.53,79.28,672.84,155.39,642.8,367.86,161.68,154.17,589.06,328.23,1327.81,58.57,172.88,590.67,200.35,254.91,48.72,867.37,614.95,416.83,66.27,223.3,680.6,180.47,153.93,273.03,268.26,401.67,184.82,484.37,291.22,368.22,456.67,130.9,636.68,471.94
2026-04-14,213.32,254.08,196.1,471.5,359.0,561.0,100.98,434.38,129.47,333.6,396.65,198.73,82.38,155.77,403.33,133.91,276.62,741.07,372.12,323.19,408.08,159.21,648.55,431.36,106.09,299.25,146.8,113.51,75.99,455.69,501.05,338.08,399.65,199.66,118.34,329.93,122.82,313.84,184.86,542.83,887.59,130.4,359.42,191.74,423.99,211.14,109.11,346.61,21.53,391.11,317.85,102.25,195.34,318.92,454.1,84.5,196.46,363.05,443.33,165.87,188.67,1335.78,456.64,419.06,652.76,242.75,78.91,656.22,152.92,656.24,372.25,158.99,154.35,590.59,316.96,1333.61,57.71,173.64,583.96,191.07,241.96,48.71,895.03,622.22,394.14,67.39,228.3,686.03,179.53,150.04,274.49,262.04,408.56,182.13,488.23,292.95,365.53,467.56,131.09,638.19,491.98
2026-04-15,213.43,252.49,195.41,454.59,343.8,558.95,102.89,450.92,137.03,333.98,392.8,201.64,80.42,157.52,402.2,135.89,273.13,731.55,388.11,324.2,394.88,158.24,641.38,414.12,107.54,307.23,150.61,113.52,80.62,471.08,508.86,340.81,409.29,202.38,121.22,330.12,125.05,315.38,178.46,534.43,864.41,126.36,353.54,193.83,406.8,211.79,109.14,347.83,21.7,400.2,309.11,101.86,193.41,324.98,458.39,83.4,195.3,360.45,426.34,164.36,193.55,1304.36,467.31,416.05,652.0,249.1,80.68,667.77,152.91,665.33,361.82,155.6,153.97,592.0,316.06,1312.24,58.51,172.07,575.72,186.22,235.48,48.9,884.98,629.58,385.86,67.04,231.68,696.5,181.0,146.68,279.06,262.96,405.32,179.29,478.04,293.44,361.28,496.17,133.62,662.68,492.1
2026-04-16,216.54,253.81,197.01,440.01,344.11,556.96,102.51,457.35,131.25,330.56,397.14,201.73,81.29,152.14,401.06,139.5,275.01,729.24,384.15,321.83,395.43,160.35,626.23,420.5,111.7,328.58,149.43,112.6,80.73,462.83,500.79,336.59,404.28,204.05,123.79,317.2,124.67,323.94,175.73,547.35,883.25,128.86,349.89,193.89,402.57,212.46,106.95,353.4,22.45,400.06,316.71,102.55,192.97,328.67,450.94,84.45,198.57,355.88,416.6,166.5,188.16,1306.99,451.23,412.41,638.31,256.86,79.85,672.51,151.6,658.96,342.38,152.58,146.86,582.5,316.81,1367.93,59.15,168.81,578.5,184.44,228.96,48.55,858.86,627.47,377.49,65.77,229.53,709.29,182.35,150.54,285.5,261.61,387.76,179.46,455.4,300.42,365.94,498.83,139.04,659.14,494.31
2026-04-17,220.42,258.66,199.56,461.4,335.97,564.47,105.44,442.71,130.39,328.75,402.77,197.14,79.41,151.44,400.61,136.67,275.1,709.79,383.69,315.32,400.89,165.98,610.82,426.24,113.51,322.31,149.38,112.23,83.71,447.12,494.62,341.06,404.85,200.22,121.49,322.19,125.01,329.24,174.37,543.33,910.09,131.62,350.1,193.22,408.26,210.24,108.83,351.91,23.07,394.39,315.14,101.06,191.17,324.11,456.1,87.29,200.48,363.61,417.81,165.15,186.78,1277.33,458.64,412.39,665.45,255.55,81.81,668.04,152.0,679.34,332.15,155.44,145.28,573.27,313.29,1361.81,58.87,169.87,559.73,183.29,226.44,48.94,852.2,628.67,383.14,66.91,235.54,700.37,181.27,148.87,284.82,262.04,397.38,179.36,450.13,303.46,368.39,508.48,134.88,622.0,505.76
2026-04-20,220.64,262.0,190.22,444.4,333.12,554.03,103.63,437.46,132.28,345.5,409.82,197.0,78.96,154.24,391.02,136.77,281.46,727.49,383.64,323.26,410.83,168.05,610.85,438.6,110.64,330.54,149.12,111.14,83.16,440.01,495.15,333.7,391.8,201.04,118.22,324.62,125.16,320.76,165.19,544.74,920.41,140.33,348.91,191.99,403.48,214.57,105.33,344.76,23.02,387.04,296.55,101.05,192.33,339.69,458.86,86.19,198.81,357.66,405.38,164.32,185.99,1280.64,456.01,409.54,673.99,253.14,82.3,654.94,151.44,682.1,336.67,153.93,144.58,573.21,313.07,1363.07,57.46,175.72,568.44,180.66,225.19,48.64,863.14,635.21,381.03,68.15,239.57,700.09,180.51,149.51,287.39,262.79,406.21,178.64,429.06,304.59,373.52,524.85,138.87,625.77,518.92
2026-04-21,220.45,251.2,194.77,450.88,331.64,549.24,103.53,438.16,135.26,356.34,408.09,196.4,78.68,157.24,391.35,138.22,273.47,728.52,368.56,322.1,402.13,165.98,617.43,418.05,110.96,328.27,149.85,110.86,82.78,444.16,499.96,340.79,387.16,204.35,116.15,309.97,126.32,314.16,166.14,558.53,921.31,139.51,350.43,193.94,403.45,209.81,103.38,348.21,22.96,380.73,287.78,104.25,195.72,339.26,466.75,84.99,196.98,362.34,399.96,159.92,189.68,1295.58,461.8,414.93,673.95,250.6,79.16,653.27,152.52,666.64,342.18,149.79,145.0,580.43,308.26,1278.33,57.55,171.49,601.68,181.22,227.81,48.78,885.68,651.35,371.65,67.56,238.2,703.33,179.42,149.93,285.49,268.19,405.63,178.81,432.0,304.81,380.65,521.17,137.46,618.0,489.4
2026-04-22,218.87,244.27,195.99,454.17,322.27,561.36,102.71,445.39,134.84,357.27,410.55,193.26,78.73,155.57,383.51,139.88,277.32,677.88,381.31,319.09,412.86,172.49,627.4,420.2,114.18,327.91,147.47,110.5,78.09,420.23,529.79,338.93,387.41,205.2,114.03,292.89,126.98,325.57,167.89,559.81,926.81,134.29,362.11,196.95,407.95,205.69,103.39,350.75,22.9,391.54,284.05,107.02,199.91,340.28,470.91,87.3,199.98,370.14,394.17,156.82,192.3,1304.25,458.61,402.86,696.47,247.65,79.92,675.37,152.86,661.73,337.75,150.3,143.67,569.77,310.61,1310.21,58.37,175.44,601.71,185.17,228.76,49.28,855.55,635.5,372.15,68.23,240.62,707.15,180.29,151.78,284.22,269.21,396.02,175.33,429.61,310.53,387.75,519.71,139.83,634.15,492.85
2026-04-23,218.75,238.07,204.46,448.18,318.06,550.4,104.03,457.13,133.04,348.56,414.16,188.0,78.26,153.69,386.97,136.91,278.2,676.07,388.94,312.4,420.8,174.2,637.38,435.43,118.71,327.5,149.45,109.96,82.49,417.1,507.68,340.1,383.62,209.81,113.6,296.32,125.57,333.12,165.4,567.76,942.55,130.37,372.14,195.37,415.93,205.55,102.99,350.99,23.0,407.53,283.74,108.64,204.3,350.69,472.17,84.18,198.41,361.92,417.51,158.29,201.38,1305.66,454.93,390.44,740.97,246.08,81.36,683.55,153.79,637.77,338.7,148.91,140.93,568.77,314.45,1343.88,58.51,172.39,612.61,189.35,230.95,50.23,860.77,627.69,360.88,70.93,245.11,694.54,182.22,153.96,290.04,266.36,386.07,174.68,425.39,311.91,397.24,500.04,137.18,621.2,496.87
2026-04-24,220.29,241.2,207.38,437.51,317.0,550.04,103.93,460.04,131.29,356.18,422.21,192.5,78.8,157.82,370.4,132.99,282.06,677.39,390.67,307.1,417.75,176.08,655.13,450.37,118.99,319.79,150.44,108.91,82.55,409.59,515.44,344.77,389.26,211.46,115.0,292.21,126.09,331.14,160.77,571.61,910.24,133.25,374.89,195.4,415.74,205.97,103.86,353.0,21.87,405.49,284.5,113.59,205.89,346.18,475.2,84.16,199.65,366.52,396.6,153.84,203.25,1248.84,459.92,392.15,767.11,246.72,80.88,687.71,154.42,632.07,355.98,152.97,136.97,569.37,318.98,1276.73,59.4,167.95,629.4,188.77,221.57,52.25,877.44,629.2,342.59,70.54,242.56,707.08,178.82,155.01,283.32,261.43,388.13,178.39,418.35,310.95,391.45,492.02,134.62,625.79,473.91
2026-04-27,216.43,240.83,213.38,451.43,316.3,542.5,103.93,465.19,126.45,361.1,422.45,194.78,78.47,159.64,376.83,129.91,294.71,687.69,389.75,309.55,437.65,180.03,657.05,447.5,114.25,331.03,150.8,109.52,82.6,412.2,510.01,351.14,400.71,210.8,114.27,294.81,127.81,328.52,151.67,580.33,926.25,139.84,385.34,193.03,429.71,202.9,103.18,356.43,22.61,424.95,283.88,116.05,208.0,349.74,482.4,85.19,201.46,362.91,412.05,148.64,210.95,1243.53,444.47,390.74,766.47,239.29,81.74,696.66,157.31,629.3,353.0,156.15,133.95,562.69,319.46,1243.21,58.78,164.63,621.5,195.65,221.01,50.95,872.69,640.07,338.7,69.7,250.56,726.36,181.15,156.48,282.34,261.48,389.18,175.56,405.67,305.54,395.69,482.55,132.0,634.5,456.47
2026-04-28,215.88,235.56,212.25,440.24,327.42,553.7,107.08,489.58,118.88,373.69,419.71,196.65,77.95,162.0,369.22,131.83,292.31,681.8,381.16,314.35,457.55,184.5,664.65,438.58,117.43,338.94,150.4,107.61,82.57,436.04,510.42,362.39,408.43,209.35,107.58,310.57,129.52,326.09,156.64,607.43,951.25,136.39,392.45,198.46,427.05,205.17,101.35,352.74,22.62,417.79,284.34,119.8,209.41,347.57,482.17,84.77,201.61,373.93,402.97,150.26,215.82,1313.03,451.62,399.3,739.48,239.37,82.4,707.43,159.82,625.86,351.96,155.22,135.11,559.95,324.59,1246.94,57.91,166.07,584.62,197.33,224.07,51.23,853.94,648.81,334.73,70.95,245.55,729.49,182.53,154.82,282.2,266.92,386.07,174.81,403.39,301.11,390.05,470.6,134.25,656.14,450.52
2026-04-29,211.76,240.25,205.47,447.96,328.68,555.41,105.58,513.94,119.21,373.67,429.3,196.33,76.82,163.23,355.64,132.72,288.19,705.26,370.67,317.28,474.76,187.96,675.13,414.86,116.95,331.94,148.54,105.13,82.62,441.87,510.57,357.82,414.49,210.87,111.39,308.63,132.55,329.65,161.45,606.2,946.66,138.57,382.69,197.43,429.79,210.58,100.55,346.43,22.01,419.71,283.25,121.43,211.84,350.81,484.66,87.25,202.53,376.1,411.98,152.5,219.25,1360.67,445.9,395.64,726.13,241.36,80.86,694.71,159.29,626.91,347.74,153.32,134.65,563.01,321.97,1252.36,57.9,165.33,603.75,199.98,224.56,51.39,854.88,631.42,345.26,70.38,238.84,719.77,182.87,155.17,281.59,264.28,387.57,174.87,411.12,301.99,389.37,512.57,137.81,648.31,430.2
2026-04-30,214.58,244.67,207.04,459.09,318.02,534.62,105.0,535.15,115.19,381.49,427.18,198.73,77.21,166.9,354.75,134.06,294.29,698.6,376.69,323.56,498.39,184.74,660.64,415.31,112.32,326.56,150.6,105.25,85.26,453.29,505.24,356.65,422.57,207.51,116.68,313.19,132.09,332.04,166.98,591.08,961.81,134.99,395.24,198.6,408.21,214.44,102.59,348.09,21.06,422.41,286.61,124.03,206.69,364.15,497.56,89.28,203.57,390.49,413.9,154.73,209.2,1338.51,456.08,390.24,710.89,239.6,80.17,706.55,158.33,633.73,339.04,154.21,130.88,558.27,327.6,1240.55,58.58,164.9,612.24,196.55,224.08,47.86,860.85,635.76,339.98,70.39,232.44,722.41,182.58,153.74,276.19,269.87,384.16,168.24,390.2,306.75,378.44,512.09,139.42,675.43,436.19
2026-05-01,216.74,250.29,198.62,472.17,322.59,532.79,104.69,572.84,120.72,378.21,428.69,203.54,76.76,166.72,346.88,131.44,290.77,696.97,389.99,323.11,493.63,179.91,627.07,420.36,117.56,314.54,152.03,103.52,83.78,479.2,486.41,355.69,416.28,203.67,117.7,309.25,128.98,333.57,161.39,589.13,960.32,141.83,403.01,190.66,400.41,219.56,103.36,351.51,21.23,411.79,288.27,125.12,210.77,358.54,501.53,86.01,204.27,384.0,422.68,156.13,214.59,1331.28,454.89,375.93,696.41,239.75,77.98,691.65,156.11,634.5,347.62,155.09,130.69,561.94,335.5,1212.28,58.3,165.22,600.28,196.53,232.57,46.39,831.98,640.31,344.25,70.51,229.62,729.14,187.71,150.17,281.42,266.64,385.81,163.31,393.34,308.54,376.89,507.55,137.62,673.32,442.72
2026-05-04,216.7,246.5,199.32,476.87,317.09,537.39,104.61,565.66,116.35,356.18,425.05,196.33,79.89,173.56,359.67,131.01,288.99,710.94,393.2,320.98,473.74,186.92,598.36,410.73,116.34,318.17,152.87,102.76,84.41,486.17,490.95,360.17,421.6,203.19,120.05,299.38,131.39,335.63,152.26,573.13,948.44,148.6,408.11,191.99,381.58,220.33,102.34,340.64,21.05,397.09,292.87,121.7,208.7,364.12,495.37,86.47,202.18,386.1,430.42,156.42,208.35,1332.92,450.34,367.62,679.05,236.88,78.81,683.72,154.46,652.61,370.63,156.63,130.65,557.45,336.01,1189.45,57.38,165.81,573.51,198.71,235.91,44.88,846.38,653.7,351.89,70.52,230.94,736.31,186.26,150.24,281.5,265.49,388.02,166.11,403.7,305.52,378.08,524.06,139.09,688.01,417.15
2026-05-05,218.07,248.63,202.67,496.19,322.02,541.79,106.23,546.22,115.8,354.16,428.66,198.11,81.6,168.67,351.13,128.5,292.29,702.16,396.76,318.84,486.94,184.3,592.59,424.97,112.87,305.41,153.63,104.35,83.99,481.32,501.43,359.01,419.21,206.95,119.99,300.27,131.54,338.87,149.43,586.19,938.2,149.83,417.71,195.54,387.49,219.53,103.73,344.6,20.77,399.35,291.07,122.36,209.74,361.59,493.91,86.69,204.14,384.82,437.59,156.53,203.35,1339.34,446.26,365.5,687.26,235.22,76.37,678.14,159.47,654.6,373.64,156.52,127.08,565.43,334.04,1235.48,58.07,167.66,598.6,200.39,231.39,45.18,871.98,665.47,343.62,69.03,233.76,764.87,185.92,151.55,284.85,272.23,399.75,168.4,397.24,301.73,378.51,522.13,138.47,718.12,403.16
2026-05-06,220.01,250.44,203.23,507.41,323.45,560.14,104.3,519.83,115.36,351.11,418.54,198.97,81.58,164.03,363.26,129.63,285.31,718.47,399.04,310.4,509.47,181.09,591.62,418.71,115.15,311.38,148.99,105.36,84.13,498.42,491.79,359.7,416.0,209.15,122.13,303.19,129.99,331.5,144.23,581.69,916.41,153.43,413.42,192.85,381.86,216.71,102.06,347.08,20.56,404.72,300.61,120.99,215.99,348.9,508.21,87.52,203.86,385.5,437.24,156.24,210.24,1306.96,437.26,358.88,692.18,241.63,75.77,676.35,160.36,675.43,383.9,158.75,125.93,564.44,336.82,1239.05,57.13,174.21,616.39,195.38,227.6,44.98,880.91,692.03,341.19,69.67,246.19,761.7,183.36,148.45,290.66,266.75,416.43,167.86,397.88,306.35,378.71,524.86,134.78,760.56,424.1
2026-05-07,219.88,261.09,203.26,515.28,311.63,569.85,106.09,522.86,116.09,359.04,418.22,196.43,79.62,171.16,361.18,126.04,293.95,707.52,400.5,311.72,513.12,188.01,630.38,392.47,120.42,295.67,148.78,104.24,84.79,500.01,481.2,362.5,418.63,209.85,123.7,307.57,130.09,331.3,144.49,573.67,914.93,150.12,411.93,194.11,383.25,212.22,101.19,344.38,20.55,416.23,297.52,122.12,209.44,342.58,508.99,86.89,203.08,381.06,437.39,153.64,210.92,1296.29,441.43,363.22,683.28,242.47,75.06,673.39,159.14,648.5,394.05,156.6,123.01,569.05,336.77,1210.59,57.8,168.42,601.28,199.94,226.27,44.75,807.16,696.9,332.43,68.89,243.6,757.44,186.81,148.09,289.74,266.62,415.43,165.09,387.85,310.56,374.54,539.6,137.6,758.36,441.98
2026-05-08,215.94,263.5,219.84,507.24,308.58,579.3,106.88,559.89,111.72,366.17,421.12,197.89,79.4,173.19,355.42,129.85,287.57,694.23,406.52,320.59,506.34,189.35,626.29,383.22,121.61,296.0,151.69,103.24,86.82,494.08,487.12,363.58,419.22,209.06,126.82,304.03,130.0,342.52,143.39,560.63,884.98,152.13,418.89,192.69,384.2,216.88,101.31,343.65,20.19,405.62,287.5,121.74,205.69,342.95,500.27,86.9,205.55,381.75,440.05,150.75,208.63,1253.62,438.92,366.03,707.35,235.32,76.63,665.57,160.04,665.76,383.85,157.61,120.75,575.49,338.64,1193.24,57.45,164.25,594.18,197.89,219.93,44.18,836.76,701.68,326.62,69.18,246.27,755.0,188.21,149.19,294.73,264.91,418.97,162.88,390.7,317.2,366.39,537.53,143.05,749.95,456.61
2026-05-11,217.79,254.53,214.93,520.16,304.83,579.43,105.71,574.56,111.41,363.49,419.26,201.5,79.6,172.64,361.13,131.12,304.24,685.26,406.19,317.16,524.15,194.53,625.19,380.33,122.66,301.38,153.48,104.75,86.72,468.88,488.62,359.58,415.49,210.48,123.9,302.01,130.33,350.08,142.29,554.97,902.08,145.05,431.73,189.09,390.76,216.07,102.56,348.8,19.5,384.22,288.05,127.07,205.3,343.37,494.69,82.85,205.69,383.15,441.0,150.44,210.95,1273.53,421.13,360.83,711.72,235.2,75.2,672.25,157.84,662.4,382.68,162.14,118.24,576.08,327.6,1145.38,57.97,161.93,618.8,199.88,226.38,45.68,808.46,689.75,332.82,68.67,248.72,743.09,187.08,148.74,294.41,268.37,412.36,162.78,397.11,314.51,370.55,552.19,148.28,762.06,465.45
2026-05-12,218.4,266.57,210.6,500.47,309.84,585.47,108.01,557.24,110.93,358.41,413.73,204.2,79.01,174.86,359.93,134.82,311.02,681.65,409.77,315.21,531.33,186.24,615.16,381.84,123.04,286.57,153.72,103.85,86.62,495.19,517.56,361.2,424.7,213.84,122.54,309.66,128.5,347.78,146.17,558.39,911.3,143.58,441.01,188.05,411.17,215.31,103.77,348.82,19.68,385.45,282.2,125.97,211.09,340.55,510.7,84.75,212.49,380.13,440.64,151.61,211.92,1321.78,420.74,347.37,714.91,234.51,75.61,657.41,158.52,655.88,390.9,159.88,116.31,573.36,325.26,1141.37,58.22,165.92,626.02,195.86,224.24,45.76,771.58,692.75,316.29,68.63,256.94,760.45,186.19,147.02,293.46,273.44,418.81,163.07,380.46,309.45,369.77,529.74,148.64,759.36,447.04
2026-05-13,220.63,263.17,217.59,500.06,306.83,598.39,109.59,572.56,109.6,339.84,414.46,204.21,82.26,180.4,370.99,130.82,311.42,676.74,401.49,319.03,545.07,189.79,616.62,371.01,125.21,291.44,153.32,102.88,85.27,499.33,502.0,365.53,426.71,214.51,121.42,314.58,125.54,352.61,143.66,573.62,900.96,140.58,443.01,186.47,412.21,215.32,107.07,353.34,18.79,359.83,275.11,128.03,208.52,340.85,509.19,85.21,212.94,375.67,439.12,155.09,215.6,1292.11,435.06,348.09,747.8,239.06,76.35,658.24,159.94,663.28,388.53,155.75,114.68,559.7,324.8,1152.33,59.18,168.91,634.31,204.18,217.71,46.27,771.94,686.7,304.01,69.11,253.09,754.22,183.83,143.63,285.82,275.89,413.7,165.2,381.33,311.99,367.98,518.29,149.92,756.04,451.68
2026-05-14,221.6,252.49,220.16,511.15,308.03,583.64,108.72,577.56,109.06,344.11,420.35,197.34,80.32,182.76,377.84,128.93,308.75,674.04,418.22,313.8,537.03,195.19,624.93,358.5,124.88,304.92,150.44,103.43,85.54,512.35,516.43,364.17,425.63,216.83,118.15,326.32,125.09,354.99,141.87,583.41,887.02,136.71,444.66,189.35,392.1,211.61,103.97,361.59,19.25,342.94,291.4,132.28,205.22,344.73,502.35,85.94,213.19,372.38,432.17,152.61,219.66,1238.12,426.17,349.51,723.97,244.73,77.18,677.29,153.67,646.72,390.76,156.95,112.92,555.6,315.87,1174.17,59.01,165.5,609.5,208.02,214.49,46.02,795.25,689.18,303.09,68.84,251.12,761.74,186.01,145.06,291.74,272.47,423.37,163.47,396.15,309.36,359.49,494.92,145.65,725.14,476.22
2026-05-15,221.99,255.94,219.94,505.63,310.1,582.64,110.02,540.66,105.31,336.94,420.12,201.49,79.13,181.23,374.73,127.62,308.36,688.56,434.32,310.03,530.19,189.61,597.0,350.5,130.75,305.77,153.26,107.31,81.96,518.49,509.0,358.14,427.92,216.06,115.6,325.48,125.27,352.96,132.12,579.11,905.0,131.18,447.89,191.72,382.54,206.2,103.23,361.51,18.78,354.35,298.75,130.38,200.24,341.05,501.42,87.69,213.09,360.15,425.08,147.93,217.33,1237.56,412.18,338.17,729.98,248.25,76.44,679.46,155.97,673.18,391.59,158.83,111.11,553.7,318.22,1174.17,57.99,167.41,601.74,210.23,212.02,47.92,818.9,688.9,294.9,69.98,250.12,750.28,190.15,147.95,292.31,275.66,420.6,163.12,383.88,314.56,365.94,498.38,149.07,698.16,475.0
2026-05-18,220.61,247.59,217.4,513.29,297.23,575.41,110.37,563.29,105.47,339.85,421.85,204.66,78.47,177.05,382.64,127.2,300.54,705.53,434.66,309.76,528.65,193.29,611.62,356.28,132.04,294.18,153.62,105.41,79.05,510.34,527.32,363.56,424.82,217.84,117.48,325.31,122.67,370.87,128.54,592.48,920.3,127.25,449.86,198.25,375.81,210.6,103.56,366.5,18.32,357.59,299.96,126.88,199.56,333.37,506.84,90.86,212.88,361.25,437.27,147.02,223.59,1237.9,405.91,322.19,713.89,248.69,76.25,698.02,153.01,670.17,361.64,156.82,113.21,558.88,320.81,1157.29,57.94,170.53,602.68,209.67,213.4,48.43,811.98,688.51,288.86,68.91,245.38,756.03,188.41,147.9,286.87,276.98,414.72,161.59,379.34,307.12,359.29,477.46,145.65,703.37,480.29
2026-05-19,221.18,242.57,214.09,510.68,289.03,555.89,112.93,566.99,101.65,343.83,414.4,200.11,78.4,173.74,397.88,132.09,300.61,696.87,440.66,309.37,550.8,196.38,624.64,348.82,133.94,312.4,152.98,104.91,78.19,505.38,542.02,361.05,423.84,219.2,119.39,332.31,121.54,361.29,127.27,596.46,956.46,128.79,441.95,200.5,394.41,211.61,104.92,363.6,18.28,350.42,287.28,125.58,195.88,337.85,497.58,90.25,210.31,366.9,442.76,145.12,220.81,1210.92,396.38,319.24,706.62,244.47,77.27,685.32,148.97,697.86,371.65,154.0,109.46,561.07,315.59,1174.94,58.18,174.09,606.16,212.43,213.01,50.89,825.44,693.93,301.96,70.48,235.6,764.79,185.31,148.52,280.07,273.07,415.48,160.89,378.57,302.67,356.52,468.51,140.36,694.88,460.36
2026-05-20,219.62,237.47,214.97,539.83,298.22,576.15,113.07,555.75,99.66,359.95,421.49,201.35,78.06,172.45,395.83,132.48,308.43,694.27,460.68,314.78,554.44,194.88,591.85,336.03,131.98,317.71,156.5,106.24,79.46,499.95,557.62,360.51,421.58,217.18,125.09,332.12,122.66,367.27,133.33,598.04,983.39,132.68,431.61,202.02,394.23,215.61,104.96,374.24,17.87,355.06,285.51,122.34,195.78,329.01,507.05,89.4,211.06,361.09,435.76,144.02,218.07,1192.4,407.8,324.98,732.13,237.43,74.23,695.89,147.26,700.18,377.29,154.98,108.08,555.08,313.18,1184.53,57.62,172.3,591.86,209.77,212.43,51.48,797.04,690.15,291.18,71.27,234.25,770.32,182.48,149.6,280.48,277.04,427.3,159.81,375.3,303.08,359.66,475.36,143.28,696.83,475.01
2026-05-21,219.64,232.64,211.94,535.45,302.73,580.95,113.18,552.25,96.54,368.38,417.98,192.66,78.85,175.86,395.89,137.14,333.42,704.91,478.4,316.29,558.63,192.28,589.06,331.53,131.99,311.24,155.15,105.39,81.18,500.28,571.67,361.76,422.09,219.78,123.0,330.1,122.88,360.03,134.0,610.3,971.58,134.75,418.59,203.91,387.79,220.05,107.45,378.15,18.52,344.76,285.72,123.78,197.68,323.75,508.42,90.35,209.45,356.52,439.5,145.86,209.5,1167.41,389.84,329.15,691.57,233.59,72.05,692.88,148.01,687.55,373.87,156.25,110.61,556.3,320.66,1179.83,56.49,175.9,589.39,212.21,209.29,50.85,820.91,706.63,293.37,70.7,234.46,784.52,183.81,152.15,281.01,273.2,416.84,158.64,382.89,297.81,360.59,463.52,143.01,715.65,470.27
2026-05-22,222.13,229.94,207.98,517.81,294.92,573.1,114.52,572.06,93.36,373.89,425.52,191.44,78.63,180.86,397.61,135.48,334.63,706.15,475.84,319.47,583.17,197.86,610.88,351.68,130.89,311.73,154.15,105.29,79.77,519.29,554.59,366.6,417.27,217.95,121.82,340.17,125.16,355.99,137.74,600.38,993.01,144.15,412.22,199.63,376.41,220.71,112.14,368.27,18.72,339.24,281.48,118.69,191.61,333.04,501.67,92.74,208.04,349.47,456.81,145.94,210.98,1114.88,391.24,326.57,725.25,232.87,72.39,684.33,144.62,675.74,374.32,155.41,107.98,559.39,324.81,1182.37,56.34,180.46,564.4,207.84,215.35,50.28,791.29,715.98,294.81,70.03,238.19,784.11,185.2,149.28,277.29,271.91,411.74,159.62,376.22,293.09,360.42,482.28,140.92,744.56,489.06
2026-05-25,222.64,226.11,208.48,506.41,299.25,567.74,113.4,559.49,89.14,372.3,426.67,194.84,77.26,188.48,396.32,137.6,326.91,691.95,472.58,321.91,584.1,200.15,609.85,344.61,125.67,305.69,154.06,104.81,77.76,518.27,569.94,373.2,399.92,219.26,122.82,329.75,123.65,352.26,141.01,597.83,978.3,136.06,415.13,199.57,387.01,218.53,116.19,360.53,19.15,339.93,284.77,116.11,193.52,329.09,493.76,89.79,203.72,354.3,453.31,144.29,219.13,1126.71,370.03,334.42,721.64,233.78,73.4,663.85,146.83,676.67,388.5,152.19,110.12,550.71,321.22,1157.61,55.7,175.3,592.66,214.86,213.83,50.27,770.23,714.58,301.56,68.93,239.88,765.54,190.2,155.79,273.63,277.23,409.87,160.8,390.94,288.81,354.28,462.41,143.57,707.09,480.57
2026-05-26,220.16,227.24,206.99,530.7,302.86,572.49,113.79,544.41,85.48,373.29,426.9,199.83,77.48,191.73,390.93,135.21,328.0,699.76,486.17,328.78,585.18,202.72,599.81,345.25,125.84,301.31,152.97,103.68,79.09,551.76,535.75,363.75,395.41,218.58,122.76,343.63,124.65,348.41,148.46,586.7,1001.72,137.74,405.23,197.58,388.65,221.05,114.43,363.42,19.12,324.86,281.61,115.73,197.9,328.75,487.55,88.01,202.69,351.01,448.35,146.7,213.79,1093.91,368.06,341.57,693.51,229.24,72.78,675.16,148.84,666.49,362.39,155.01,112.8,548.86,320.12,1125.77,55.6,175.83,604.05,218.09,212.19,49.55,789.55,702.97,306.09,65.81,239.28,780.09,191.97,157.13,273.29,277.31,408.4,166.15,388.78,290.25,351.28,446.98,141.72,709.7,471.23
2026-05-27,220.64,227.06,207.44,531.29,299.5,572.3,111.93,518.84,87.08,363.76,433.48,201.45,78.12,187.76,386.1,134.22,318.02,673.79,463.78,328.13,580.88,205.12,651.9,349.9,125.25,294.8,154.49,103.74,80.56,550.41,556.03,361.08,391.85,217.57,123.42,343.3,124.32,335.33,150.66,593.58,1005.16,139.8,396.61,191.16,409.43,220.65,113.23,362.48,19.07,333.28,268.32,116.3,196.01,326.52,495.2,84.54,206.24,351.42,439.87,150.81,214.77,1041.54,380.99,335.03,679.27,230.03,74.42,684.88,149.02,668.05,366.26,157.37,111.72,545.87,310.52,1161.11,55.93,171.26,607.42,216.03,206.84,49.52,781.36,680.08,305.51,66.35,230.9,799.7,193.33,156.75,265.74,276.19,412.65,161.33,395.18,291.31,345.44,440.71,141.86,694.48,467.66
2026-05-28,219.6,216.57,208.13,536.49,304.06,582.04,113.95,506.78,86.3,364.44,429.66,198.78,79.84,187.51,381.62,135.63,314.73,662.97,439.08,335.74,580.37,210.32,679.79,348.67,130.06,294.17,156.37,103.91,80.08,542.98,542.78,364.01,391.29,216.11,123.18,348.17,122.23,342.06,144.05,603.68,974.99,138.85,380.31,187.93,422.41,224.16,112.35,367.25,17.8,323.57,269.08,116.02,197.77,328.79,501.53,83.04,204.49,347.03,433.43,150.86,217.32,1025.56,375.01,334.36,690.25,232.15,74.17,697.21,146.41,679.03,353.53,154.6,111.09,555.68,312.95,1146.48,55.75,174.87,594.8,216.2,211.94,47.82,771.39,676.27,302.97,66.52,224.1,789.3,187.59,156.37,258.68,278.73,392.94,159.87,386.05,301.08,343.14,441.07,140.15,671.51,455.61
2026-05-29,220.73,219.59,210.18,525.22,307.58,584.14,114.58,511.18,86.19,371.17,429.34,204.05,80.27,189.31,399.94,135.8,308.88,657.17,445.32,333.09,595.71,209.17,670.92,359.06,129.99,305.68,155.53,100.87,79.55,545.49,544.34,374.43,390.19,216.95,121.2,361.68,120.94,353.65,140.81,606.86,961.91,137.44,384.9,190.47,421.25,226.32,110.21,364.07,18.14,332.29,249.61,117.19,194.39,326.48,505.89,83.5,203.98,344.79,428.36,146.71,224.08,1033.07,384.41,329.87,700.73,232.46,74.89,679.85,147.45,673.32,360.96,153.15,111.06,566.68,311.28,1154.31,56.75,172.29,596.86,202.53,219.4,46.39,759.79,671.55,299.23,67.03,226.11,802.47,192.81,155.34,264.5,273.09,386.69,161.45,387.61,299.4,343.78,443.35,141.69,676.98,446.92
2026-06-01,223.32,225.44,216.51,524.01,306.65,571.47,113.6,511.65,85.35,360.2,421.7,201.51,80.65,190.77,389.75,138.29,314.89,652.23,419.53,332.49,604.64,211.11,665.04,345.11,124.94,300.44,149.99,99.41,79.47,566.17,548.15,385.71,399.05,216.06,121.27,375.92,120.58,365.46,146.18,612.31,959.99,134.4,389.75,191.29,425.14,222.95,109.67,366.44,17.49,342.42,259.89,118.84,202.81,331.38,502.17,82.64,204.91,342.91,422.75,144.54,231.07,1048.15,378.61,333.96,714.5,231.83,76.26,690.16,147.54,665.96,360.42,154.37,114.11,570.46,315.12,1105.99,57.28,170.57,608.49,204.9,222.84,47.66,769.03,671.96,303.69,67.13,226.78,826.06,197.77,154.17,263.57,271.09,376.94,160.42,373.18,298.11,344.13,441.78,142.13,678.19,432.96
2026-06-02,222.41,227.79,218.72,531.43,306.47,570.95,114.09,492.85,86.79,364.38,426.18,196.38,79.53,194.81,373.19,141.38,318.63,622.13,413.26,342.02,600.04,211.76,697.89,346.79,123.0,297.15,150.26,98.5,78.27,577.16,550.28,384.38,403.94,215.27,121.44,373.86,120.67,361.45,144.44,626.64,969.42,129.37,391.15,197.71,433.46,219.25,115.06,362.29,16.88,333.45,267.42,121.47,196.2,333.98,494.82,84.01,208.07,331.14,419.34,143.58,233.23,1054.39,361.73,330.32,699.28,240.28,74.94,695.47,147.48,668.69,365.38,154.79,110.77,567.36,320.75,1135.36,58.3,171.0,618.32,198.88,229.62,48.1,743.04,689.26,306.62,66.85,230.75,829.29,196.1,156.17,254.58,267.09,371.46,162.09,361.08,299.79,354.54,443.04,146.32,684.96,425.05
2026-06-03,221.51,225.44,219.62,542.64,311.28,562.96,110.9,526.65,84.56,364.3,426.94,198.09,80.1,197.4,376.68,140.87,323.84,603.37,426.88,346.77,589.37,211.79,697.11,360.82,122.02,299.92,148.96,96.47,77.27,595.18,555.65,385.17,401.67,218.9,122.23,375.41,121.38,370.73,142.27,625.6,983.25,131.08,396.36,198.77,435.7,223.61,115.65,359.45,16.81,338.01,268.62,124.18,193.89,349.0,505.01,85.88,207.14,335.71,416.03,139.46,232.92,1051.94,351.96,330.94,702.08,241.0,73.52,694.24,150.62,669.39,362.5,155.79,111.47,574.33,321.16,1099.94,59.33,175.3,585.54,198.14,232.38,47.87,727.03,682.55,298.43,67.61,228.85,848.51,196.13,159.63,256.63,266.76,376.2,163.25,354.35,295.34,354.66,449.85,143.42,676.9,422.09
2026-06-04,225.58,214.96,221.1,579.09,308.82,572.59,111.18,497.42,82.56,355.12,422.94,196.3,82.36,202.15,360.14,143.98,324.37,606.04,415.3,340.51,583.38,210.23,650.89,352.76,121.42,299.0,146.39,95.74,74.95,605.29,542.38,383.79,396.22,214.9,121.98,376.2,121.34,371.46,152.43,614.33,995.83,138.76,396.41,196.01,431.29,225.48,118.89,360.53,17.92,353.56,264.03,117.77,189.76,346.52,508.41,83.8,207.52,342.05,411.54,142.16,236.84,1074.93,347.28,325.86,696.47,241.27,72.89,680.88,151.77,659.41,384.31,158.93,111.13,571.27,322.96,1084.66,59.1,171.59,598.03,197.2,221.63,48.38,719.83,667.77,300.19,67.19,225.9,844.11,194.64,158.67,256.76,271.11,370.29,162.26,349.85,296.0,362.71,461.31,137.01,665.48,420.78
2026-06-05,219.71,218.07,229.15,576.46,295.69,595.73,111.77,488.3,80.75,343.32,420.5,197.43,84.46,208.67,365.31,143.12,314.1,605.31,419.84,336.85,584.25,209.34,662.46,354.92,121.15,288.73,146.69,97.18,76.2,618.02,540.68,383.81,400.41,213.3,123.76,380.17,122.72,382.62,153.68,617.71,1026.92,139.32,388.55,194.88,432.13,228.39,118.95,365.56,18.09,354.72,255.53,120.69,184.86,356.38,518.63,83.83,209.5,339.93,405.68,139.98,233.28,1010.69,341.17,328.01,705.23,237.55,74.31,675.13,151.93,636.69,387.77,164.53,111.88,568.13,316.84,1118.55,60.03,169.24,584.4,195.2,216.92,48.83,726.36,666.37,314.53,67.77,223.45,835.34,197.92,159.71,252.36,269.99,357.28,160.79,338.36,293.69,354.0,460.63,136.83,699.13,420.06
2026-06-08,222.66,217.87,225.45,574.51,287.93,584.13,111.14,484.95,82.65,354.9,417.81,196.55,82.59,207.08,367.92,138.89,313.58,605.27,417.48,333.46,597.16,209.91,664.14,348.07,117.71,298.81,147.33,95.65,75.25,624.89,547.27,378.95,398.02,219.25,129.81,394.16,121.93,378.74,151.27,608.48,1021.1,139.67,381.05,198.98,422.56,222.97,115.34,367.5,17.75,345.87,259.02,122.56,184.39,348.62,527.43,83.09,209.97,340.78,410.84,143.3,234.38,1013.03,331.29,315.56,690.38,237.24,73.82,672.76,158.28,631.95,387.52,160.66,112.04,567.71,314.43,1166.73,60.14,176.39,587.45,192.59,217.81,51.1,714.92,657.22,318.84,68.15,231.88,835.5,200.91,156.01,253.77,266.96,357.76,157.59,344.12,290.36,351.45,454.68,137.36,732.51,413.55
2026-06-09,227.36,217.42,218.86,564.01,287.2,569.66,111.37,484.83,85.09,354.27,421.9,191.37,80.0,213.99,378.94,139.53,311.39,604.33,414.73,328.92,612.62,208.21,648.61,348.15,116.96,290.01,148.34,96.49,72.44,637.01,539.46,382.1,400.99,219.33,129.16,393.79,120.45,380.33,152.53,596.73,1017.55,144.69,377.77,201.33,416.11,229.57,116.86,382.04,18.52,350.87,270.41,120.22,185.52,349.53,521.68,82.92,214.91,345.23,416.53,143.85,231.71,1011.84,321.0,319.12,666.64,232.58,73.68,662.86,160.39,623.82,380.75,167.27,113.67,558.78,321.09,1220.04,60.83,178.2,573.35,196.08,221.7,48.32,722.32,668.1,311.35,66.93,234.7,834.16,198.66,152.19,253.4,267.72,360.69,157.61,340.28,288.89,348.53,446.16,140.7,729.33,421.39
2026-06-10,232.27,214.66,219.67,584.99,290.73,582.16,110.29,496.12,80.91,356.88,418.98,188.33,77.14,212.38,378.34,137.27,312.18,600.4,423.84,337.06,618.11,207.71,668.27,339.36,118.68,291.35,148.86,96.22,69.1,635.0,533.68,379.32,409.79,222.09,123.66,383.81,123.41,384.04,147.19,581.25,1010.8,135.62,392.32,196.1,438.68,232.47,115.57,376.26,18.9,362.06,267.6,119.52,185.75,351.41,525.62,82.48,213.77,345.99,423.28,140.4,238.6,996.56,325.74,308.46,658.55,233.4,73.09,660.55,161.73,638.41,362.15,170.86,115.53,543.98,323.68,1201.56,61.02,182.45,604.53,196.6,221.94,51.22,716.66,680.08,308.24,67.67,227.16,830.87,196.21,154.69,257.54,274.19,371.27,158.56,340.16,286.32,351.08,439.8,139.45,741.37,434.1
2026-06-11,233.55,218.49,218.89,587.29,295.84,595.11,110.76,469.63,83.55,363.01,415.79,190.25,78.97,211.72,386.64,135.65,313.7,592.95,410.94,332.78,597.4,211.67,671.96,325.46,115.84,287.34,148.94,96.8,68.52,630.08,535.9,377.47,408.5,221.14,123.93,383.13,121.51,362.41,145.67,571.84,1030.57,132.99,396.3,198.19,430.59,235.31,115.0,382.13,17.91,365.91,274.01,122.23,186.39,354.65,531.78,82.23,213.7,347.32,419.86,134.84,238.07,999.3,324.81,321.74,689.45,231.82,72.08,665.58,157.57,656.69,364.66,170.14,118.4,550.05,324.53,1207.64,61.1,181.99,616.4,202.18,216.53,51.79,690.61,673.65,305.05,68.08,231.23,817.45,197.93,154.19,265.45,270.54,374.6,155.67,343.77,276.92,345.12,461.35,141.05,753.99,432.32
2026-06-12,232.27,223.46,223.65,587.46,301.56,595.33,112.81,453.13,82.65,371.71,416.17,191.81,79.64,217.91,390.94,141.64,310.44,567.11,401.35,344.07,593.9,206.2,650.09,344.12,116.78,281.98,149.96,97.58,67.33,657.81,538.63,379.13,409.08,221.27,122.39,381.45,122.99,354.06,148.17,586.91,987.27,132.26,388.12,194.03,443.73,234.63,115.27,384.52,17.55,367.71,281.61,126.06,189.67,358.52,544.02,79.11,212.17,356.78,420.82,129.44,229.28,1013.79,325.03,314.95,696.26,229.59,70.19,657.58,158.04,671.66,369.0,171.36,116.47,551.45,321.54,1184.96,59.83,179.25,607.77,201.71,223.03,53.61,691.48,661.26,311.61,67.86,225.37,839.3,198.15,153.96,264.53,264.07,370.68,152.79,343.9,278.94,346.68,468.87,144.45,736.36,437.02
2026-06-15,232.59,221.14,227.3,607.15,308.31,610.49,115.29,427.84,85.83,367.18,407.54,191.91,77.41,225.34,400.1,137.38,313.33,563.49,418.05,343.45,594.59,204.77,652.2,336.83,120.91,282.84,151.24,97.18,66.17,634.01,547.74,379.88,409.66,217.73,118.63,378.72,123.25,356.32,144.25,576.52,994.09,135.49,389.97,194.05,447.68,237.61,115.09,382.15,17.46,365.26,281.83,130.67,191.1,355.39,543.33,78.85,206.07,363.72,427.12,126.88,230.9,1008.12,322.36,311.91,680.9,230.1,70.33,649.61,154.66,673.26,357.87,177.43,120.59,538.05,317.9,1172.02,61.16,179.18,618.13,201.51,225.66,54.4,715.56,654.82,289.76,68.58,226.71,847.63,197.79,154.01,264.69,265.23,373.22,150.74,330.8,279.65,353.14,459.88,139.85,738.54,451.65
2026-06-16,233.31,218.44,228.54,608.8,304.03,621.63,118.08,428.88,88.6,369.84,408.82,193.11,77.24,226.02,403.43,134.14,301.5,567.28,411.07,345.22,581.76,206.6,652.22,315.85,122.79,275.11,149.8,97.06,65.29,602.31,538.1,381.75,397.51,215.6,117.9,377.94,125.21,363.61,140.69,574.14,979.57,137.45,403.86,190.78,448.7,234.93,116.65,380.94,17.67,361.84,277.08,129.68,198.45,352.98,550.54,79.97,201.63,362.64,421.67,128.34,238.52,985.56,320.55,322.06,679.2,229.83,68.73,646.42,154.54,680.06,352.02,180.82,120.31,537.35,315.62,1200.8,61.68,175.94,594.37,199.29,228.62,55.43,712.86,654.19,281.01,68.32,234.77,845.83,201.47,155.97,265.45,267.8,374.63,154.62,340.07,280.64,346.1,467.28,135.38,743.85,454.27
2026-06-17,233.65,222.73,229.38,623.76,302.03,625.48,117.86,414.68,89.82,375.76,412.71,191.95,77.74,228.62,401.96,139.82,305.99,572.66,431.59,353.16,579.11,199.0,644.06,325.51,122.25,279.95,149.82,97.33,65.95,626.0,548.74,383.89,402.1,216.61,121.05,378.46,123.96,364.66,141.29,575.15,972.52,133.63,411.53,192.47,436.4,227.31,117.02,382.24,16.74,366.32,280.53,132.49,200.25,349.64,558.42,81.22,209.12,357.14,424.01,131.7,237.4,988.61,322.86,315.61,705.48,232.81,70.0,669.58,154.77,682.52,335.5,188.67,122.15,543.59,318.55,1182.9,60.66,174.2,608.38,197.45,228.72,58.31,693.73,649.84,306.3,69.67,236.51,840.06,201.59,151.64,268.8,270.44,377.53,157.52,334.4,277.61,348.29,465.14,135.17,746.57,460.27
2026-06-18,234.22,216.4,227.53,638.68,295.19,633.55,118.37,432.31,86.25,375.28,412.67,189.47,78.41,233.05,400.68,137.97,303.19,565.89,426.13,353.12,581.95,202.48,639.23,328.31,121.93,271.74,149.59,96.8,66.0,643.03,561.1,381.8,400.77,216.84,120.69,390.19,123.48,371.93,141.24,567.88,978.13,135.29,417.76,195.32,422.07,223.02,113.96,382.55,16.65,370.01,278.86,130.31,199.78,354.77,544.46,80.0,210.43,356.36,425.13,134.09,235.26,923.07,325.97,318.8,702.6,235.16,68.72,661.83,156.45,699.06,331.59,190.94,118.13,544.11,326.28,1181.78,60.11,170.01,614.82,193.1,232.26,57.38,712.15,659.43,309.2,70.44,240.51,828.57,201.65,151.31,270.33,269.25,382.36,156.25,330.14,273.17,346.49,480.3,132.41,729.15,448.0
2026-06-19,232.24,223.77,229.4,631.39,284.21,648.31,116.78,451.54,84.68,371.68,418.0,193.28,78.38,228.16,392.94,138.13,302.1,566.33,414.41,350.11,559.89,202.38,643.35,316.9,122.44,285.44,150.07,96.29,67.3,661.88,541.97,382.58,401.12,216.87,116.47,382.58,123.7,378.52,140.78,574.2,986.3,138.91,411.02,194.8,425.36,222.55,111.65,382.04,17.0,376.36,281.46,130.76,193.09,355.23,547.59,79.44,208.74,365.5,419.92,130.4,232.5,953.0,329.11,313.29,717.66,232.91,69.51,658.95,156.41,690.39,327.73,195.47,120.06,553.54,335.84,1204.18,61.69,170.79,614.9,187.2,227.71,57.6,721.32,672.5,297.49,69.3,240.35,841.39,202.68,149.2,276.45,270.65,384.88,156.8,330.54,276.43,344.41,499.12,136.35,743.82,427.51
